t,separation
0.0,9.999999717180685e-10
0.01265182796,1.0001629543509985e-09
0.02530365592,1.0006472600460715e-09
0.03795548388,1.0014455048711538e-09
0.05060731184,1.0025509928260492e-09
0.0632591398,1.0039563738561337e-09
0.07591096776,1.0056546352954499e-09
0.08856279572,1.0076389849261334e-09
0.10121462368,1.0099022920866308e-09
0.11386645164,1.01243752778611e-09
0.1265182796,1.0152387625614015e-09
0.13917010756,1.0182987233583832e-09
0.15182193552,1.0216114554532992e-09
0.16447376348,1.0251705493568905e-09
0.17712559144,1.0289702484102295e-09
0.1897774194,1.0330041201029451e-09
0.20242924736,1.0372674964517334e-09
0.21508107532,1.0417550351617103e-09
0.22773290328,1.0464613865003774e-09
0.24038473124,1.0513814147010025e-09
0.2530365592,1.0565106460788544e-09
0.26568838716,1.0618448229002368e-09
0.27834021512,1.0673796854862395e-09
0.29099204308000004,1.073110971284991e-09
0.30364387104,1.0790355264242113e-09
0.316295699,1.085149974898722e-09
0.32894752696,1.091450939352903e-09
0.34159935492000004,1.0979357111493455e-09
0.35425118288,1.1046018031911702e-09
0.36690301084,1.1114467319841737e-09
0.3795548388,1.1184680153203703e-09
0.39220666676000004,1.1256640614990317e-09
0.40485849472,1.1330332807445081e-09
0.41751032268,1.1405740875962211e-09
0.43016215064,1.1482862306246332e-09
0.44281397860000005,1.1561679080772178e-09
0.45546580656,1.1642184311179294e-09
0.46811763452,1.172438223584922e-09
0.48076946248,1.1808268246320107e-09
0.49342129044000005,1.1893846641229175e-09
0.5060731184,1.1981123968848807e-09
0.51872494636,1.2070109019096813e-09
0.53137677432,1.216080838831185e-09
0.54402860228,1.2253237572295958e-09
0.55668043024,1.2347418744871563e-09
0.5693322582,1.244337187670601e-09
0.5819840861600001,1.2541119166380545e-09
0.59463591412,1.2640689482254162e-09
0.60728774208,1.2742111703711222e-09
0.61993957004,1.284542357625627e-09
0.632591398,1.2950660631792596e-09
0.64524322596,1.3057871697069627e-09
0.65789505392,1.3167098940516905e-09
0.67054688188,1.3278397813787857e-09
0.6831987098400001,1.3391821519328146e-09
0.6958505378000001,1.3507429871709163e-09
0.70850236576,1.3625295983350088e-09
0.72115419372,1.374548177925659e-09
0.73380602168,1.386806467427792e-09
0.7464578496400001,1.3993135308534471e-09
0.7591096776,1.412077091281885e-09
0.77176150556,1.4251068606057435e-09
0.7844133335200001,1.4384134261849408e-09
0.7970651614800001,1.452006473504353e-09
0.80971698944,1.4658978936064384e-09
0.8223688174,1.4800995584600434e-09
0.83502064536,1.4946244330331181e-09
0.8476724733200001,1.5094854633599987e-09
0.86032430128,1.5246966822756721e-09
0.87297612924,1.5402732149182806e-09
0.8856279572000001,1.5562312664467348e-09
0.8982797851600001,1.5725870179574915e-09
0.91093161312,1.5893572921215397e-09
0.92358344108,1.606559996825954e-09
0.93623526904,1.6242152356676305e-09
0.9488870970000001,1.6423417557171577e-09
0.96153892496,1.66096006901279e-09
0.97419075292,1.6800917755454804e-09
0.9868425808800001,1.699758254869295e-09
0.9994944088400001,1.7199821063649707e-09
1.0121462368,1.7407872807213758e-09
1.0247980647600001,1.762197320003783e-09
1.03744989272,1.7842365971329095e-09
1.05010172068,1.8069303482452925e-09
1.06275354864,1.8303039188772356e-09
1.0754053766,1.8543830393397313e-09
1.08805720456,1.8791931929864603e-09
1.10070903252,1.9047601308339973e-09
1.11336086048,1.9311101573420895e-09
1.1260126884400001,1.9582685444376335e-09
1.1386645164,1.9862595202161626e-09
1.15131634436,2.015108480075274e-09
1.1639681723200002,2.0448384580869516e-09
1.17662000028,2.075471703504023e-09
1.18927182824,2.107028960156564e-09
1.2019236562,2.139529642578695e-09
1.21457548416,2.17299047934784e-09
1.2272273121200001,2.2074266200777313e-09
1.23987914008,2.2428504278526156e-09
1.25253096804,2.2792709514764206e-09
1.265182796,2.3166940851410195e-09
1.27783462396,2.3551220628712747e-09
1.29048645192,2.394553305152882e-09
1.30313827988,2.4349814675256827e-09
1.31579010784,2.476395838161033e-09
1.3284419358000001,2.5187806036475923e-09
1.34109376376,2.56211397706025e-09
1.35374559172,2.6063695852754256e-09
1.3663974196800002,2.6515148933225655e-09
1.37904924764,2.6975117108182513e-09
1.3917010756000001,2.7443158743306626e-09
1.40435290356,2.791877104242397e-09
1.41700473152,2.840139235558854e-09
1.4296565594800001,2.8890403084378133e-09
1.44230838744,2.938512889458779e-09
1.4549602154,2.9884846869917286e-09
1.46761204336,3.0388788485893107e-09
1.48026387132,3.0896134140821067e-09
1.4929156992800001,3.140603727987563e-09
1.50556752724,3.191761981749884e-09
1.5182193552,3.2429984045642407e-09
1.5308711831600001,3.294221501184757e-09
1.54352301112,3.3453400825169343e-09
1.55617483908,3.396262985912255e-09
1.5688266670400002,3.4469005835769542e-09
1.581478495,3.4971653067188783e-09
1.5941303229600001,3.5469729491860633e-09
1.60678215092,3.5962431248837676e-09
1.61943397888,3.6448998828925674e-09
1.6320858068400002,3.6928731782695195e-09
1.6447376348,3.740098360802634e-09
1.65738946276,3.7865173304226725e-09
1.67004129072,3.832078850736555e-09
1.68269311868,3.876738312135576e-09
1.6953449466400001,3.920458105716718e-09
1.7079967746,3.9632076730591895e-09
1.72064860256,4.0049635174024566e-09
1.7333004305200002,4.045708692044142e-09
1.74595225848,4.085432806082997e-09
1.75860408644,4.124131200381234e-09
1.7712559144000002,4.161804953838018e-09
1.78390774236,4.1984603605920206e-09
1.7965595703200001,4.234108081578749e-09
1.80921139828,4.268762947633438e-09
1.82186322624,4.3024430783264676e-09
1.8345150542000002,4.335169860633036e-09
1.84716688216,4.366966483666537e-09
1.85981871012,4.39785824022677e-09
1.87247053808,4.427871475503155e-09
1.88512236604,4.45703329936238e-09
1.8977741940000001,4.485370954676879e-09
1.91042602196,4.512911525187067e-09
1.92307784992,4.539681230318391e-09
1.9357296778800002,4.5657053765922624e-09
1.94838150584,4.591007781585899e-09
1.9610333338000001,4.6156103192157585e-09
1.9736851617600002,4.639532803997437e-09
1.98633698972,4.662792705183743e-09
1.9989888176800001,4.68540484447279e-09
2.01164064564,4.707381047055307e-09
2.0242924736,4.7287301727301404e-09
2.03694430156,4.749457711872338e-09
2.0495961295200003,4.7695657303447e-09
2.06224795748,4.789052664198168e-09
2.07489978544,4.807913184387534e-09
2.0875516134,4.8261381304776e-09
2.10020344136,4.843714351097777e-09
2.1128552693200002,4.860624616377776e-09
2.12550709728,4.876847553554947e-09
2.13815892524,4.8923575507471764e-09
2.1508107532,4.90712471658083e-09
2.16346258116,4.921114852783224e-09
2.17611440912,4.934289418181119e-09
2.1887662370800003,4.946605469207679e-09
2.20141806504,4.95801580692898e-09
2.214069893,4.968468857315724e-09
2.22672172096,4.977908757242887e-09
2.23937354892,4.986275570453061e-09
2.2520253768800003,4.9935052561668236e-09
2.26467720484,4.999529893960229e-09
2.2773290328,5.00427776247864e-09
2.28998086076,5.007673819016899e-09
2.30263268872,5.009639832169744e-09
2.3152845166800002,5.010094516554554e-09
2.3279363446400003,5.008954242425962e-09
2.3405881726,5.0061334009316905e-09
2.35324000056,5.0015448648751794e-09
2.36589182852,4.995100626308694e-09
2.37854365648,4.98671231815903e-09
2.3911954844400003,4.976292155128901e-09
2.4038473124,4.963753347608197e-09
2.41649914036,4.949011483584957e-09
2.42915096832,4.931984929433722e-09
2.44180279628,4.912596011242076e-09
2.4544546242400003,4.890771931637086e-09
2.4671064522,4.8664458702534695e-09
2.47975828016,4.839558106509766e-09
2.49241010812,4.810056417772903e-09
2.50506193608,4.777897963735177e-09
2.5177137640400002,4.7430496658066696e-09
2.530365592,4.705489157905002e-09
2.54301741996,4.6652057656903475e-09
2.55566924792,4.682819846233021e-09
2.56832107588,4.750619144673308e-09
2.58097290384,4.816965076866794e-09
2.5936247318000003,4.8817286867227385e-09
2.60627655976,4.944789115450777e-09
2.61892838772,5.0060340428459825e-09
2.63158021568,5.065361392656193e-09
2.64423204364,5.122679716772569e-09
2.6568838716000003,5.1779099333828145e-09
2.66953569956,5.230985317279361e-09
2.68218752752,5.281852485679156e-09
2.69483935548,5.330471899379374e-09
2.70749118344,5.3768176168613246e-09
2.7201430114000003,5.420877606736528e-09
2.7327948393600003,5.4626531171097505e-09
2.74544666732,5.502159177470199e-09
2.75809849528,5.539423207931208e-09
2.77075032324,5.574484680528706e-09
2.7834021512000002,5.607394334509947e-09
2.7960539791600003,5.638213678691922e-09
2.80870580712,5.667013621676236e-09
2.82135763508,5.693873590253737e-09
2.83400946304,5.7188805836186175e-09
2.846661291,5.742128134547022e-09
2.8593131189600003,5.763715223830991e-09
2.87196494692,5.7837459544419235e-09
2.88461677488,5.802327636601965e-09
2.89726860284,5.8195704943189415e-09
2.9099204308,5.835587039217459e-09
2.9225722587600003,5.8504908914167624e-09
2.93522408672,5.864396391177394e-09
2.94787591468,5.877417708926279e-09
2.96052774264,5.88966882350268e-09
2.9731795706,5.901262532585816e-09
2.9858313985600002,5.912310282560735e-09
2.9984832265200003,5.922921803303579e-09
3.01113505448,5.9332049462311816e-09
3.02378688244,5.943265048552445e-09
3.0364387104,5.953205345558628e-09
3.04909053836,5.963126159653885e-09
3.0617423663200003,5.973125234464359e-09
3.07439419428,5.983297420161778e-09
3.08704602224,5.9937346346619766e-09
3.0996978502,6.0045258919341164e-09
3.11234967816,6.015757070779739e-09
3.1250015061200003,6.027510964354085e-09
3.1376533340800004,6.039867232623284e-09
3.15030516204,6.052902343950629e-09
3.16295699,6.066689532116266e-09
3.17560881796,6.08129870443111e-09
3.1882606459200002,6.096796385302684e-09
3.2009124738800003,6.113245625390518e-09
3.21356430184,6.13070589878423e-09
3.2262161298,6.149232982325514e-09
3.23886795776,6.168878754711893e-09
3.25151978572,6.21305576173827e-09
3.2641716136800003,6.279748361314432e-09
3.27682344164,6.347651333709231e-09
3.2894752696,6.416751996688526e-09
3.30212709756,6.4870339648854035e-09
3.31477892552,6.558475545749669e-09
3.3274307534800003,6.63105037831182e-09
3.34008258144,6.704726879517826e-09
3.3527344094,6.7794679507150655e-09
3.36538623736,6.855230200762536e-09
3.37803806532,6.931964338294997e-09
3.3906898932800003,7.009614140284705e-09
3.4033417212400003,7.088117166987226e-09
3.4159935492,7.167403981336373e-09
3.42864537716,7.247397840266153e-09
3.44129720512,7.328014762640617e-09
3.4539490330800002,7.409164353525059e-09
3.4666008610400003,7.49074852601429e-09
3.479252689,7.572663072158051e-09
3.49190451696,7.654796782207636e-09
3.50455634492,7.73703225674955e-09
3.51720817288,7.819247191865163e-09
3.5298600008400003,7.901313958336234e-09
3.5425118288000004,7.983100890348419e-09
3.55516365676,8.064473334815824e-09
3.56781548472,8.145294306163456e-09
3.58046731268,8.225425588040617e-09
3.5931191406400003,8.304729382368874e-09
3.6057709686000003,8.383069124757872e-09
3.61842279656,8.460311196560415e-09
3.63107462452,8.53632624048311e-09
3.64372645248,8.610989746258188e-09
3.6563782804400002,8.684184340845614e-09
3.6690301084000003,8.755799908577363e-09
3.68168193636,8.825736010843533e-09
3.69433376432,8.893901995180676e-09
3.70698559228,8.960218047678036e-09
3.71963742024,9.024616291027514e-09
3.7322892482000003,9.087040237013186e-09
3.74494107616,9.147446526181419e-09
3.75759290412,9.205803404395367e-09
3.77024473208,9.262092077661394e-09
3.78289656004,9.316305308811133e-09
3.7955483880000003,9.36844769433903e-09
3.8082002159600004,9.418534493500511e-09
3.82085204392,9.466591049855362e-09
3.83350387188,9.512651842400135e-09
3.84615569984,9.556759587518197e-09
3.8588075278000002,9.598964001634443e-09
3.8714593557600003,9.639320343660008e-09
3.88411118372,9.677888797619712e-09
3.89676301168,9.714733121241013e-09
3.90941483964,9.749919209652114e-09
3.9220666676000002,9.783514217663809e-09
3.9347184955600003,9.815585500713172e-09
3.9473703235200004,9.846199634025544e-09
3.96002215148,9.875421077053468e-09
3.97267397944,9.903311713825996e-09
3.9853258074,9.929929945446629e-09
3.9979776353600003,9.955329815075805e-09
4.01062946332,9.979560515231303e-09
4.02328129128,1.000266581970574e-08
4.03593311924,1.0024683404500262e-08
4.0485849472,1.0045644667489005e-08
4.06123677516,1.0065574153005946e-08
4.07388860312,1.0084489426583366e-08
4.08654043108,1.010240070371132e-08
4.0991922590400005,1.0119310691948733e-08
4.111844087000001,1.0135214375157152e-08
4.12449591496,1.0150098977816164e-08
4.13714774292,1.0163943872124465e-08
4.14979957088,1.0176720437279473e-08
4.16245139884,1.0188392125185822e-08
4.1751032268,1.0198914445115061e-08
4.18775505476,1.0208235025883742e-08
4.20040688272,1.021629356046346e-08
4.21305871068,1.0223022011159186e-08
4.2257105386400005,1.022834464247212e-08
4.2383623666000005,1.0232178172568422e-08
4.25101419456,1.0234431937524894e-08
4.26366602252,1.0235008062812507e-08
4.27631785048,1.0233801703919463e-08
4.28896967844,1.0230701335023227e-08
4.3016215064,1.0225588996699165e-08
4.31427333436,1.0218340746016701e-08
4.32692516232,1.0208827041999459e-08
4.33957699028,1.019691310226445e-08
4.35222881824,1.01824596456678e-08
4.3648806462000005,1.0165323402699331e-08
4.377532474160001,1.0145357849785702e-08
4.39018430212,1.0122414105322258e-08
4.40283613008,1.0096341517750091e-08
4.41548795804,1.0066989155180605e-08
4.428139786,1.0034206546354163e-08
4.44079161396,9.997845030319863e-09
4.45344344192,9.957759130854467e-09
4.46609526988,9.913807977339308e-09
4.47874709784,9.865856874198186e-09
4.4913989258,9.813778884346057e-09
4.5040507537600005,9.757456886052687e-09
4.516702581720001,9.696785255383474e-09
4.52935440968,9.631671688320009e-09
4.54200623764,9.562039188619572e-09
4.5546580656,9.48782835824432e-09
4.56730989356,9.408998989049005e-09
4.57996172152,9.325532181356084e-09
4.59261354948,9.237431947750064e-09
4.60526537744,9.144727225816826e-09
4.6179172054,9.047473375536954e-09
4.6305690333600005,8.9457530726705e-09
4.643220861320001,8.8396777050597e-09
4.655872689280001,8.780876926861631e-09
4.66852451724,8.792705765406304e-09
4.6811763452,8.804877287156753e-09
4.69382817316,8.817397267128238e-09
4.70648000112,8.830271436168405e-09
4.71913182908,8.84350541077361e-09
4.73178365704,8.857104730142982e-09
4.744435485,8.871075051443836e-09
4.75708731296,8.885421770547444e-09
4.7697391409200005,8.900150414712431e-09
4.782390968880001,8.915266513655617e-09
4.79504279684,8.93077542715372e-09
4.8076946248,8.946682875223867e-09
4.82034645276,8.962994210641092e-09
4.83299828072,8.979714989406819e-09
4.84565010868,8.996850726528347e-09
4.85830193664,9.014406900855597e-09
4.8709537646,9.03238896295635e-09
4.88360559256,9.050802487100636e-09
4.8962574205200005,9.069652781413195e-09
4.9089092484800005,9.088945506580495e-09
4.921561076440001,9.108686113223e-09
4.9342129044,9.128879801882777e-09
4.94686473236,9.149531933083496e-09
4.95951656032,9.170647480756229e-09
4.97216838828,9.19223171073559e-09
4.98482021624,9.214289355258097e-09
4.9974720442,9.236825178059088e-09
5.01012387216,9.259843781908046e-09
5.02277570012,9.283349356206549e-09
5.0354275280800005,9.307345923306381e-09
5.048079356040001,9.331837105925817e-09
5.060731184,9.35682623288115e-09
5.07338301196,9.382316232410797e-09
5.08603483992,9.408309251635714e-09
5.09868666788,9.434807173390617e-09
5.11133849584,9.46181104377706e-09
5.1239903238,9.489321695107011e-09
5.13664215176,9.51733857550003e-09
5.14929397972,9.545861127270527e-09
5.16194580768,9.57488693773118e-09
5.1745976356400005,9.604412665735807e-09
5.187249463600001,9.63443450540119e-09
5.19990129156,9.664947041989647e-09
5.21255311952,9.69594352879959e-09
5.22520494748,9.727415638334182e-09
5.23785677544,9.759353527186512e-09
5.2505086034,9.791745244372426e-09
5.26316043136,9.824577458313965e-09
5.27581225932,9.857834629587076e-09
5.28846408728,9.891498766002342e-09
5.3011159152400005,9.925549525426888e-09
5.313767743200001,9.959964366813964e-09
5.326419571160001,9.994717894518639e-09
5.33907139912,1.0029781466339729e-08
5.35172322708,1.0065123691000795e-08
5.36437505504,1.0100709712645513e-08
5.377026883,1.0136501462324223e-08
5.38967871096,1.0172457294603684e-08
5.40233053892,1.0208531502641863e-08
5.41498236688,1.0244675047166524e-08
5.42763419484,1.0280834493037604e-08
5.4402860228000005,1.0316952101774445e-08
5.452937850760001,1.035296698731933e-08
5.465589678720001,1.038881310010578e-08
5.47824150668,1.0424420635999059e-08
5.49089333464,1.0459716199348545e-08
5.5035451626,1.049462198921012e-08
5.51619699056,1.0529056590832004e-08
5.52884881852,1.0562934790798035e-08
5.54150064648,1.0596169128625264e-08
5.55415247444,1.0628668817388106e-08
5.5668043024000005,1.066034155560691e-08
5.5794561303600005,1.0691093295241105e-08
5.592107958320001,1.072082914593541e-08
5.60475978628,1.0749454542139525e-08
5.61741161424,1.0776876064880551e-08
5.6300634422,1.0803001597280913e-08
5.64271527016,1.0827743101496845e-08
5.65536709812,1.0851015913927094e-08
5.66801892608,1.0872741434798126e-08
5.68067075404,1.0892847367128658e-08
5.693322582,1.091126925385457e-08
5.7059744099600005,1.0927952202277217e-08
5.718626237920001,1.094285095272225e-08
5.731278065880001,1.0955931816717021e-08
5.74392989384,1.0967172890268998e-08
5.7565817218,1.0976566662932396e-08
5.76923354976,1.0984117423424731e-08
5.78188537772,1.0989845367553827e-08
5.79453720568,1.099378412732096e-08
5.80718903364,1.0995982330523743e-08
5.8198408616,1.0996502676397974e-08
5.83249268956,1.0995421856667489e-08
5.8451445175200005,1.09928296920267e-08
5.857796345480001,1.0988828580666231e-08
5.87044817344,1.0983532291555794e-08
5.8831000014,1.0977064646560013e-08
5.89575182936,1.0969558362291415e-08
5.90840365732,1.0961153289456752e-08
5.92105548528,1.0951995294788022e-08
5.93370731324,1.0942234048626547e-08
5.9463591412,1.09320219042185e-08
5.95901096916,1.0921512303554605e-08
5.9716627971200005,1.0917598005760851e-08
5.984314625080001,1.098309891243085e-08
5.996966453040001,1.1046125417029368e-08
6.009618281,1.110669605119207e-08
6.02227010896,1.1164840224697595e-08
6.03492193692,1.1220596430862858e-08
6.04757376488,1.1274011812887501e-08
6.06022559284,1.1325140822436325e-08
6.0728774208,1.1374044340223961e-08
6.08552924876,1.1420788713705879e-08
6.09818107672,1.146544445505914e-08
6.1108329046800005,1.1508085872858654e-08
6.123484732640001,1.1548789661310096e-08
6.136136560600001,1.1587635060272407e-08
6.14878838856,1.1624702168618992e-08
6.16144021652,1.1660072162756927e-08
6.17409204448,1.1693826584313724e-08
6.18674387244,1.1726046350290459e-08
6.1993957004,1.1756811762523338e-08
6.21204752836,1.1786202289874918e-08
6.22469935632,1.1814296182940756e-08
6.2373511842800005,1.1841170038632878e-08
6.2500030122400005,1.1866898744151927e-08
6.262654840200001,1.1891554993148713e-08
6.275306668160001,1.1915209890306363e-08
6.28795849612,1.1937932293789765e-08
6.30061032408,1.1959788655536018e-08
6.31326215204,1.1980843538417194e-08
6.32591398,1.2001158926940623e-08
6.33856580796,1.2020794823537007e-08
6.35121763592,1.2039808775479142e-08
6.36386946388,1.2058256231546192e-08
6.3765212918400005,1.2076190543425347e-08
6.389173119800001,1.2093662806253958e-08
6.401824947760001,1.2110722125247368e-08
6.41447677572,1.2127415511740548e-08
6.42712860368,1.2143788297893363e-08
6.43978043164,1.2159883621374217e-08
6.4524322596,1.2175743301774296e-08
6.46508408756,1.219140679824609e-08
6.47773591552,1.2206912348866054e-08
6.49038774348,1.2222296620598019e-08
6.50303957144,1.2237594744027773e-08
6.5156913994000005,1.225284053892677e-08
6.528343227360001,1.2268066353855297e-08
6.540995055320001,1.2283303486651292e-08
6.55364688328,1.2298581750144361e-08
6.56629871124,1.2313930144718077e-08
6.5789505392,1.2329376738842119e-08
6.59160236716,1.2344948335471171e-08
6.60425419512,1.23606710365764e-08
6.61690602308,1.2376570117269368e-08
6.62955785104,1.2392670046930057e-08
6.6422096790000005,1.2408994731568108e-08
6.654861506960001,1.24255673905432e-08
6.667513334920001,1.244241067955406e-08
6.68016516288,1.245954677649996e-08
6.69281699084,1.2476997366701623e-08
6.7054688188,1.2494783777746268e-08
6.71812064676,1.2512927013327611e-08
6.73077247472,1.2531447759370639e-08
6.74342430268,1.2550366454316908e-08
6.75607613064,1.2569703379208497e-08
6.7687279586,1.2589478499870698e-08
6.7813797865600005,1.2609711878895831e-08
6.794031614520001,1.2630423345739252e-08
6.806683442480001,1.2651632632189322e-08
6.81933527044,1.2673359558670074e-08
6.8319870984,1.2695623810218502e-08
6.84463892636,1.2718445247389488e-08
6.85729075432,1.2741843626279206e-08
6.86994258228,1.2765838825740074e-08
6.88259441024,1.279045105234417e-08
6.8952462382,1.2815700040569729e-08
6.9078980661600005,1.2841606003205831e-08
6.9205498941200005,1.2868189155637621e-08
6.933201722080001,1.2895469658379807e-08
6.945853550040001,1.2923468062529171e-08
6.958505378,1.2952204940057202e-08
6.97115720596,1.2981700673789114e-08
6.98380903392,1.301197598266889e-08
6.99646086188,1.3043051746795673e-08
7.00911268984,1.3074948369854084e-08
7.0217645178,1.3107686834360317e-08
7.03441634576,1.3141287763514722e-08
7.0470681737200005,1.317577185696461e-08
7.059720001680001,1.322689942524606e-08
7.072371829640001,1.3303790489113708e-08
7.085023657600001,1.3375336745110424e-08
7.09767548556,1.3441738847366633e-08
7.11032731352,1.3503212412120107e-08
7.12297914148,1.3559985570906743e-08
7.13563096944,1.3612297023870575e-08
7.1482827974,1.3660393327128744e-08
7.16093462536,1.3704527160690138e-08
7.1735864533200004,1.3744955498703915e-08
7.1862382812800005,1.378193761800534e-08
7.198890109240001,1.3815734175683756e-08
7.211541937200001,1.3846605189484367e-08
7.22419376516,1.3874809389003417e-08
7.23684559312,1.390060255311803e-08
7.24949742108,1.3924236956409675e-08
7.26214924904,1.3945960500716827e-08
7.274801077,1.3969638027664567e-08
7.28745290496,1.4024410992526263e-08
7.30010473292,1.4080384420718324e-08
7.3127565608800005,1.4137562034801219e-08
7.325408388840001,1.4195945518861936e-08
7.338060216800001,1.4255533823867965e-08
7.350712044760001,1.4316323425798282e-08
7.36336387272,1.4378308220610846e-08
7.37601570068,1.444147855114042e-08
7.38866752864,1.4505821207241594e-08
7.4013193566,1.4571319786513374e-08
7.41397118456,1.4637953906510391e-08
7.42662301252,1.4705698652075615e-08
7.43927484048,1.4774524498069169e-08
7.4519266684400005,1.4844397620968125e-08
7.464578496400001,1.4915278201548857e-08
7.477230324360001,1.498712153505314e-08
7.48988215232,1.5059876631951447e-08
7.50253398028,1.513348648442353e-08
7.51518580824,1.5207887889842684e-08
7.5278376362,1.528301056994156e-08
7.54048946416,1.5358777068223042e-08
7.55314129212,1.543510324372463e-08
7.56579312008,1.551189688070327e-08
7.5784449480400005,1.558905877347099e-08
7.5910967760000005,1.56664813893644e-08
7.603748603960001,1.5744050481952067e-08
7.616400431920001,1.5821642638555728e-08
7.62905225988,1.589912879136729e-08
7.64170408784,1.5976371642197047e-08
7.6543559158,1.6053227742232642e-08
7.66700774376,1.61295471819237e-08
7.67965957172,1.6205174440461935e-08
7.69231139968,1.6279949456478696e-08
7.70496322764,1.635370844135823e-08
7.7176150556000005,1.6426285159579154e-08
7.730266883560001,1.6497512307703455e-08
7.742918711520001,1.6567222322327595e-08
7.755570539480001,1.6635249881904804e-08
7.76822236744,1.6701432524985337e-08
7.7808741954,1.67656133761515e-08
7.79352602336,1.6827642790746257e-08
7.80617785132,1.688737975994243e-08
7.81882967928,1.6944694301768824e-08
7.83148150724,1.699946916920056e-08
7.8441333352000004,1.7051600676154037e-08
7.8567851631600005,1.7101002371104506e-08
7.869436991120001,1.7147604517312788e-08
7.882088819080001,1.719135607801463e-08
7.894740647040001,1.7232225655347225e-08
7.907392475,1.7270201699009347e-08
7.92004430296,1.730529389828074e-08
7.93269613092,1.7337532009227712e-08
7.94534795888,1.7366966214072114e-08
7.95799978684,1.7393666122483402e-08
7.9706516148,1.7417720219672255e-08
7.9833034427600005,1.7439234212338296e-08
7.995955270720001,1.7458330078654837e-08
8.00860709868,1.7475143603157877e-08
8.02125892664,1.7489823039028002e-08
8.0339107546,1.7502526585725446e-08
8.04656258256,1.7513420872016235e-08
8.059214410520001,1.7522678156387727e-08
8.07186623848,1.753047444928667e-08
8.084518066440001,1.7536987463337027e-08
8.0971698944,1.754239426601007e-08
8.10982172236,1.7546869206344442e-08
8.12247355032,1.75505824476638e-08
8.13512537828,1.755369770610314e-08
8.14777720624,1.755637124957715e-08
8.1604290342,1.755875005718468e-08
8.17308086216,1.7560970944496487e-08
8.18573269012,1.7563159253548557e-08
8.198384518080001,1.7565427967002005e-08
8.21103634604,1.756787693454048e-08
8.223688174000001,1.757059226987494e-08
8.23634000196,1.757364602883904e-08
8.24899182992,1.7577095464244163e-08
8.26164365788,1.758098327007961e-08
8.27429548584,1.7585336989426008e-08
8.2869473138,1.7590169072095992e-08
8.29959914176,1.7595476889254948e-08
8.31225096972,1.7601242676471615e-08
8.32490279768,1.7607433668593244e-08
8.337554625640001,1.7614002052607954e-08
8.3502064536,1.7620885308058844e-08
8.362858281560001,1.762800613523534e-08
8.37551010952,1.7635272800558853e-08
8.38816193748,1.7642579112246622e-08
8.40081376544,1.764980472952509e-08
8.4134655934,1.76568152736786e-08
8.42611742136,1.7663462510297374e-08
8.43876924932,1.766958451749758e-08
8.451421077280001,1.7675005887425883e-08
8.46407290524,1.767953791369145e-08
8.476724733200001,1.7682978819796943e-08
8.48937656116,1.768511400011685e-08
8.50202838912,1.768571623970978e-08
8.51468021708,1.7684546092752963e-08
8.52733204504,1.7681352230954443e-08
8.539983873,1.767587184572533e-08
8.55263570096,1.7667831105133186e-08
8.56528752892,1.7656945822279865e-08
8.57793935688,1.7642922190934117e-08
8.590591184840001,1.7625457367613263e-08
8.6032430128,1.760424061219775e-08
8.615894840760001,1.7578954433502847e-08
8.62854666872,1.7549275536308018e-08
8.64119849668,1.751487653907039e-08
8.65385032464,1.7475427558036883e-08
8.6665021526,1.743059794517845e-08
8.67915398056,1.738005845345606e-08
8.69180580852,1.7323483228763116e-08
8.70445763648,1.7260552523519626e-08
8.71710946444,1.719095532999164e-08
8.729761292400001,1.711439222091491e-08
8.74241312036,1.7030578729368877e-08
8.755064948320001,1.693924765004679e-08
8.76771677628,1.6840153633732975e-08
8.78036860424,1.6733075697575875e-08
8.7930204322,1.6617820930452927e-08
8.80567226016,1.6494228262263756e-08
8.81832408812,1.6362171198899896e-08
8.83097591608,1.6221561514830537e-08
8.84362774404,1.6072352116392918e-08
8.856279572,1.5914539558625375e-08
8.868931399960001,1.574816601583853e-08
8.88158322792,1.5573321939561625e-08
8.894235055880001,1.5390146143880945e-08
8.90688688384,1.5378593612431546e-08
8.9195387118,1.5388794833059303e-08
8.93219053976,1.5399872187117533e-08
8.94484236772,1.541183217875594e-08
8.95749419568,1.5424681479356358e-08
8.97014602364,1.5438427021895503e-08
8.9827978516,1.545307598152043e-08
8.99544967956,1.546863584985017e-08
9.008101507520001,1.5485114317417804e-08
9.02075333548,1.5502519338875706e-08
9.033405163440001,1.5520859162697965e-08
9.0460569914,1.5540142194202934e-08
9.05870881936,1.556037719583662e-08
9.07136064732,1.5581573048866743e-08
9.08401247528,1.5603738855057934e-08
9.09666430324,1.56268841113334e-08
9.1093161312,1.5651018206427638e-08
9.121967959160001,1.567615078276815e-08
9.13461978712,1.57022915699198e-08
9.147271615080001,1.5729450311982205e-08
9.15992344304,1.575763684193166e-08
9.172575271000001,1.578686097245169e-08
9.18522709896,1.5817132404446567e-08
9.19787892692,1.584846088809027e-08
9.21053075488,1.588085588251925e-08
9.22318258284,1.5914326465386438e-08
9.2358344108,1.5948881499534158e-08
9.24848623876,1.59845298382763e-08
9.261138066720001,1.6021279390302467e-08
9.27378989468,1.6059137980846007e-08
9.286441722640001,1.6098112100913727e-08
9.2990935506,1.6138208270732997e-08
9.311745378560001,1.6179431730718106e-08
9.32439720652,1.6221787087569654e-08
9.33704903448,1.6265277686692842e-08
9.34970086244,1.630990572453389e-08
9.3623526904,1.6355672193607345e-08
9.37500451836,1.6402576693225507e-08
9.38765634632,1.6450616575256745e-08
9.400308174280001,1.6499787947079437e-08
9.41296000224,1.65500851183007e-08
9.425611830200001,1.660149956963053e-08
9.43826365816,1.6654021148289977e-08
9.45091548612,1.670763636946285e-08
9.46356731408,1.6762329135466155e-08
9.47621914204,1.6818080656299158e-08
9.48887097,1.6874868389391473e-08
9.50152279796,1.6932666528164194e-08
9.51417462592,1.699144520042513e-08
9.52682645388,1.7051170438822127e-08
9.539478281840001,1.711180383850088e-08
9.5521301098,1.7173302356782898e-08
9.564781937760001,1.7235617711377504e-08
9.57743376572,1.729869658557188e-08
9.59008559368,1.736247974942632e-08
9.60273742164,1.7426902282593302e-08
9.6153892496,1.7491893136707896e-08
9.62804107756,1.7557374590091852e-08
9.64069290552,1.7623262420797543e-08
9.65334473348,1.7689465366634148e-08
9.66599656144,1.7755885777615103e-08
9.678648389400001,1.7822418603695532e-08
9.69130021736,1.7888951457479e-08
9.703952045320001,1.7955365202258443e-08
9.71660387328,1.8021533751782263e-08
9.72925570124,1.8087324261948267e-08
9.7419075292,1.8152597924036052e-08
9.75455935716,1.821720969993269e-08
9.76721118512,1.8281009589334303e-08
9.77986301308,1.8343842982722683e-08
9.792514841040001,1.8405551972004025e-08
9.805166669,1.846597573507174e-08
9.817818496960001,1.8524952930995105e-08
9.83047032492,1.8582321897871984e-08
9.843122152880001,1.8637922590320842e-08
9.85577398084,1.869159776494862e-08
9.8684258088,1.8743196566163797e-08
9.88107763676,1.8792573304928127e-08
9.89372946472,1.8839592622476583e-08
9.90638129268,1.8884129223848206e-08
9.91903312064,1.8926070987721443e-08
9.931684948600001,1.896531996513547e-08
9.94433677656,1.900179418375022e-08
9.956988604520001,1.9035430510773532e-08
9.96964043248,1.906618518809734e-08
9.982292260440001,1.909403451433161e-08
9.9949440884,1.9118976350811496e-08
10.00759591636,1.9141031093163667e-08
10.02024774432,1.9160241804594997e-08
10.03289957228,1.9176672683753723e-08
10.04555140024,1.9190411075195876e-08
10.0582032282,1.9201564176277634e-08
10.070855056160001,1.9210259811663066e-08
10.08350688412,1.921664353458591e-08
10.096158712080001,1.922087794859332e-08
10.10881054004,1.9223140093306785e-08
10.121462368,1.922361928271419e-08
10.13411419596,1.9222514706455928e-08
10.14676602392,1.9220033228705983e-08
10.15941785188,1.9216386609976995e-08
10.17206967984,1.9211789102759158e-08
10.1847215078,1.920645502158088e-08
10.19737333576,1.923563987436305e-08
10.210025163720001,1.9281076648140602e-08
10.22267699168,1.9323491262462835e-08
10.235328819640001,1.9362968286346627e-08
10.2479806476,1.9399602961254666e-08
10.26063247556,1.9433499287883983e-08
10.27328430352,1.9464768614554297e-08
10.28593613148,1.949352751102046e-08
10.29858795944,1.951989771876969e-08
10.3112397874,1.9544004118351176e-08
10.32389161536,1.9565972892278895e-08
10.33654344332,1.9585931684775778e-08
10.349195271280001,1.9604007657204384e-08
10.36184709924,1.9620327343638906e-08
10.374498927200001,1.963501541124923e-08
10.38715075516,1.9648194946225906e-08
10.39980258312,1.9659985490801393e-08
10.41245441108,1.9670504119819175e-08
10.42510623904,1.9679864242463063e-08
10.437758067,1.968817547857866e-08
10.45040989496,1.9695543567282155e-08
10.463061722920001,1.9702070040979853e-08
10.47571355088,1.9707852794321408e-08
10.488365378840001,1.9712984891550564e-08
10.5010172068,1.971755541782454e-08
10.513669034760001,1.9721649471236672e-08
10.52632086272,1.9725347790772282e-08
10.53897269068,1.9728727435916692e-08
10.55162451864,1.9731861079971087e-08
10.5642763466,1.9734817979914482e-08
10.57692817456,1.9737663418876906e-08
10.58958000252,1.9740459237445352e-08
10.602231830480001,1.9743264040629925e-08
10.61488365844,1.974613265421598e-08
10.627535486400001,1.97491171756842e-08
10.64018731436,1.975226669218936e-08
10.652839142320001,1.975562744076619e-08
10.66549097028,1.9759242956329727e-08
10.67814279824,1.9763154005200384e-08
10.6907946262,1.9767399428016557e-08
10.70344645416,1.977201537258546e-08
10.71609828212,1.9777036082628425e-08
10.72875011008,1.9782493779833734e-08
10.741401938040001,1.9788418763615375e-08
10.754053766,1.979483961483104e-08
10.766705593960001,1.980178354295587e-08
10.77935742192,1.9809275952102435e-08
10.792009249880001,1.98173410567239e-08
10.80466107784,1.9826001625180194e-08
10.8173129058,1.9835279520076557e-08
10.82996473376,1.9845195303132815e-08
10.84261656172,1.9855768693814112e-08
10.85526838968,1.9867018564266044e-08
10.86792021764,1.9878962873567495e-08
10.880572045600001,1.9891619011437775e-08
10.89322387356,1.990500371056128e-08
10.905875701520001,1.991913315668095e-08
10.91852752948,1.9934023096472876e-08
10.931179357440001,1.9949688857858872e-08
10.9438311854,1.996614549368567e-08
10.95648301336,1.998340772998099e-08
10.96913484132,2.000149010083983e-08
10.98178666928,2.002040699232337e-08
10.99443849724,2.0040172697339542e-08
11.0070903252,2.0060801448910865e-08
11.019742153160001,2.008230744846298e-08
11.03239398112,2.0104704926571384e-08
11.045045809080001,2.0128008149288868e-08
11.05769763704,2.015223152244133e-08
11.070349465,2.017738950856506e-08
11.08300129296,2.0203496663461603e-08
11.09565312092,2.0230567718935333e-08
11.10830494888,2.0258617592615497e-08
11.12095677684,2.0287661362479763e-08
11.133608604800001,2.0317714203031946e-08
11.14626043276,2.0348791308622905e-08
11.158912260720001,2.038090839806415e-08
11.17156408868,2.0414081121745855e-08
11.184215916640001,2.0448325139811963e-08
11.1968677446,2.0483656360498562e-08
11.20951957256,2.0520090687640832e-08
11.22217140052,2.0557644166733804e-08
11.23482322848,2.0596332758148997e-08
11.24747505644,2.0636172327886337e-08
11.2601268844,2.0677178873933143e-08
11.272778712360001,2.0719368111837625e-08
11.28543054032,2.0762755455481148e-08
11.298082368280001,2.080735647498812e-08
11.31073419624,2.0853185843429326e-08
11.323386024200001,2.0900258501711463e-08
11.33603785216,2.0948588220821346e-08
11.34868968012,2.0998188564567064e-08
11.36134150808,2.104907260418941e-08
11.37399333604,2.110125229824413e-08
11.386645164,2.115473902648353e-08
11.39929699196,2.1209542828536824e-08
11.411948819920001,2.1265672723860974e-08
11.42460064788,2.1323136661415178e-08
11.437252475840001,2.138194088975633e-08
11.4499043038,2.1442090226959384e-08
11.462556131760001,2.1503587927727886e-08
11.47520795972,2.1566434418587654e-08
11.48785978768,2.1630628892584795e-08
11.50051161564,2.1696167915926794e-08
11.5131634436,2.1763044937917904e-08
11.52581527156,2.1831251219921877e-08
11.53846709952,2.1900774417866783e-08
11.551118927480001,2.1971598754586237e-08
11.56377075544,2.204370497956374e-08
11.576422583400001,2.211706977753939e-08
11.58907441136,2.2191665443233833e-08
11.601726239320001,2.2267459397362145e-08
11.61437806728,2.2344414195029066e-08
11.62702989524,2.24224870546598e-08
11.6396817232,2.2501629177804762e-08
11.65233355116,2.258178557053944e-08
11.66498537912,2.266289474282865e-08
11.67763720708,2.274488815792015e-08
11.690289035040001,2.2827690184106232e-08
11.702940863,2.2911216763431032e-08
11.715592690960001,2.299537635616909e-08
11.72824451892,2.308006885999969e-08
11.74089634688,2.316518521470748e-08
11.75354817484,2.3250607079149417e-08
11.7662000028,2.3336207161073143e-08
11.77885183076,2.342184866456673e-08
11.79150365872,2.3507385698049196e-08
11.804155486680001,2.35926622248197e-08
11.81680731464,2.3677513408202686e-08
11.829459142600001,2.3761764766399992e-08
11.84211097056,2.3845234120263572e-08
11.854762798520001,2.3927730294852375e-08
11.86741462648,2.400905531397622e-08
11.88006645444,2.408900456293181e-08
11.8927182824,2.4167368437923203e-08
11.90537011036,2.4243932808404033e-08
11.91802193832,2.431848146458407e-08
11.93067376628,2.4390798004018495e-08
11.943325594240001,2.446066613231962e-08
11.9559774222,2.4527874358671114e-08
11.968629250160001,2.4592216020865914e-08
11.98128107812,2.465349286848246e-08
11.993932906080001,2.471151801850581e-08
12.00658473404,2.4766117274126556e-08
12.019236562,2.4817132626464723e-08
12.03188838996,2.4864424789833063e-08
12.04454021792,2.4907875991743894e-08
12.05719204588,2.494739162110224e-08
12.06984387384,2.4982902802872237e-08
12.082495701800001,2.5014367669251127e-08
12.09514752976,2.5041774150514152e-08
12.107799357720001,2.506513908866698e-08
12.12045118568,2.5084510441838807e-08
12.133103013640001,2.5099966695785506e-08
12.1457548416,2.5111616851884206e-08
12.15840666956,2.5119599036109247e-08
12.17105849752,2.5124079866490934e-08
12.18371032548,2.5125252436423736e-08
12.19636215344,2.512333413518836e-08
12.2090139814,2.511856368763108e-08
12.221665809360001,2.51111992735803e-08
12.23431763732,2.5101514140331313e-08
12.246969465280001,2.508979438073758e-08
12.25962129324,2.50763351782475e-08
12.272273121200001,2.50614372667233e-08
12.28492494916,2.504540359808859e-08
12.29757677712,2.5028535996735098e-08
12.31022860508,2.5011132572567065e-08
12.32288043304,2.4993483842747823e-08
12.335532261,2.4975870485569588e-08
12.34818408896,2.5013304852690483e-08
12.360835916920001,2.5063690678921973e-08
12.37348774488,2.5109926533422778e-08
12.386139572840001,2.515216746455021e-08
12.3987914008,2.5190576069063064e-08
12.411443228760001,2.5225321947926167e-08
12.42409505672,2.5256578588635604e-08
12.43674688468,2.5284522898393916e-08
12.44939871264,2.530933274983772e-08
12.4620505406,2.5331186472420675e-08
12.474702368560001,2.5350261107600487e-08
12.48735419652,2.5366731540947327e-08
12.500006024480001,2.5380770566841106e-08
12.51265785244,2.5392546444536756e-08
12.525309680400001,2.5402223834382262e-08
12.53796150836,2.5409962653020774e-08
12.550613336320001,2.5415917663935242e-08
12.56326516428,2.5420238130603638e-08
12.57591699224,2.5423068234429974e-08
12.5885688202,2.542454608895926e-08
12.60122064816,2.542480391633192e-08
12.613872476120001,2.5423968393167852e-08
12.62652430408,2.5422160639374762e-08
12.639176132040001,2.5419495561498227e-08
12.65182796,2.5416082678385267e-08
12.664479787960001,2.5412026104987773e-08
12.67713161592,2.5407424507992568e-08
12.68978344388,2.5402371226562583e-08
12.70243527184,2.539695481011897e-08
12.7150870998,2.5391258849143987e-08
12.72773892776,2.5385362121672516e-08
12.74039075572,2.537933925239895e-08
12.753042583680001,2.5373260266311058e-08
12.76569441164,2.53671912643711e-08
12.778346239600001,2.5361194319595484e-08
12.79099806756,2.535532794030275e-08
12.803649895520001,2.5349647208733746e-08
12.81630172348,2.534420390036039e-08
12.82895355144,2.5339046533874386e-08
12.8416053794,2.5334220608238128e-08
12.85425720736,2.532976891501519e-08
12.86690903532,2.5325731811139332e-08
12.87956086328,2.5322146997479796e-08
12.892212691240001,2.5319049833779362e-08
12.9048645192,2.531647371457181e-08
12.917516347160001,2.5314449908479932e-08
12.93016817512,2.5313007881150083e-08
12.942820003080001,2.5312175294350896e-08
12.95547183104,2.5311978390355235e-08
12.968123659,2.5312441845177277e-08
12.98077548696,2.531358902407892e-08
12.99342731492,2.5315441922460583e-08
13.00607914288,2.5318021533453243e-08
13.01873097084,2.5321347795877677e-08
13.031382798800001,2.5325439669018674e-08
13.04403462676,2.533031538635051e-08
13.056686454720001,2.5335992298560052e-08
13.06933828268,2.534248706522463e-08
13.081990110640001,2.5349815791243125e-08
13.0946419386,2.535799405449788e-08
13.10729376656,2.5367036929041257e-08
13.11994559452,2.5376959032309238e-08
13.13259742248,2.5387774642900508e-08
13.145249250440001,2.5399497686122394e-08
13.1579010784,2.5412141795118918e-08
13.170552906360001,2.5425720357829246e-08
13.18320473432,2.5440246474071993e-08
13.195856562280001,2.545573310244436e-08
13.20850839024,2.5472192926831706e-08
13.221160218200001,2.5489638347180318e-08
13.23381204616,2.5508081739852116e-08
13.24646387412,2.552753515771503e-08
13.25911570208,2.554801043185306e-08
13.27176753004,2.5569519225249568e-08
13.284419358000001,2.5592072750561657e-08
13.29707118596,2.5615682074966324e-08
13.309723013920001,2.5640357987539687e-08
13.32237484188,2.5666110642769872e-08
13.335026669840001,2.5692949982481295e-08
13.3476784978,2.572088541149972e-08
13.36033032576,2.5749925618710592e-08
13.37298215372,2.5780078890470982e-08
13.38563398168,2.5811352675880697e-08
13.39828580964,2.5843753585002055e-08
13.4109376376,2.587728750773572e-08
13.423589465560001,2.591195927926107e-08
13.43624129352,2.5947772688658458e-08
13.448893121480001,2.5984730150284682e-08
13.46154494944,2.6022832941073718e-08
13.474196777400001,2.6062081002233465e-08
13.48684860536,2.6102472363015768e-08
13.49950043332,2.6144003550252028e-08
13.51215226128,2.618666912855233e-08
13.52480408924,2.6230461677666687e-08
13.5374559172,2.627537188569369e-08
13.55010774516,2.6321387163184648e-08
13.562759573120001,2.6368493162803865e-08
13.57541140108,2.6416672173719293e-08
13.588063229040001,2.646590384582006e-08
13.600715057,2.6516164495384423e-08
13.613366884960001,2.6567426859514017e-08
13.62601871292,2.6619659833015174e-08
13.63867054088,2.6672828042296228e-08
13.65132236884,2.6726892755524332e-08
13.6639741968,2.6781809859712713e-08
13.67662602476,2.6837530607293858e-08
13.68927785272,2.6894001023927516e-08
13.701929680680001,2.6951161815824312e-08
13.71458150864,2.7008947623516897e-08
13.727233336600001,2.7067286877549753e-08
13.73988516456,2.7126101831133593e-08
13.752536992520001,2.7185308115318474e-08
13.76518882048,2.7244813622133874e-08
13.77784064844,2.730451926872503e-08
13.7904924764,2.7364318618681727e-08
13.80314430436,2.7424096215499974e-08
13.815796132320001,2.748372942009144e-08
13.82844796028,2.7543086535907487e-08
13.841099788240001,2.7602027894090862e-08
13.8537516162,2.766040470741304e-08
13.866403444160001,2.7718059426922475e-08
13.87905527212,2.7774826387810653e-08
13.891707100080001,2.7830531432488123e-08
13.90435892804,2.7884992160745544e-08
13.917010756,2.7938018488769034e-08
13.92966258396,2.79894128913787e-08
13.94231441192,2.8038971398754472e-08
13.954966239880001,2.8086484698186474e-08
13.96761806784,2.8131738922288472e-08
13.980269895800001,2.8174516419160184e-08
13.99292172376,2.8214598133374164e-08
14.005573551720001,2.8251765154579997e-08
14.01822537968,2.8285799251533278e-08
14.030877207640001,2.8316486960293752e-08
14.0435290356,2.8343620255036227e-08
14.05618086356,2.8366999650950972e-08
14.06883269152,2.8386436812152905e-08
14.08148451948,2.8401757227155652e-08
14.094136347440001,2.841280239595769e-08
14.1067881754,2.8419433195696487e-08
14.119440003360001,2.8421532505612347e-08
14.13209183132,2.8419007595105298e-08
14.144743659280001,2.8411793090867815e-08
14.15739548724,2.8399852468117654e-08
14.170047315200001,2.838318040564813e-08
14.18269914316,2.8361804447876238e-08
14.19535097112,2.833578609931474e-08
14.20800279908,2.8305221040231367e-08
14.22065462704,2.827023943117212e-08
14.233306455000001,2.823100639784978e-08
14.24595828296,2.8187720158358405e-08
14.258610110920001,2.814061018673623e-08
14.27126193888,2.808993679529364e-08
14.283913766840001,2.8035987078428004e-08
14.2965655948,2.797907315356424e-08
14.30921742276,2.7919528316049932e-08
14.32186925072,2.7857703418510712e-08
14.33452107868,2.779396342984397e-08
14.347172906640001,2.7728682993829654e-08
14.3598247346,2.7662243251280514e-08
14.372476562560001,2.759502664962331e-08
14.38512839052,2.752741437614158e-08
14.397780218480001,2.745978153205047e-08
14.41043204644,2.7405267933193895e-08
14.423083874400001,2.7390052402785944e-08
14.43573570236,2.7371732490462314e-08
14.44838753032,2.7350489571120346e-08
14.46103935828,2.7326512089000068e-08
14.47369118624,2.7299993988405804e-08
14.486343014200001,2.7271131917947752e-08
14.49899484216,2.724012430126607e-08
14.511646670120001,2.7207168960430083e-08
14.52429849808,2.7172461777784544e-08
14.536950326040001,2.7136195798640216e-08
14.549602154,2.7098559557310458e-08
14.562253981960001,2.7059736360716694e-08
14.57490580992,2.7019904346546552e-08
14.58755763788,2.697923390919896e-08
14.60020946584,2.693788942968764e-08
14.6128612938,2.6896027521304237e-08
14.625513121760001,2.6853797191544995e-08
14.63816494972,2.6811339952769102e-08
14.650816777680001,2.6768789541319204e-08
14.66346860564,2.6726271910457902e-08
14.676120433600001,2.668390574579296e-08
14.68877226156,2.664180220320782e-08
14.701424089520001,2.66000646931026e-08
14.71407591748,2.655879045492785e-08
14.72672774544,2.6518069440167313e-08
14.7393795734,2.6477985609174097e-08
14.75203140136,2.6448602215967203e-08
14.764683229320001,2.6447042437612202e-08
14.77733505728,2.6446109279577818e-08
14.789986885240001,2.6445451697887456e-08
14.8026387132,2.644469905881729e-08
14.815290541160001,2.6443461525458754e-08
14.82794236912,2.6441330600159276e-08
14.840594197080001,2.64378795383897e-08
14.85324602504,2.643266389987982e-08
14.865897853,2.6425222280903195e-08
14.87854968096,2.641507689044885e-08
14.89120150892,2.6401734511472727e-08
14.903853336880001,2.6384687431155755e-08
14.91650516484,2.6363414645200675e-08
14.929156992800001,2.6337383242107297e-08
14.94180882076,2.6306049773145188e-08
14.954460648720001,2.626886237704368e-08
14.96711247668,2.6225262741114203e-08
14.97976430464,2.6174688468258978e-08
14.9924161326,2.6116575793168033e-08
15.00506796056,2.6050362719025058e-08
15.017719788520001,2.5975492353292305e-08
15.03037161648,2.5891416628448012e-08
15.043023444440001,2.5840108321968403e-08
15.0556752724,2.5830129255104786e-08
15.068327100360001,2.58216016335607e-08
15.08097892832,2.5814531873893145e-08
15.093630756280001,2.580892624184553e-08
15.10628258424,2.5804790575662445e-08
15.1189344122,2.580213067215472e-08
15.13158624016,2.5800951998745632e-08
15.14423806812,2.5801260161508868e-08
15.156889896080001,2.5803060868281198e-08
15.16954172404,2.5806359928058953e-08
15.182193552000001,2.581116330033142e-08
15.19484537996,2.581747728926377e-08
15.207497207920001,2.5825308516967935e-08
15.22014903588,2.583466394258571e-08
15.232800863840001,2.5845550997462112e-08
15.2454526918,2.5857977580178753e-08
15.25810451976,2.5871952080712882e-08
15.27075634772,2.5887483461591436e-08
15.28340817568,2.5904581185914254e-08
15.296060003640001,2.5923255328288753e-08
15.3087118316,2.5943516581123555e-08
15.321363659560001,2.5965376240582035e-08
15.33401548752,2.5988846150417404e-08
15.346667315480001,2.6013938876859132e-08
15.35931914344,2.6040667429017084e-08
15.371970971400001,2.606904550354022e-08
15.38462279936,2.609908733563104e-08
15.39727462732,2.6130807721871526e-08
15.40992645528,2.61642218741491e-08
15.42257828324,2.6199345662063725e-08
15.435230111200001,2.6236195179070008e-08
15.44788193916,2.6274786989045747e-08
15.460533767120001,2.6315137980778852e-08
15.47318559508,2.635726528006449e-08
15.485837423040001,2.640118629585007e-08
15.498489251,2.6446918393138013e-08
15.511141078960001,2.6494479359913093e-08
15.52379290692,2.6543886413539527e-08
15.53644473488,2.6595157040966608e-08
15.54909656284,2.6648308548919837e-08
15.5617483908,2.6703357424905848e-08
15.574400218760001,2.6760320272563277e-08
15.58705204672,2.681921280021702e-08
15.599703874680001,2.68800499422674e-08
15.61235570264,2.694284593237809e-08
15.625007530600001,2.7007613681241814e-08
15.63765935856,2.707436523085746e-08
15.650311186520002,2.7143110890492873e-08
15.66296301448,2.7213859694293957e-08
15.67561484244,2.7286618939780076e-08
15.688266670400001,2.7361393566289252e-08
15.70091849836,2.7438186241352447e-08
15.713570326320001,2.7516997166037205e-08
15.72622215428,2.7597823555669895e-08
15.738873982240001,2.7680659815001184e-08
15.7515258102,2.776549663490851e-08
15.764177638160001,2.7852320679939416e-08
15.77682946612,2.794111473741124e-08
15.789481294080002,2.8031857134757367e-08
15.80213312204,2.8124520949594596e-08
15.81478495,2.82190737812396e-08
15.827436777960001,2.831547763530464e-08
15.84008860592,2.841368827806369e-08
15.852740433880001,2.851365411164252e-08
15.86539226184,2.8615316608722954e-08
15.878044089800001,2.8718609328174817e-08
15.89069591776,2.8823457694867994e-08
15.903347745720001,2.8929777830133098e-08
15.91599957368,2.903747677916229e-08
15.92865140164,2.9146451439458977e-08
15.9413032296,2.925658857039186e-08
15.95395505756,2.936776372657552e-08
15.966606885520001,2.9479841520232782e-08
15.97925871348,2.9592674937937798e-08
15.991910541440001,2.9706104545187077e-08
16.004562369400002,2.9819959467397e-08
16.01721419736,2.993405597286394e-08
16.02986602532,3.0048198574719097e-08
16.04251785328,3.0162179693205474e-08
16.055169681240002,3.02757796290582e-08
16.0678215092,3.0388768235452654e-08
16.08047333716,3.050090431448818e-08
16.09312516512,3.061193703020396e-08
16.10577699308,3.0721607934443603e-08
16.118428821040002,3.0829651495752764e-08
16.131080649,3.09357965768148e-08
16.14373247696,3.1039769173270735e-08
16.15638430492,3.114129444500701e-08
16.169036132880002,3.124009883191969e-08
16.18168796084,3.1335913264446425e-08
16.1943397888,3.142847590757189e-08
16.20699161676,3.151753516679758e-08
16.21964344472,3.1602853118901494e-08
16.232295272680002,3.1684208350926446e-08
16.24494710064,3.176139975217836e-08
16.2575989286,3.183424985145041e-08
16.27025075656,3.1902607111488106e-08
16.282902584520002,3.1966349138797676e-08
16.29555441248,3.2025385920808184e-08
16.30820624044,3.207966038116903e-08
16.3208580684,3.2129151269746365e-08
16.33350989636,3.2173874052001504e-08
16.34616172432,3.221388112491508e-08
16.35881355228,3.22492622678402e-08
16.37146538024,3.228014389636264e-08
16.3841172082,3.230668758261584e-08
16.396769036160002,3.2329088784444484e-08
16.40942086412,3.234757414413338e-08
16.42207269208,3.236239855231189e-08
16.43472452004,3.2373842187098684e-08
16.447376348000002,3.238220684032743e-08
16.46002817596,3.2387811980175794e-08
16.47268000392,3.2390991050197153e-08
16.48533183188,3.239208672957025e-08
16.49798365984,3.2391447147354956e-08
16.510635487800002,3.2389421916477994e-08
16.52328731576,3.238635819070679e-08
16.53593914372,3.2412665279940845e-08
16.54859097168,3.248595976149526e-08
16.561242799640002,3.2553842968148704e-08
16.5738946276,3.2616476581718364e-08
16.58654645556,3.267403863500257e-08
16.59919828352,3.2726720391237917e-08
16.61185011148,3.277472425866436e-08
16.62450193944,3.281826024151771e-08
16.6371537674,3.285754489520282e-08
16.64980559536,3.289279856539659e-08
16.66245742332,3.292424344806848e-08
16.675109251280002,3.295210218949312e-08
16.68776107924,3.2976596641654915e-08
16.7004129072,3.29979458955373e-08
16.71306473516,3.3016366093065535e-08
16.725716563120002,3.3032068268106306e-08
16.73836839108,3.304525885324694e-08
16.75102021904,3.305613811552806e-08
16.763672047,3.3064900125641416e-08
16.77632387496,3.307173226697787e-08
16.788975702920002,3.307681493067615e-08
16.80162753088,3.308032134461278e-08
16.81427935884,3.308241723168271e-08
16.8269311868,3.308326148583163e-08
16.839583014760002,3.3083005130775856e-08
16.85223484272,3.3081792523156266e-08
16.86488667068,3.307976038964208e-08
16.87753849864,3.3077038983482184e-08
16.8901903266,3.307375157168154e-08
16.902842154560002,3.3070014603236777e-08
16.91549398252,3.306593840359601e-08
16.92814581048,3.306162710590369e-08
16.94079763844,3.305717917472681e-08
16.953449466400002,3.3052686851967256e-08
16.96610129436,3.304823745853918e-08
16.97875312232,3.3043912978012696e-08
16.99140495028,3.303979057220695e-08
17.00405677824,3.303594278289365e-08
17.0167086062,3.303243743238267e-08
17.02936043416,3.302933846340973e-08
17.04201226212,3.3026705511760555e-08
17.05466409008,3.302459470922526e-08
17.067315918040002,3.302305877319725e-08
17.079967746,3.3022147034208915e-08
17.09261957396,3.302190576295728e-08
17.10527140192,3.302237804623416e-08
17.117923229880002,3.3023604668923774e-08
17.13057505784,3.302562372224455e-08
17.1432268858,3.302847100924988e-08
17.15587871376,3.3032180111635235e-08
17.16853054172,3.303678275718723e-08
17.181182369680002,3.3042308719736274e-08
17.19383419764,3.304878603062578e-08
17.2064860256,3.305624134025972e-08
17.21913785356,3.3064699720575506e-08
17.231789681520002,3.307418511605299e-08
17.24444150948,3.308472033627318e-08
17.25709333744,3.309632699673454e-08
17.2697451654,3.310902597697761e-08
17.28239699336,3.3122837128519855e-08
17.29504882132,3.313777973369143e-08
17.30770064928,3.315387232428019e-08
17.32035247724,3.317113290628997e-08
17.3330043052,3.3189579026284666e-08
17.345656133160002,3.3209227754372366e-08
17.35830796112,3.323009583318035e-08
17.37095978908,3.3252199642885744e-08
17.38361161704,3.327555528226644e-08
17.396263445000002,3.33001786549801e-08
17.40891527296,3.332608539120911e-08
17.42156710092,3.3353290943475246e-08
17.43421892888,3.33818105427089e-08
17.44687075684,3.341165926610593e-08
17.459522584800002,3.344285189610788e-08
17.47217441276,3.34754032114338e-08
17.48482624072,3.350932747772048e-08
17.49747806868,3.354463890067286e-08
17.510129896640002,3.35813512726475e-08
17.5227817246,3.361947807983589e-08
17.53543355256,3.365903251256303e-08
17.54808538052,3.370002699006481e-08
17.56073720848,3.374247357248581e-08
17.573389036440002,3.3786383845926016e-08
17.5860408644,3.383176832836664e-08
17.59869269236,3.3878637108361867e-08
17.61134452032,3.3926999083614586e-08
17.623996348280002,3.397686214368966e-08
17.63664817624,3.40282331620998e-08
17.6493000042,3.408111767684781e-08
17.66195183216,3.413551954304323e-08
17.674603660120003,3.4191441632347705e-08
17.68725548808,3.4248884385112285e-08
17.69990731604,3.430784677156339e-08
17.712559144,3.436832522429344e-08
17.72521097196,3.443031445276741e-08
17.737862799920002,3.449380591752261e-08
17.75051462788,3.455878852434319e-08
17.76316645584,3.4625248623744495e-08
17.7758182838,3.4693169106861084e-08
17.788470111760002,3.476252895989377e-08
17.80112193972,3.4833303432794805e-08
17.81377376768,3.4905464146237495e-08
17.82642559564,3.4978977605340044e-08
17.8390774236,3.505380593104159e-08
17.851729251560002,3.5129905724940834e-08
17.86438107952,3.520722865227117e-08
17.87703290748,3.528572002883005e-08
17.88968473544,3.536531889071015e-08
17.902336563400002,3.544595774787738e-08
17.91498839136,3.552756203125217e-08
17.92764021932,3.561004908594611e-08
17.94029204728,3.5693328546963386e-08
17.95294387524,3.577730176841541e-08
17.9655957032,3.586186066573223e-08
17.97824753116,3.594688800683879e-08
17.99089935912,3.6032257007485614e-08
18.00355118708,3.6117829842710586e-08
18.016203015040002,3.6203458975958784e-08
18.028854843,3.6288985418512627e-08
18.04150667096,3.6374238542758194e-08
18.05415849892,3.645903663468536e-08
18.066810326880002,3.6543185915926333e-08
18.07946215484,3.662648095728676e-08
18.0921139828,3.6708704144234735e-08
18.10476581076,3.678962656250959e-08
18.11741763872,3.686900772915441e-08
18.130069466680002,3.694659628644181e-08
18.14272129464,3.7022130158277014e-08
18.1553731226,3.70953379063981e-08
18.16802495056,3.716593968385895e-08
18.180676778520002,3.723364848403922e-08
18.19332860648,3.729817196505752e-08
18.20598043444,3.735921364548923e-08
18.2186322624,3.7416475265983465e-08
18.23128409036,3.7469659360135034e-08
18.243935918320002,3.751847222850951e-08
18.25658774628,3.756262629652991e-08
18.26923957424,3.760184350522215e-08
18.2818914022,3.7635858890559424e-08
18.294543230160002,3.7664423787994835e-08
18.30719505812,3.768731028734117e-08
18.31984688608,3.770431420389976e-08
18.33249871404,3.771525880628338e-08
18.345150542000003,3.7719999534974025e-08
18.35780236996,3.771842628759808e-08
18.37045419792,3.771046667077615e-08
18.38310602588,3.769609024895092e-08
18.39575785384,3.767530899122569e-08
18.408409681800002,3.7648180972724985e-08
18.42106150976,3.761480976776126e-08
18.43371333772,3.757534686463435e-08
18.44636516568,3.752998967084711e-08
18.459016993640002,3.747898209017211e-08
18.4716688216,3.7422612610941e-08
18.48432064956,3.736121103149612e-08
18.49697247752,3.7295147132280826e-08
18.50962430548,3.722482533243028e-08
18.522276133440002,3.7150681305914036e-08
18.5349279614,3.707317757249065e-08
18.54757978936,3.713585024842533e-08
18.56023161732,3.719778596675052e-08
18.572883445280002,3.725339762609439e-08
18.58553527324,3.730272536959082e-08
18.5981871012,3.7345845622292524e-08
18.61083892916,3.738286984954696e-08
18.623490757120003,3.7413940562807535e-08
18.63614258508,3.743922717095071e-08
18.64879441304,3.745892363649679e-08
18.661446241,3.747324393168527e-08
18.67409806896,3.7482419620843687e-08
18.686749896920002,3.7486695491151064e-08
18.69940172488,3.7486327105214625e-08
18.71205355284,3.748157792228483e-08
18.7247053808,3.7472715655876364e-08
18.737357208760002,3.746001088405526e-08
18.75000903672,3.744373440869139e-08
18.76266086468,3.742415490470219e-08
18.77531269264,3.7401538188399726e-08
18.7879645206,3.7376144081936544e-08
18.800616348560002,3.734822732871142e-08
18.81326817652,3.7318034648652055e-08
18.82592000448,3.728580491836867e-08
18.83857183244,3.72517682723312e-08
18.851223660400002,3.721614576478516e-08
18.86387548836,3.717914862457003e-08
18.87652731632,3.714097842515091e-08
18.88917914428,3.710182681975808e-08
18.90183097224,3.706187587363127e-08
18.914482800200002,3.7021297694204695e-08
18.92713462816,3.698025455970222e-08
18.93978645612,3.693889953447646e-08
18.95243828408,3.6897376491366675e-08
18.965090112040002,3.685582023361274e-08
18.97774194,3.681435718104141e-08
18.99039376796,3.677310526789475e-08
19.00304559592,3.673217490337878e-08
19.015697423880003,3.669166879829516e-08
19.02834925184,3.665168223856182e-08
19.0410010798,3.661230398422878e-08
19.05365290776,3.65736162397047e-08
19.06630473572,3.653569496808605e-08
19.078956563680002,3.6498610976083945e-08
19.09160839164,3.646242881995155e-08
19.1042602196,3.642720854670039e-08
19.11691204756,3.6393005154971294e-08
19.129563875520002,3.635986935672534e-08
19.14221570348,3.632784773949377e-08
19.15486753144,3.6296982924446245e-08
19.1675193594,3.626731378580917e-08
19.18017118736,3.623887614740701e-08
19.192823015320002,3.6211702495130884e-08
19.20547484328,3.6185822611554155e-08
19.21812667124,3.6161263697279226e-08
19.2307784992,3.613805045644457e-08
19.243430327160002,3.611620517189883e-08
19.25608215512,3.609574858670041e-08
19.26873398308,3.6076699382374025e-08
19.28138581104,3.605907462868119e-08
19.294037639000003,3.604288975652846e-08
19.30668946696,3.602815916999108e-08
19.31934129492,3.601489598513121e-08
19.33199312288,3.600311215217313e-08
19.34464495084,3.599281897586303e-08
19.357296778800002,3.598402684668423e-08
19.36994860676,3.597674561412397e-08
19.38260043472,3.597098438876234e-08
19.39525226268,3.5966752020940515e-08
19.407904090640002,3.596405691019559e-08
19.4205559186,3.5962907280065524e-08
19.43320774656,3.596331112447999e-08
19.44585957452,3.596527626762167e-08
19.45851140248,3.59688105389072e-08
19.471163230440002,3.597392172005678e-08
19.4838150584,3.5980617642914514e-08
19.49646688636,3.598890619688819e-08
19.50911871432,3.599879537393888e-08
19.521770542280002,3.6010293277763286e-08
19.53442237024,3.602340813945167e-08
19.5470741982,3.603814827839292e-08
19.55972602616,3.605452220754335e-08
19.57237785412,3.607253850151459e-08
19.585029682080002,3.609220576236943e-08
19.59768151004,3.611353278081971e-08
19.610333338,3.6136528232377483e-08
19.62298516596,3.616120076952488e-08
19.635636993920002,3.618755897741294e-08
19.64828882188,3.621561144294725e-08
19.66094064984,3.6245366194106675e-08
19.6735924778,3.6276831094584474e-08
19.686244305760003,3.6310013725975667e-08
19.69889613372,3.6344921085130534e-08
19.71154796168,3.638155953137754e-08
19.72419978964,3.6419934715312247e-08
19.7368516176,3.646005142483025e-08
19.749503445560002,3.6501913424992184e-08
19.76215527352,3.654552349390652e-08
19.77480710148,3.6590883082759955e-08
19.78745892944,3.663799200114172e-08
19.800110757400002,3.668684871691065e-08
19.81276258536,3.673744972537329e-08
19.82541441332,3.6789789306517873e-08
19.83806624128,3.684386010779841e-08
19.85071806924,3.689965187655402e-08
19.863369897200002,3.695715147133633e-08
19.87602172516,3.7016343121136967e-08
19.88867355312,3.707720780991361e-08
19.90132538108,3.713972301061623e-08
19.913977209040002,3.720386226497046e-08
19.926629037,3.726959480256487e-08
19.93928086496,3.733688598422994e-08
19.95193269292,3.740569583538426e-08
19.964584520880003,3.747597933993517e-08
19.97723634884,3.75476858300227e-08
19.9898881768,3.7620758462002275e-08
20.00254000476,3.769513449343215e-08
20.01519183272,3.7770743985440965e-08
20.027843660680002,3.7847509706067754e-08
20.04049548864,3.792534680382948e-08
20.0531473166,3.800416185038928e-08
20.06579914456,3.808385335541257e-08
20.078450972520002,3.816430998829253e-08
20.09110280048,3.8245411203383494e-08
20.10375462844,3.8327026203813615e-08
20.1164064564,3.840901361144655e-08
20.12905828436,3.849122120497787e-08
20.141710112320002,3.857348539583002e-08
20.15436194028,3.8655631057393884e-08
20.16701376824,3.8737471167070723e-08
20.1796655962,3.8818806461312906e-08
20.192317424160002,3.889942579127482e-08
20.20496925212,3.897910562638298e-08
20.21762108008,3.905761082102606e-08
20.23027290804,3.9134694255280584e-08
20.242924736,3.9210097821131996e-08
20.255576563960002,3.928355298097812e-08
20.26822839192,3.935478152386574e-08
20.28088021988,3.9423497097798766e-08
20.29353204784,3.9489405874496545e-08
20.306183875800002,3.955220926532395e-08
20.31883570376,3.961160443070252e-08
20.33148753172,3.9667288177590284e-08
20.34413935968,3.971895843341548e-08
20.356791187640003,3.976631697204497e-08
20.3694430156,3.98090729654878e-08
20.38209484356,3.984694657146756e-08
20.39474667152,3.9879672162662776e-08
20.40739849948,3.9907001101623484e-08
20.420050327440002,3.992870770131297e-08
20.4327021554,3.994459088445678e-08
20.44535398336,3.995447938860952e-08
20.45800581132,3.9958235761677535e-08
20.470657639280002,3.9955758265471137e-08
20.48330946724,3.994698531625161e-08
20.4959612952,3.9931898416197954e-08
20.50861312316,3.9910523446609235e-08
20.52126495112,3.988293374199701e-08
20.533916779080002,3.9849249809889155e-08
20.54656860704,3.980964084099226e-08
20.559220435,3.9764323976515345e-08
20.57187226296,3.971356256060367e-08
20.584524090920002,3.965766529891922e-08
20.59717591888,3.959698283166677e-08
20.60982774684,3.953190516848133e-08
20.6224795748,3.946285715093763e-08
20.635131402760003,3.939029465077169e-08
20.64778323072,3.931469852277811e-08
20.66043505868,3.9236570946444795e-08
20.67308688664,3.915642860420494e-08
20.6857387146,3.911844649502904e-08
20.698390542560002,3.9174979173608404e-08
20.71104237052,3.9225347322376654e-08
20.72369419848,3.926966336382389e-08
20.73634602644,3.930807017532308e-08
20.748997854400002,3.9340738831411056e-08
20.76164968236,3.936786379504693e-08
20.77430151032,3.9389660770933345e-08
20.78695333828,3.9406361779050144e-08
20.79960516624,3.941821300430001e-08
20.812256994200002,3.942547091340088e-08
20.82490882216,3.9428400019841286e-08
20.83756065012,3.942726897521728e-08
20.85021247808,3.942234916287884e-08
20.862864306040002,3.941391256276479e-08
20.875516134,3.940222854304566e-08
20.88816796196,3.938756351319537e-08
20.90081978992,3.937017913083132e-08
20.913471617880003,3.9350330493472234e-08
20.926123445840002,3.9328265613491976e-08
20.9387752738,3.930422440809705e-08
20.95142710176,3.927843866186963e-08
20.96407892972,3.925113066721522e-08
20.976730757680002,3.922251326345339e-08
20.98938258564,3.9192789549176175e-08
21.0020344136,3.9162153059802494e-08
21.01468624156,3.913078807536459e-08
21.027338069520003,3.90988684080548e-08
21.03998989748,3.9066558951358296e-08
21.05264172544,3.903401493266184e-08
21.0652935534,3.900138287217761e-08
21.07794538136,3.896880037966346e-08
21.090597209320002,3.893639657613135e-08
21.10324903728,3.890429277549969e-08
21.11590086524,3.887260241042964e-08
21.1285526932,3.884143131696376e-08
21.141204521160002,3.881087825865359e-08
21.15385634912,3.878103577483247e-08
21.16650817708,3.875198986087087e-08
21.17916000504,3.8723820372117064e-08
21.191811833,3.8696601780681694e-08
21.204463660960002,3.86704032740934e-08
21.21711548892,3.864528875306294e-08
21.22976731688,3.862131808021132e-08
21.24241914484,3.859854631919162e-08
21.255070972800002,3.8577024738756954e-08
21.26772280076,3.855680078015605e-08
21.28037462872,3.8537918399952584e-08
21.29302645668,3.8520418358046866e-08
21.305678284640003,3.8504338859962436e-08
21.3183301126,3.848971492191439e-08
21.33098194056,3.847657914184295e-08
21.34363376852,3.8464962029071264e-08
21.35628559648,3.845489205027008e-08
21.368937424440002,3.844639580657491e-08
21.3815892524,3.8439498310752755e-08
21.39424108036,3.843422286035158e-08
21.40689290832,3.843059172227598e-08
21.419544736280002,3.842862596167577e-08
21.43219656424,3.842834559172481e-08
21.4448483922,3.84297699216863e-08
21.45750022016,3.843291746644615e-08
21.47015204812,3.843780630219873e-08
21.482803876080002,3.844445391584329e-08
21.49545570404,3.845287767559698e-08
21.508107532,3.8463094599364764e-08
21.52075935996,3.8475121570178244e-08
21.533411187920002,3.8488975506996286e-08
21.54606301588,3.850467336597368e-08
21.55871484384,3.8522232209580496e-08
21.5713666718,3.85416693091059e-08
21.584018499760003,3.8563002175375346e-08
21.596670327720002,3.858624864095508e-08
21.60932215568,3.861142683822451e-08
21.62197398364,3.86385552534324e-08
21.6346258116,3.8667652762141897e-08
21.647277639560002,3.869873863221008e-08
21.65992946752,3.873183259449198e-08
21.67258129548,3.8766954686389156e-08
21.68523312344,3.8804125342755824e-08
21.697884951400003,3.884336532671907e-08
21.71053677936,3.888469576329822e-08
21.72318860732,3.892813802312066e-08
21.73584043528,3.897371375377772e-08
21.74849226324,3.902144473960178e-08
21.761144091200002,3.907135293087387e-08
21.77379591916,3.9123460290090295e-08
21.78644774712,3.917778862231364e-08
21.79909957508,3.923435959221882e-08
21.811751403040002,3.9293194759228244e-08
21.824403231,3.9354315005333794e-08
21.83705505896,3.941774103354763e-08
21.84970688692,3.9483492883483225e-08
21.862358714880003,3.955158950922629e-08
21.875010542840002,3.962204917975091e-08
21.8876623708,3.969488892506772e-08
21.90031419876,3.977012447627884e-08
21.91296602672,3.9847770256883097e-08
21.925617854680002,3.992783880744552e-08
21.93826968264,4.001034072545299e-08
21.9509215106,4.0095284546801815e-08
21.96357333856,4.018267645550662e-08
21.976225166520003,4.027251972789314e-08
21.98887699448,4.0364814410729146e-08
22.00152882244,4.045955748483091e-08
22.0141806504,4.0556742477842435e-08
22.02683247836,4.0656358336351455e-08
22.039484306320002,4.075839020742665e-08
22.05213613428,4.086281827832123e-08
22.06478796224,4.09696171767226e-08
22.0774397902,4.1078756135708636e-08
22.090091618160002,4.119019785915809e-08
22.10274344612,4.1303899050469844e-08
22.11539527408,4.141980840911581e-08
22.12804710204,4.153786720795045e-08
22.14069893,4.165800846542589e-08
22.153350757960002,4.178015637151413e-08
22.16600258592,4.1904224905782485e-08
22.17865441388,4.203011872918257e-08
22.19130624184,4.215773091582043e-08
22.203958069800002,4.228694358508118e-08
22.21660989776,4.2417626166820965e-08
22.22926172572,4.254963559618918e-08
22.24191355368,4.2682815641675e-08
22.254565381640003,4.281699585638245e-08
22.267217209600002,4.295199124707028e-08
22.27986903756,4.308760174910524e-08
22.29252086552,4.3223611880073944e-08
22.30517269348,4.335979047320786e-08
22.317824521440002,4.3495890156510446e-08
22.3304763494,4.36316479091065e-08
22.34312817736,4.376678506396458e-08
22.35578000532,4.390100696913175e-08
22.368431833280003,4.403400367473288e-08
22.38108366124,4.416545168938857e-08
22.3937354892,4.429501356521346e-08
22.40638731716,4.4422340751481465e-08
22.41903914512,4.454707398071264e-08
22.431690973080002,4.466884537894517e-08
22.44434280104,4.478728177765588e-08
22.456994629,4.490200696974919e-08
22.46964645696,4.501264416664134e-08
22.482298284920002,4.51188205878709e-08
22.49495011288,4.522016976087734e-08
22.50760194084,4.5316337252256694e-08
22.5202537688,4.540698300267892e-08
22.532905596760003,4.549178759688588e-08
22.545557424720002,4.557045580977537e-08
22.55820925268,4.5642721349111995e-08
22.57086108064,4.570835127813038e-08
22.5835129086,4.5767151170843773e-08
22.596164736560002,4.5818967408263595e-08
22.60881656452,4.5863692546420995e-08
22.62146839248,4.5901266915290595e-08
22.63412022044,4.593168239105412e-08
22.646772048400003,4.595498327436607e-08
22.65942387636,4.597126752476069e-08
22.67207570432,4.598068724336127e-08
22.68472753228,4.598344727775031e-08
22.69737936024,4.597980450350407e-08
22.710031188200002,4.597006474191097e-08
22.72268301616,4.595457975025782e-08
22.73533484412,4.593374321121842e-08
22.74798667208,4.590798618436621e-08
22.760638500040002,4.587777206186008e-08
22.773290328,4.58435911852038e-08
22.78594215596,4.580595416621307e-08
22.79859398392,4.5765386842191006e-08
22.81124581188,4.5824745220434054e-08
22.823897639840002,4.588331439322333e-08
22.8365494678,4.593446969766863e-08
22.84920129576,4.597839326982399e-08
22.86185312372,4.6015299000678855e-08
22.874504951680002,4.604542818031308e-08
22.88715677964,4.606904539809886e-08
22.8998086076,4.608643499007518e-08
22.91246043556,4.609789551245404e-08
22.925112263520003,4.610373818663973e-08
22.937764091480002,4.610428214855923e-08
22.95041591944,4.6099851144187214e-08
22.9630677474,4.609077110811831e-08
22.97571957536,4.6077368267754706e-08
22.988371403320002,4.605996563845049e-08
23.00102323128,4.6038881707542474e-08
23.01367505924,4.601442908443914e-08
23.0263268872,4.598691198378158e-08
23.038978715160003,4.595662652737097e-08
23.05163054312,4.5923858463524926e-08
23.06428237108,4.5888883320859946e-08
23.07693419904,4.585196538671941e-08
23.089586027,4.581335778386179e-08
23.102237854960002,4.5773301942721156e-08
23.11488968292,4.573202740635195e-08
23.12754151088,4.5689751980133545e-08
23.14019333884,4.564668232376867e-08
23.152845166800002,4.560301311720051e-08
23.16549699476,4.5558927860588476e-08
23.17814882272,4.5514599479492516e-08
23.19080065068,4.547019003996712e-08
23.203452478640003,4.542585165161781e-08
23.216104306600002,4.538172646093594e-08
23.22875613456,4.5337947241105015e-08
23.24140796252,4.529463768271301e-08
23.25405979048,4.525191297535896e-08
23.266711618440002,4.520988033188599e-08
23.2793634464,4.5168638976610204e-08
23.29201527436,4.5161169319836776e-08
23.30466710232,4.515184298165329e-08
23.317318930280003,4.513658706995309e-08
23.32997075824,4.511460917033721e-08
23.3426225862,4.5085093813516584e-08
23.35527441416,4.504720440711274e-08
23.36792624212,4.500008604839046e-08
23.380578070080002,4.494286801279964e-08
23.39322989804,4.4874667293332016e-08
23.405881726,4.481684962795494e-08
23.41853355396,4.478904435093251e-08
23.431185381920002,4.4762757843483225e-08
23.44383720988,4.47380222045984e-08
23.45648903784,4.4714866658917806e-08
23.4691408658,4.469331785766014e-08
23.48179269376,4.467339938568386e-08
23.494444521720002,4.465513304538229e-08
23.50709634968,4.4638538207660396e-08
23.51974817764,4.462363257519268e-08
23.5324000056,4.461043185450856e-08
23.545051833560002,4.459895043979606e-08
23.55770366152,4.458920128489949e-08
23.57035548948,4.458119609823092e-08
23.58300731744,4.457494554655653e-08
23.595659145400003,4.457045936108087e-08
23.608310973360002,4.4567746410602164e-08
23.62096280132,4.4566814991204994e-08
23.63361462928,4.456767268027989e-08
23.64626645724,4.4570326663630316e-08
23.658918285200002,4.457478371711791e-08
23.67157011316,4.4581050290233765e-08
23.68422194112,4.458913255462329e-08
23.69687376908,4.459903650547822e-08
23.709525597040003,4.4610767987643815e-08
23.722177425,4.462433272565656e-08
23.73482925296,4.463973635030194e-08
23.74748108092,4.465698446018338e-08
23.76013290888,4.467608248602369e-08
23.772784736840002,4.469703589928147e-08
23.7854365648,4.471984999185403e-08
23.79808839276,4.474452990751966e-08
23.81074022072,4.4771080725457445e-08
23.823392048680002,4.479950719546468e-08
23.83604387664,4.482981397047002e-08
23.8486957046,4.4862005168435135e-08
23.86134753256,4.4896084648055155e-08
23.873999360520003,4.4932055606585045e-08
23.886651188480002,4.496992083625981e-08
23.89930301644,4.5009682155678517e-08
23.9119548444,4.50513407347904e-08
23.92460667236,4.509489664504174e-08
23.937258500320002,4.514034893153748e-08
23.94991032828,4.51876954544276e-08
23.96256215624,4.523693222669648e-08
23.9752139842,4.528805422074923e-08
23.987865812160003,4.534105411071815e-08
24.00051764012,4.539592268915414e-08
24.01316946808,4.545264841561458e-08
24.02582129604,4.5511217718977834e-08
24.038473124,4.557161391427308e-08
24.051124951960002,4.563381713348909e-08
24.06377677992,4.5697804545898315e-08
24.07642860788,4.57635500006267e-08
24.08908043584,4.5831022941966265e-08
24.101732263800002,4.5900189078903546e-08
24.11438409176,4.597100918592944e-08
24.12703591972,4.604343948830255e-08
24.13968774768,4.611743068060339e-08
24.152339575640003,4.619292769087498e-08
24.164991403600002,4.626986936460107e-08
24.17764323156,4.634818825838285e-08
24.19029505952,4.642781004950854e-08
24.20294688748,4.650865209584448e-08
24.215598715440002,4.659062437205619e-08
24.2282505434,4.66736282152757e-08
24.24090237136,4.675755594930215e-08
24.25355419932,4.684229032257899e-08
24.266206027280003,4.692770416883715e-08
24.278857855240002,4.7013659107332535e-08
24.2915096832,4.7100006119462635e-08
24.30416151116,4.7186584478766835e-08
24.31681333912,4.727322117276493e-08
24.329465167080002,4.735973034915141e-08
24.34211699504,4.7445913028824686e-08
24.354768823,4.753155725191343e-08
24.36742065096,4.761643670866313e-08
24.380072478920003,4.770031118447629e-08
24.39272430688,4.778292658763473e-08
24.40537613484,4.7864014527268496e-08
24.4180279628,4.794329240944799e-08
24.43067979076,4.802046380306312e-08
24.443331618720002,4.8095219453766954e-08
24.45598344668,4.8167237518984224e-08
24.46863527464,4.823618406000243e-08
24.4812871026,4.830171561107514e-08
24.493938930560002,4.8363479347672705e-08
24.50659075852,4.842111512199212e-08
24.51924258648,4.8474258547366896e-08
24.53189441444,4.852254229085586e-08
24.544546242400003,4.8565599823025334e-08
24.557198070360002,4.860306832191912e-08
24.56984989832,4.86345917702033e-08
24.58250172628,4.865982557126855e-08
24.59515355424,4.867843977682224e-08
24.607805382200002,4.869012497714989e-08
24.62045721016,4.869459540563642e-08
24.63310903812,4.869159464602081e-08
24.64576086608,4.868089947100955e-08
24.658412694040003,4.866232574865957e-08
24.671064522,4.8635732228692444e-08
24.68371634996,4.860102466346e-08
24.69636817792,4.855816049550163e-08
24.70902000588,4.850715145592071e-08
24.721671833840002,4.844806653716573e-08
24.7343236618,4.8381034980026225e-08
24.74697548976,4.8306245455907395e-08
24.75962731772,4.82239484586743e-08
24.772279145680002,4.8134454354490434e-08
24.78493097364,4.803813331040934e-08
24.7975828016,4.7935410883432994e-08
24.81023462956,4.7826766038578374e-08
24.822886457520003,4.77127269049212e-08
24.835538285480002,4.773761386390073e-08
24.84819011344,4.7864535901914514e-08
24.8608419414,4.7983492439663e-08
24.87349376936,4.809433222982161e-08
24.886145597320002,4.819696268099555e-08
24.89879742528,4.8291348049274226e-08
24.91144925324,4.837750669703212e-08
24.9241010812,4.845550691560775e-08
24.936752909160003,4.852546341552365e-08
24.949404737120002,4.858753373114904e-08
24.96205656508,4.864191279378873e-08
24.97470839304,4.8688829095291155e-08
24.987360221,4.872853970868453e-08
25.000012048960002,4.876132573574436e-08
25.01266387692,4.878748899327224e-08
25.02531570488,4.880734587384679e-08
25.03796753284,4.8821225601462095e-08
25.050619360800003,4.8829464880762106e-08
25.06327118876,4.883240603325178e-08
25.07592301672,4.8830392671968026e-08
25.08857484468,4.882376821755106e-08
25.101226672640003,4.8812872676312094e-08
25.113878500600002,4.879804106580805e-08
25.12653032856,4.877960145174798e-08
25.13918215652,4.875787368186746e-08
25.15183398448,4.8733168628603635e-08
25.164485812440002,4.8705785998603055e-08
25.1771376404,4.86760151022294e-08
25.18978946836,4.864413284130276e-08
25.20244129632,4.861040511169842e-08
25.215093124280003,4.857508495935417e-08
25.227744952240002,4.853841309566301e-08
25.2403967802,4.850061846244883e-08
25.25304860816,4.846191771992192e-08
25.26570043612,4.8422515609009453e-08
25.278352264080002,4.8382605336692473e-08
25.29100409204,4.834236847475828e-08
25.30365592,4.830197615083205e-08
25.31630774796,4.826158882254743e-08
25.328959575920003,4.82213568361317e-08
25.34161140388,4.818142095614758e-08
25.35426323184,4.814191256737646e-08
25.3669150598,4.8102954363886124e-08
25.37956688776,4.8064660605559846e-08
25.392218715720002,4.80271378736865e-08
25.40487054368,4.7990485657535756e-08
25.41752237164,4.7954795539152895e-08
25.4301741996,4.792015324470219e-08
25.442826027560002,4.7886638018136624e-08
25.45547785552,4.78543233311685e-08
25.46812968348,4.782327725872496e-08
25.48078151144,4.7793562954688205e-08
25.493433339400003,4.7765238804807926e-08
25.506085167360002,4.773835855911953e-08
25.51873699532,4.771297242561971e-08
25.53138882328,4.768912658813582e-08
25.54404065124,4.766686366752249e-08
25.556692479200002,4.7646223488354824e-08
25.56934430716,4.7627242803562586e-08
25.58199613512,4.760995558786835e-08
25.59464796308,4.7594393687852334e-08
25.607299791040003,4.758058667845015e-08
25.619951619000002,4.7568562237819574e-08
25.63260344696,4.755834629251581e-08
25.64525527492,4.754996317525072e-08
25.65790710288,4.754343591085667e-08
25.670558930840002,4.7538786463923364e-08
25.6832107588,4.753603563166112e-08
25.69586258676,4.7535203547986626e-08
25.70851441472,4.75363094783238e-08
25.721166242680003,4.7539372124891096e-08
25.73381807064,4.754440980831622e-08
25.7464698986,4.7551440499463765e-08
25.75912172656,4.756048183424701e-08
25.771773554520003,4.75715514320592e-08
25.784425382480002,4.758466676929143e-08
25.79707721044,4.759984531568125e-08
25.8097290384,4.761710461411478e-08
25.82238086636,4.763646230794396e-08
25.835032694320002,4.7657936199754584e-08
25.84768452228,4.768154425670363e-08
25.86033635024,4.770730465950819e-08
25.8729881782,4.7735235688169545e-08
25.885640006160003,4.7765355865343724e-08
25.898291834120002,4.779768391687334e-08
25.91094366208,4.783223861142903e-08
25.92359549004,4.786903882777237e-08
25.936247318,4.790810355367706e-08
25.948899145960002,4.7949451752689984e-08
25.96155097392,4.7993102162500165e-08
25.97420280188,4.803907351908962e-08
25.98685462984,4.80873843070637e-08
25.999506457800003,4.8138052467990965e-08
26.01215828576,4.819109548531403e-08
26.02481011372,4.824653008442514e-08
26.03746194168,4.8304372710485115e-08
26.05011376964,4.836463829286693e-08
26.062765597600002,4.842734097372004e-08
26.07541742556,4.8492493812867897e-08
26.08806925352,4.856010801687399e-08
26.10072108148,4.863019334514914e-08
26.113372909440002,4.870275756016638e-08
26.1260247374,4.877780651374971e-08
26.13867656536,4.885534366242229e-08
26.15132839332,4.893536923981842e-08
26.163980221280003,4.901788131112936e-08
26.176632049240002,4.9102873993007167e-08
26.1892838772,4.919033866919515e-08
26.20193570516,4.9280262043334814e-08
26.21458753312,4.937262720348653e-08
26.227239361080002,4.946741209740882e-08
26.23989118904,4.956458951487279e-08
26.252543017,4.9664126825501106e-08
26.26519484496,4.976598568371565e-08
26.277846672920003,4.987012125066009e-08
26.290498500880002,4.9976481290268796e-08
26.30315032884,5.0085006273751536e-08
26.3158021568,5.019562887436778e-08
26.32845398476,5.030827264307227e-08
26.341105812720002,5.042285212809551e-08
26.35375764068,5.05392719584502e-08
26.36640946864,5.065742605955265e-08
26.3790612966,5.0777197349360756e-08
26.391713124560003,5.089845657567472e-08
26.40436495252,5.102106220389543e-08
26.41701678048,5.1144859368430934e-08
26.42966860844,5.126967934260882e-08
26.442320436400003,5.1395338911156035e-08
26.454972264360002,5.152163920715028e-08
26.46762409232,5.1648366135830976e-08
26.48027592028,5.177528942158818e-08
26.49292774824,5.190216188539255e-08
26.505579576200002,5.202871944115101e-08
26.51823140416,5.2154680933084424e-08
26.53088323212,5.2279747962818425e-08
26.54353506008,5.2403604729439975e-08
26.556186888040003,5.2525918768913094e-08
26.568838716000002,5.264634174522177e-08
26.58149054396,5.276450923084344e-08
26.59414237192,5.288004300866996e-08
26.60679419988,5.2992551527477396e-08
26.619446027840002,5.310163230324426e-08
26.6320978558,5.320687352411544e-08
26.64474968376,5.330785711854853e-08
26.65740151172,5.3404161260546754e-08
26.670053339680003,5.349536412497808e-08
26.68270516764,5.358104667627086e-08
26.6953569956,5.3660797995412365e-08
26.70800882356,5.373421872075693e-08
26.72066065152,5.3800926508751125e-08
26.733312479480002,5.386056111325797e-08
26.74596430744,5.3912788647103836e-08
26.7586161354,5.395730759960789e-08
26.77126796336,5.3993854345409296e-08
26.783919791320002,5.402220730323874e-08
26.79657161928,5.4042193204763115e-08
26.80922344724,5.405369029132081e-08
26.8218752752,5.405663325410943e-08
26.834527103160003,5.4051015757116086e-08
26.847178931120002,5.403689380960882e-08
26.85983075908,5.4014386772329175e-08
26.87248258704,5.3983679055904534e-08
26.885134415,5.3945019320076433e-08
26.897786242960002,5.389871949099862e-08
26.91043807092,5.384515225006954e-08
26.92308989888,5.378474803195061e-08
26.93574172684,5.3717991883548933e-08
26.948393554800003,5.364541632242853e-08
26.961045382760002,5.3567597160262876e-08
26.97369721072,5.348514675065365e-08
26.98634903868,5.33987072488014e-08
26.99900086664,5.3308942988041784e-08
27.011652694600002,5.321653360334879e-08
27.02430452256,5.3208190546319995e-08
27.03695635052,5.32566850524431e-08
27.04960817848,5.32968653465302e-08
27.062260006440003,5.332895029626068e-08
27.0749118344,5.335319515583978e-08
27.08756366236,5.336988639702507e-08
27.10021549032,5.337933719929721e-08
27.112867318280003,5.3381881451647986e-08
27.125519146240002,5.3377870987698665e-08
27.1381709742,5.3367670637799245e-08
27.15082280216,5.335165341436224e-08
27.16347463012,5.3330198052785385e-08
27.176126458080002,5.330368457673333e-08
27.18877828604,5.327249220899349e-08
27.201430114,5.323699643216287e-08
27.21408194196,5.3197566703824754e-08
27.226733769920003,5.315456456581713e-08
27.239385597880002,5.310834206460234e-08
27.25203742584,5.30592403249391e-08
27.2646892538,5.3007588626219136e-08
27.27734108176,5.2953703896858886e-08
27.289992909720002,5.289788951324472e-08
27.30264473768,5.2840435483855784e-08
27.31529656564,5.27816174095589e-08
27.3279483936,5.272169752016239e-08
27.340600221560003,5.266092367951107e-08
27.35325204952,5.2599530756487504e-08
27.36590387748,5.253773979418145e-08
27.37855570544,5.247575841464831e-08
27.391207533400003,5.241378169158218e-08
27.403859361360002,5.235199265186346e-08
27.41651118932,5.2290562051772885e-08
27.42916301728,5.222964958307457e-08
27.44181484524,5.216940399563142e-08
27.454466673200002,5.2109963541147763e-08
27.46711850116,5.205145640314941e-08
27.47977032912,5.1994002022883385e-08
27.49242215708,5.193771027159811e-08
27.505073985040003,5.188268354167567e-08
27.517725813000002,5.182901566031473e-08
27.53037764096,5.177679292337701e-08
27.54302946892,5.172609524281037e-08
27.55568129688,5.1705384974591254e-08
27.568333124840002,5.167687233058987e-08
27.5809849528,5.163905204182599e-08
27.59363678076,5.1590890196234836e-08
27.60628860872,5.1531334659047796e-08
27.618940436680003,5.145931911048396e-08
27.631592264640002,5.141935125287849e-08
27.6442440926,5.1383030010266046e-08
27.65689592056,5.134870666359139e-08
27.66954774852,5.131641309131246e-08
27.682199576480002,5.128617857898971e-08
27.69485140444,5.1258029223185413e-08
27.7075032324,5.1231989064672076e-08
27.72015506036,5.12080799429286e-08
27.732806888320003,5.1186321400128245e-08
27.74545871628,5.116673145137089e-08
27.75811054424,5.1149326665809045e-08
27.7707623722,5.113412233857429e-08
27.783414200160003,5.112113232317849e-08
27.796066028120002,5.111036965544534e-08
27.80871785608,5.110184653685013e-08
27.82136968404,5.109557443729237e-08
27.834021512,5.1091564391195846e-08
27.846673339960002,5.108982692686228e-08
27.85932516792,5.109037222460747e-08
27.87197699588,5.1093210409019664e-08
27.88462882384,5.109835140428881e-08
27.897280651800003,5.1105805110437276e-08
27.909932479760002,5.1115581458994364e-08
27.92258430772,5.1127690473328026e-08
27.93523613568,5.1142142316667464e-08
27.94788796364,5.11589473285782e-08
27.960539791600002,5.117811603754182e-08
27.97319161956,5.1199659138546376e-08
27.98584344752,5.122358753466458e-08
27.99849527548,5.124991233345803e-08
28.011147103440003,5.127864475514037e-08
28.023798931400002,5.130979614944189e-08
28.03645075936,5.134337783745463e-08
28.04910258732,5.137940135770563e-08
28.061754415280003,5.141787788308838e-08
28.074406243240002,5.1458818615504286e-08
28.0870580712,5.1502234388564124e-08
28.09970989916,5.15481357984871e-08
28.11236172712,5.15965327736394e-08
28.125013555080002,5.16474346977728e-08
28.13766538304,5.170085012874828e-08
28.150317211,5.1756786719836434e-08
28.16296903896,5.181525105437342e-08
28.175620866920003,5.1876248274209004e-08
28.188272694880002,5.1939782056665773e-08
28.20092452284,5.200585453523389e-08
28.2135763508,5.2074465717614604e-08
28.22622817876,5.214561342811422e-08
28.238880006720002,5.221929304116145e-08
28.25153183468,5.229549737907646e-08
28.26418366264,5.2374216155048685e-08
28.2768354906,5.2455435558342935e-08
28.289487318560003,5.253913854986522e-08
28.302139146520002,5.2625303510881494e-08
28.31479097448,5.27139048954818e-08
28.32744280244,5.2804912219683164e-08
28.340094630400003,5.289828940966992e-08
28.352746458360002,5.299399564405627e-08
28.36539828632,5.3091983276222646e-08
28.37805011428,5.319219821486063e-08
28.39070194224,5.3294579201518584e-08
28.403353770200003,5.339905769810605e-08
28.41600559816,5.350555640439608e-08
28.42865742612,5.361398975093687e-08
28.44130925408,5.37242624725152e-08
28.453961082040003,5.3836269505711905e-08
28.466612910000002,5.3949894767142675e-08
28.47926473796,5.4065010868789754e-08
28.49191656592,5.418147894265147e-08
28.50456839388,5.429914702640927e-08
28.517220221840002,5.44178497563612e-08
28.5298720498,5.4537408089066664e-08
28.54252387776,5.4657627851182286e-08
28.55517570572,5.477830012651672e-08
28.567827533680003,5.489919995111736e-08
28.580479361640002,5.5020085899986135e-08
28.5931311896,5.51407002087498e-08
28.60578301756,5.526076759725687e-08
28.61843484552,5.5379995786559194e-08
28.631086673480002,5.549807517491182e-08
28.64373850144,5.561467885584689e-08
28.6563903294,5.572946293565024e-08
28.66904215736,5.5842067277793206e-08
28.681693985320003,5.595211597363868e-08
28.694345813280002,5.605921864811162e-08
28.70699764124,5.6162971704712525e-08
28.7196494692,5.626296035143076e-08
28.732301297160003,5.635876013390017e-08
28.744953125120002,5.644994074132775e-08
28.75760495308,5.653606719662567e-08
28.77025678104,5.6616703854919715e-08
28.782908609,5.669141915557462e-08
28.795560436960002,5.675978770169288e-08
28.80821226492,5.68213973160071e-08
28.82086409288,5.6875851788762746e-08
28.83351592084,5.692277763121633e-08
28.846167748800003,5.69618274250122e-08
28.858819576760002,5.699268759874673e-08
28.87147140472,5.701508267046745e-08
28.88412323268,5.702878052404139e-08
28.89677506064,5.703359836615964e-08
28.909426888600002,5.702940686377595e-08
28.92207871656,5.701613483602251e-08
28.93473054452,5.699377323528622e-08
28.94738237248,5.696237794039308e-08
28.960034200440003,5.692207150565003e-08
28.972686028400002,5.6873045293577775e-08
28.98533785636,5.681555805068692e-08
28.99798968432,5.6749937700471497e-08
29.010641512280003,5.6676576135005646e-08
29.023293340240002,5.659592886961682e-08
29.0359451682,5.650850903854945e-08
29.04859699616,5.6570619131943816e-08
29.06124882412,5.6684539928796994e-08
29.073900652080003,5.678942740331706e-08
29.08655248004,5.688514117268329e-08
29.099204308,5.6971607498582194e-08
29.11185613596,5.704881540020472e-08
29.124507963920003,5.711681637383586e-08
29.137159791880002,5.7175717314034574e-08
29.14981161984,5.722567822816368e-08
29.1624634478,5.72669059437745e-08
29.17511527576,5.729964903067895e-08
29.187767103720002,5.732419356838732e-08
29.20041893168,5.7340857162554405e-08
29.21307075964,5.734998280093162e-08
29.2257225876,5.735193580866849e-08
29.238374415560003,5.7347098005681224e-08
29.251026243520002,5.733586287127411e-08
29.26367807148,5.731863141295066e-08
29.27632989944,5.729580930668906e-08
29.2889817274,5.726780261610421e-08
29.301633555360002,5.7235014929619044e-08
29.31428538332,5.719784504422942e-08
29.32693721128,5.715668411059626e-08
29.33958903924,5.7111914169674094e-08
29.352240867200003,5.7063906325895705e-08
29.364892695160002,5.7013019632385056e-08
29.37754452312,5.6959599759206863e-08
29.39019635108,5.6903978734420656e-08
29.402848179040003,5.68464742606175e-08
29.415500007000002,5.6787388605395195e-08
29.42815183496,5.672700980254523e-08
29.44080366292,5.6665610433612703e-08
29.45345549088,5.6603448112937515e-08
29.466107318840002,5.6540766119591604e-08
29.4787591468,5.647779371076103e-08
29.49141097476,5.64147458150284e-08
29.50406280272,5.635182360227548e-08
29.516714630680003,5.6289215556561846e-08
29.529366458640002,5.622709778504274e-08
29.5420182866,5.616563395625352e-08
29.55467011456,5.6104976607820054e-08
29.56732194252,5.6045267222254536e-08
29.579973770480002,5.5986637377609925e-08
29.59262559844,5.592920824315595e-08
29.6052774264,5.5873092058580676e-08
29.61792925436,5.5818392324738585e-08
29.630581082320003,5.5765204504684665e-08
29.643232910280002,5.5713615893725405e-08
29.65588473824,5.5663707289798735e-08
29.6685365662,5.561555202848621e-08
29.681188394160003,5.556921781872185e-08
29.693840222120002,5.5524766157394366e-08
29.70649205008,5.5482253235283285e-08
29.71914387804,5.544172998162653e-08
29.731795706,5.5403243171018326e-08
29.744447533960003,5.536683466548066e-08
29.75709936192,5.533254285322206e-08
29.76975118988,5.53004023899612e-08
29.78240301784,5.5270444683103545e-08
29.795054845800003,5.524269811805476e-08
29.807706673760002,5.52171882068491e-08
29.82035850172,5.5193938219065515e-08
29.83301032968,5.517296916229937e-08
29.84566215764,5.515430017901335e-08
29.858313985600002,5.513794853147736e-08
29.87096581356,5.5123930008710287e-08
29.88361764152,5.5112259318027365e-08
29.89626946948,5.510294983608095e-08
29.908921297440003,5.509601398375189e-08
29.921573125400002,5.509146348810371e-08
29.93422495336,5.508930945241332e-08
29.94687678132,5.5089562561729895e-08
29.95952860928,5.5092233056838756e-08
29.972180437240002,5.509733097136805e-08
29.9848322652,5.510486624943283e-08
29.99748409316,5.51148487330431e-08
30.01013592112,5.512728835781411e-08
30.022787749080003,5.5142195157568633e-08
30.035439577040002,5.51595793202928e-08
30.048091405,5.517945125733229e-08
30.06074323296,5.5201821608796586e-08
30.073395060920003,5.522670127160108e-08
30.086046888880002,5.525410141416491e-08
30.09869871684,5.528403346247961e-08
30.1113505448,5.5316509075928534e-08
30.12400237276,5.535154010553799e-08
30.136654200720002,5.5389138554620086e-08
30.14930602868,5.5429316475884075e-08
30.16195785664,5.547208602306349e-08
30.1746096846,5.551745919422389e-08
30.187261512560003,5.556544807405705e-08
30.199913340520002,5.5616064254608145e-08
30.21256516848,5.566931899036079e-08
30.22521699644,5.5725223038062325e-08
30.2378688244,5.5783786413823124e-08
30.250520652360002,5.5845018583678037e-08
30.26317248032,5.590892769023211e-08
30.27582430828,5.597552089524493e-08
30.28847613624,5.60448040442124e-08
30.301127964200003,5.6116780906466776e-08
30.313779792160002,5.619145387747295e-08
30.32643162012,5.6268823102770414e-08
30.33908344808,5.6348886474549256e-08
30.351735276040003,5.6431639084802225e-08
30.364387104000002,5.651707304194858e-08
30.37703893196,5.6605177539224175e-08
30.38969075992,5.66959378548721e-08
30.40234258788,5.678933500305904e-08
30.414994415840003,5.6885346268462196e-08
30.4276462438,5.698394369988171e-08
30.44029807176,5.7085094074292414e-08
30.45294989972,5.718875894031622e-08
30.465601727680003,5.72948931786441e-08
30.478253555640002,5.7403445372197216e-08
30.4909053836,5.751435645806179e-08
30.50355721156,5.762755989735289e-08
30.51620903952,5.774298032483073e-08
30.528860867480002,5.786053376691129e-08
30.54151269544,5.7980126632104545e-08
30.5541645234,5.810165454151526e-08
30.56681635136,5.8225002498349135e-08
30.579468179320003,5.835004326985427e-08
30.592120007280002,5.8476637362822515e-08
30.60477183524,5.86046318171371e-08
30.6174236632,5.8733860264936994e-08
30.630075491160003,5.8864140823236915e-08
30.642727319120002,5.899527654480188e-08
30.65537914708,5.912705408956212e-08
30.66803097504,5.925924349469025e-08
30.680682803,5.9391597114810645e-08
30.693334630960003,5.952384938225748e-08
30.705986458920002,5.965571615869435e-08
30.71863828688,5.97868943767885e-08
30.73129011484,5.991706230032636e-08
30.743941942800003,6.00458789114561e-08
30.756593770760002,6.017298403044442e-08
30.76924559872,6.029799951609368e-08
30.78189742668,6.042052881808061e-08
30.79454925464,6.054015832794147e-08
30.807201082600002,6.065645928038585e-08
30.81985291056,6.076898862239652e-08
30.83250473852,6.087729090856566e-08
30.84515656648,6.098090113534151e-08
30.857808394440003,6.107934773181212e-08
30.870460222400002,6.117215558275198e-08
30.88311205036,6.125884988664687e-08
30.89576387832,6.13389599522829e-08
30.90841570628,6.141202496735452e-08
30.921067534240002,6.147759818680286e-08
30.9337193622,6.153525234662624e-08
30.94637119016,6.158458623176125e-08
30.95902301812,6.162522961087035e-08
30.971674846080003,6.165684995980453e-08
30.984326674040002,6.167915822992668e-08
30.996978502,6.169191522521311e-08
31.00963032996,6.169493713996966e-08
31.022282157920003,6.168809960655024e-08
31.034933985880002,6.167134404720786e-08
31.04758581384,6.164468093858308e-08
31.0602376418,6.160819281470776e-08
31.07288946976,6.156203596696781e-08
31.085541297720003,6.150644294353622e-08
31.09819312568,6.144172112477383e-08
31.11084495364,6.136825174783691e-08
31.1234967816,6.128648796252409e-08
31.136148609560003,6.119695069463189e-08
31.148800437520002,6.110022387543014e-08
31.16145226548,6.099694894645005e-08
31.17410409344,6.088781832144531e-08
31.1867559214,6.104827688496053e-08
31.199407749360002,6.120902670157803e-08
31.21205957732,6.135895195141809e-08
31.22471140528,6.149797845247923e-08
31.23736323324,6.162610198464047e-08
31.250015061200003,6.174338528316687e-08
31.262666889160002,6.184995197083971e-08
31.27531871712,6.19459826917308e-08
31.28797054508,6.20317079561415e-08
31.300622373040003,6.210740371906768e-08
31.313274201000002,6.217338492036322e-08
31.32592602896,6.22299996430763e-08
31.33857785692,6.22776232116697e-08
31.35122968488,6.231665403724689e-08
31.363881512840003,6.234750747181151e-08
31.376533340800002,6.237061118716945e-08
31.38918516876,6.238640102511009e-08
31.40183699672,6.239531702195284e-08
31.414488824680003,6.239780009262737e-08
31.427140652640002,6.23942885739405e-08
31.4397924806,6.238521513391405e-08
31.45244430856,6.2371005711834e-08
31.46509613652,6.235207612490518e-08
31.477747964480002,6.232883104954069e-08
31.49039979244,6.230166296764108e-08
31.5030516204,6.227095091676834e-08
31.51570344836,6.223705905046738e-08
31.528355276320003,6.220033722761199e-08
31.541007104280002,6.216111966084397e-08
31.55365893224,6.211972534957477e-08
31.5663107602,6.207645787966838e-08
31.578962588160003,6.203160491963774e-08
31.591614416120002,6.198543989225999e-08
31.60426624408,6.193822048522476e-08
31.61691807204,6.189019062995757e-08
31.6295699,6.184157955444559e-08
31.642221727960003,6.179260296155761e-08
31.654873555920002,6.174346358330584e-08
31.66752538388,6.169435120590086e-08
31.68017721184,6.16454439573492e-08
31.692829039800003,6.159690818441934e-08
31.705480867760002,6.154889914607112e-08
31.71813269572,6.150156208614794e-08
31.73078452368,6.145503174892784e-08
31.74343635164,6.140943405119859e-08
31.756088179600003,6.1364885884778e-08
31.76874000756,6.132149561502663e-08
31.78139183552,6.127936398872844e-08
31.79404366348,6.123858434860215e-08
31.806695491440003,6.119924331788318e-08
31.819347319400002,6.116142063453938e-08
31.83199914736,6.1125190404364e-08
31.84465097532,6.109062118299763e-08
31.85730280328,6.105777607601444e-08
31.869954631240002,6.102671341569887e-08
31.8826064592,6.099748711837753e-08
31.89525828716,6.097014704529601e-08
31.90791011512,6.094473912321219e-08
31.920561943080003,6.092130596476481e-08
31.933213771040002,6.089988684353141e-08
31.945865599,6.088051824283315e-08
31.95851742696,6.086323398932582e-08
31.971169254920003,6.084806554052357e-08
31.983821082880002,6.083504223450963e-08
31.99647291084,6.08241914434603e-08
32.009124738800004,6.081553900633681e-08
32.02177656676,6.080910901070451e-08
32.03442839472,6.080492448836865e-08
32.04708022268,6.080300714208569e-08
32.05973205064,6.080337782248592e-08
32.0723838786,6.080605642937805e-08
32.08503570656,6.081106225688691e-08
32.09768753452,6.081841391197018e-08
32.110339362480005,6.082812954447875e-08
32.122991190440004,6.084022690623704e-08
32.1356430184,6.085472339760973e-08
32.14829484636,6.087163614094988e-08
32.16094667432,6.08909820409824e-08
32.17359850228,6.091277776939699e-08
32.18625033024,6.093703985632059e-08
32.1989021582,6.096378460021787e-08
32.21155398616,6.099302812527215e-08
32.224205814120005,6.10247862297918e-08
32.236857642080004,6.105907464301698e-08
32.24950947004,6.109590854079188e-08
32.262161298,6.113530284672925e-08
32.27481312596,6.117727191026996e-08
32.28746495392,6.122182954169334e-08
32.30011678188,6.126898887790587e-08
32.31276860984,6.131876206056997e-08
32.3254204378,6.137116050753797e-08
32.338072265760005,6.142619423131677e-08
32.350724093720004,6.148387223298706e-08
32.36337592168,6.154420171904254e-08
32.37602774964,6.160718823945179e-08
32.3886795776,6.167283562367505e-08
32.40133140556,6.17411453308123e-08
32.41398323352,6.181211675089364e-08
32.42663506148,6.188574604905188e-08
32.43928688944,6.196202680248632e-08
32.451938717400004,6.20409490998129e-08
32.464590545360004,6.212249974641911e-08
32.47724237332,6.220666116879267e-08
32.48989420128,6.229341198883487e-08
32.50254602924,6.238272582407051e-08
32.5151978572,6.2474571113132e-08
32.52784968516,6.256891096181929e-08
32.54050151312,6.266570228577132e-08
32.55315334108,6.276489595929097e-08
32.565805169040004,6.286643536706394e-08
32.578456997,6.297025661665817e-08
32.59110882496,6.307628735421431e-08
32.60376065292,6.318444720717978e-08
32.61641248088,6.329464650943961e-08
32.62906430884,6.34067851644589e-08
32.6417161368,6.352075282921957e-08
32.65436796476,6.363642782452e-08
32.66701979272,6.375367673607956e-08
32.679671620680004,6.387235327791569e-08
32.69232344864,6.39922979169635e-08
32.7049752766,6.411333684147758e-08
32.71762710456,6.423528159144913e-08
32.73027893252,6.435792777115713e-08
32.74293076048,6.448105514814112e-08
32.75558258844,6.460442643592936e-08
32.7682344164,6.472778635878243e-08
32.780886244360005,6.4850861734907e-08
32.793538072320004,6.497336079910085e-08
32.80618990028,6.509497213594349e-08
32.81884172824,6.521536563026768e-08
32.8314935562,6.53341912291874e-08
32.84414538416,6.545107920472484e-08
32.85679721212,6.556564103567839e-08
32.86944904008,6.5677469044539e-08
32.88210086804,6.578613705841179e-08
32.894752696000005,6.589120223589284e-08
32.907404523960004,6.59922062152864e-08
32.92005635192,6.60886761815154e-08
32.93270817988,6.618012699740084e-08
32.94536000784,6.626606485291113e-08
32.9580118358,6.634598957084088e-08
32.97066366376,6.641939790111574e-08
32.98331549172,6.648578748320757e-08
32.99596731968,6.654466200967978e-08
33.008619147640005,6.659553513801652e-08
33.021270975600004,6.663793613350361e-08
33.03392280356,6.667141621825296e-08
33.04657463152,6.669555370864425e-08
33.05922645948,6.670996025789687e-08
33.07187828744,6.671428837095167e-08
33.0845301154,6.670823647858615e-08
33.09718194336,6.669155564123437e-08
33.10983377132,6.666405680404953e-08
33.122485599280004,6.662561460522919e-08
33.135137427240004,6.657617279787994e-08
33.1477892552,6.651574966827751e-08
33.16044108316,6.644444113561493e-08
33.17309291112,6.636242256362244e-08
33.18574473908,6.626994980059009e-08
33.19839656704,6.616736113176712e-08
33.211048395,6.605507399850568e-08
33.22370022296,6.593358411857577e-08
33.236352050920004,6.58034612764187e-08
33.24900387888,6.566534423498382e-08
33.26165570684,6.55199351858791e-08
33.2743075348,6.544780518021564e-08
33.28695936276,6.551942867922063e-08
33.29961119072,6.558072144288215e-08
33.31226301868,6.563165158028117e-08
33.32491484664,6.56722589651954e-08
33.3375666746,6.570265135373808e-08
33.350218502560004,6.572299801254586e-08
33.36287033052,6.573352618773322e-08
33.37552215848,6.5734514596272e-08
33.38817398644,6.572628744931155e-08
33.4008258144,6.570920824971436e-08
33.41347764236,6.568367393166588e-08
33.42612947032,6.565010759170754e-08
33.43878129828,6.560895522878008e-08
33.451433126240005,6.556067822016571e-08
33.464084954200004,6.550574817399277e-08
33.47673678216,6.544464339888414e-08
33.48938861012,6.537784387313631e-08
33.50204043808,6.53058277645908e-08
33.51469226604,6.522906718224311e-08
33.527344094,6.514802654467872e-08
33.53999592196,6.506315938142614e-08
33.55264774992,6.497490575931805e-08
33.565299577880005,6.488369182316004e-08
33.577951405840004,6.47899276274412e-08
33.5906032338,6.469400639528323e-08
33.60325506176,6.459630325762516e-08
33.61590688972,6.44971757370781e-08
33.62855871768,6.439696317072902e-08
33.64121054564,6.429598600395199e-08
33.6538623736,6.419454655943687e-08
33.66651420156,6.409292945233219e-08
33.679166029520005,6.399140175402409e-08
33.691817857480004,6.389021307058092e-08
33.70446968544,6.378959643648314e-08
33.7171215134,6.368976912910183e-08
33.72977334136,6.359093298564209e-08
33.74242516932,6.349327520288444e-08
33.75507699728,6.339696896567832e-08
33.76772882524,6.330217416811403e-08
33.7803806532,6.320903809002339e-08
33.793032481160004,6.31176962805657e-08
33.805684309120004,6.302827293215591e-08
33.81833613708,6.29408820658996e-08
33.83098796504,6.285562734747203e-08
33.843639793,6.277260345954771e-08
33.85629162096,6.269189638219403e-08
33.86894344892,6.261358380076566e-08
33.88159527688,6.253773660361423e-08
33.89424710484,6.246441810580944e-08
33.906898932800004,6.239368537204709e-08
33.91955076076,6.23255899517366e-08
33.93220258872,6.226017729544379e-08
33.94485441668,6.219748813873982e-08
33.95750624464,6.213755835698693e-08
33.9701580726,6.208042017262051e-08
33.98280990056,6.202610142545133e-08
33.99546172852,6.197462683723156e-08
34.00811355648,6.192601792732589e-08
34.020765384440004,6.188029329956671e-08
34.0334172124,6.183746913958548e-08
34.04606904036,6.179755965920764e-08
34.05872086832,6.176057685724061e-08
34.07137269628,6.172653109063127e-08
34.08402452424,6.169543152491866e-08
34.0966763522,6.16672857346978e-08
34.10932818016,6.16421007690612e-08
34.121980008120005,6.161988259564011e-08
34.134631836080004,6.160063668848638e-08
34.14728366404,6.158436809402482e-08
34.159935492,6.157108142348464e-08
34.17258731996,6.156078139140182e-08
34.18523914792,6.155347261662813e-08
34.19789097588,6.154915985408354e-08
34.21054280384,6.15478480358604e-08
34.2231946318,6.154954244334895e-08
34.235846459760005,6.15542487224442e-08
34.248498287720004,6.156197299728474e-08
34.26115011568,6.157272187833858e-08
34.27380194364,6.158650251352663e-08
34.2864537716,6.160332260819249e-08
34.29910559956,6.162319042760107e-08
34.31175742752,6.164611475686311e-08
34.32440925548,6.167210494224014e-08
34.33706108344,6.170117077684994e-08
34.349712911400005,6.17333225644275e-08
34.362364739360004,6.176857099867665e-08
34.37501656732,6.180692702561715e-08
34.38766839528,6.184840188233017e-08
34.40032022324,6.189300683757396e-08
34.4129720512,6.194075312109628e-08
34.42562387916,6.199165187670387e-08
34.43827570712,6.204571410438104e-08
34.45092753508,6.210295007426732e-08
34.463579363040004,6.216336958627176e-08
34.476231191000004,6.22269817236915e-08
34.48888301896,6.229379452403081e-08
34.50153484692,6.23638145978567e-08
34.51418667488,6.24370472091923e-08
34.52683850284,6.251349587865148e-08
34.5394903308,6.259316210128818e-08
34.55214215876,6.267604522909098e-08
34.56479398672,6.276214199931872e-08
34.577445814680004,6.285144605059565e-08
34.59009764264,6.294394774370972e-08
34.6027494706,6.303963373117708e-08
34.61540129856,6.313848727711215e-08
34.62805312652,6.324048631416703e-08
34.64070495448,6.334560409330773e-08
34.65335678244,6.345380879233888e-08
34.6660086104,6.356506243200934e-08
34.678660438360005,6.367932073155511e-08
34.691312266320004,6.37965322167136e-08
34.70396409428,6.391663857196816e-08
34.71661592224,6.403957211593249e-08
34.7292677502,6.41652573520389e-08
34.74191957816,6.429360883125398e-08
34.75457140612,6.442453099631534e-08
34.76722323408,6.455791701238735e-08
34.77987506204,6.469364854365522e-08
34.792526890000005,6.48315950040784e-08
34.805178717960004,6.497161213548583e-08
34.81783054592,6.511354112273836e-08
34.83048237388,6.525720879529864e-08
34.84313420184,6.540242580988927e-08
34.8557860298,6.554898644372519e-08
34.86843785776,6.569666705386622e-08
34.88108968572,6.58452260367595e-08
34.89374151368,6.599440251071405e-08
34.906393341640005,6.614391633646462e-08
34.919045169600004,6.629346698934911e-08
34.93169699756,6.644273296009881e-08
34.94434882552,6.659137197566852e-08
34.95700065348,6.673902052623161e-08
34.96965248144,6.688529380107717e-08
34.9823043094,6.702978690064133e-08
34.99495613736,6.717207339592177e-08
35.00760796532,6.731170821392978e-08
35.020259793280005,6.744822747805297e-08
35.032911621240004,6.75811510223705e-08
35.0455634492,6.770998376836237e-08
35.05821527716,6.783421825661462e-08
35.07086710512,6.795333767144131e-08
35.08351893308,6.80668187378165e-08
35.09617076104,6.817413684452156e-08
35.108822589,6.827476904291814e-08
35.12147441696,6.836819990848806e-08
35.134126244920004,6.845392625678965e-08
35.146778072880004,6.853146376192161e-08
35.15942990084,6.860035212769061e-08
35.1720817288,6.866016294073774e-08
35.18473355676,6.871050399451622e-08
35.19738538472,6.875102833010192e-08
35.21003721268,6.878143967920129e-08
35.22268904064,6.880149894510287e-08
35.2353408686,6.881102994541422e-08
35.247992696560004,6.880992500119361e-08
35.26064452452,6.879815009776729e-08
35.27329635248,6.877574790053311e-08
35.28594818044,6.87428412371255e-08
35.2986000084,6.869963443466567e-08
35.31125183636,6.864641365816525e-08
35.32390366432,6.858354662218086e-08
35.33655549228,6.851147981256587e-08
35.349207320240005,6.843073579628819e-08
35.361859148200004,6.834190781477456e-08
35.37451097616,6.824565431132249e-08
35.38716280412,6.830545391890405e-08
35.39981463208,6.847775816258649e-08
35.41246646004,6.863864070705308e-08
35.425118288,6.878794043420318e-08
35.43777011596,6.892557739891562e-08
35.45042194392,6.90515487955746e-08
35.463073771880005,6.91659252280437e-08
35.475725599840004,6.926884473796569e-08
35.4883774278,6.936050715232984e-08
35.50102925576,6.944116821837661e-08
35.51368108372,6.951113282740283e-08
35.52633291168,6.957074943443847e-08
35.53898473964,6.962040286492579e-08
35.5516365676,6.966050885247129e-08
35.56428839556,6.969150687146464e-08
35.576940223520005,6.971385609266681e-08
35.589592051480004,6.972802884202374e-08
35.60224387944,6.973450651058211e-08
35.6148957074,6.973377501408722e-08
35.62754753536,6.972632070340188e-08
35.64019936332,6.971262650076485e-08
35.65285119128,6.969316964058134e-08
35.66550301924,6.9668418835164e-08
35.6781548472,6.963883193397744e-08
35.690806675160005,6.960485396199865e-08
35.703458503120004,6.956691606767345e-08
35.71611033108,6.952543392283216e-08
35.72876215904,6.948080725127472e-08
35.741413987,6.943341877465831e-08
35.75406581496,6.938363457947398e-08
35.76671764292,6.933180304643361e-08
35.77936947088,6.927825537532277e-08
35.79202129884,6.922330557024504e-08
35.804673126800004,6.916725067013383e-08
35.817324954760004,6.911037101780765e-08
35.82997678272,6.90529307980968e-08
35.84262861068,6.899517840002748e-08
35.85528043864,6.893734718522558e-08
35.8679322666,6.887965587915633e-08
35.88058409456,6.882230901887032e-08
35.89323592252,6.876549787475277e-08
35.90588775048,6.87094011209291e-08
35.918539578440004,6.865418475743225e-08
35.9311914064,6.86000038396529e-08
35.94384323436,6.8547002167328e-08
35.95649506232,6.849531314951093e-08
35.96914689028,6.84450605941766e-08
35.98179871824,6.839635911016891e-08
35.9944505462,6.834931475514348e-08
36.00710237416,6.830402548468165e-08
36.019754202120005,6.826058177494774e-08
36.032406030080004,6.821906718179061e-08
36.04505785804,6.817955848155038e-08
36.057709686,6.814212626849467e-08
36.07036151396,6.810683576213236e-08
36.08301334192,6.807374684466929e-08
36.09566516988,6.804291451110676e-08
36.10831699784,6.801438943982248e-08
36.1209688258,6.798821824947976e-08
36.133620653760005,6.796444367687122e-08
36.146272481720004,6.794310516200674e-08
36.15892430968,6.792423901664617e-08
36.17157613764,6.79078788461034e-08
36.1842279656,6.789405576852602e-08
36.19687979356,6.788279862277804e-08
36.20953162152,6.787413441743144e-08
36.22218344948,6.786808829079672e-08
36.23483527744,6.786468403932071e-08
36.247487105400005,6.786394389480849e-08
36.260138933360004,6.786588918109484e-08
36.27279076132,6.787054025707198e-08
36.28544258928,6.787791664558922e-08
36.29809441724,6.788803734808656e-08
36.3107462452,6.790092082645359e-08
36.32339807316,6.791658516297446e-08
36.33604990112,6.793504817114505e-08
36.34870172908,6.795632748133097e-08
36.361353557040005,6.798044060814011e-08
36.374005385000004,6.800740498705165e-08
36.38665721296,6.803723805425678e-08
36.39930904092,6.806995720226285e-08
36.41196086888,6.810557988409046e-08
36.42461269684,6.81441235024466e-08
36.4372645248,6.818560538202762e-08
36.44991635276,6.823004288315225e-08
36.46256818072,6.827745315957591e-08
36.475220008680004,6.832785317706117e-08
36.487871836640004,6.838125964331306e-08
36.5005236646,6.843768876175937e-08
36.51317549256,6.849715642415486e-08
36.52582732052,6.855967749203259e-08
36.53847914848,6.862526661443775e-08
36.55113097644,6.869393676264018e-08
36.5637828044,6.876570006681906e-08
36.57643463236,6.884056740365963e-08
36.589086460320004,6.891854800341624e-08
36.60173828828,6.89996492820977e-08
36.61439011624,6.908387638487744e-08
36.6270419442,6.917123232334535e-08
36.63969377216,6.926171733152931e-08
36.65234560012,6.93553288109749e-08
36.66499742808,6.945206057297018e-08
36.67764925604,6.955190298224987e-08
36.690301084000005,6.965484261675457e-08
36.702952911960004,6.976086108634099e-08
36.71560473992,6.986993574819743e-08
36.72825656788,6.998203829469535e-08
36.74090839584,7.009713425871059e-08
36.7535602238,7.021518364054659e-08
36.76621205176,7.033613896059292e-08
36.77886387972,7.045994594216565e-08
36.79151570768,7.058654175583775e-08
36.804167535640005,7.071585494213694e-08
36.816819363600004,7.084780501127402e-08
36.82947119156,7.09823016580892e-08
36.84212301952,7.111924340039106e-08
36.85477484748,7.125851741668428e-08
36.86742667544,7.139999874437161e-08
36.8800785034,7.154354933373456e-08
36.89273033136,7.168901729922127e-08
36.90538215932,7.183623569353464e-08
36.918033987280005,7.19850221442708e-08
36.930685815240004,7.213517778202146e-08
36.9433376432,7.228648663204719e-08
36.95598947116,7.243871419440244e-08
36.96864129912,7.25916064629398e-08
36.98129312708,7.274489029702484e-08
36.99394495504,7.289827171337346e-08
37.006596783,7.305143473647035e-08
37.01924861096,7.320404270310908e-08
37.031900438920005,7.335573545979882e-08
37.044552266880004,7.350613072124349e-08
37.05720409484,7.365482329065273e-08
37.0698559228,7.380138480963499e-08
37.08250775076,7.394536464623685e-08
37.09515957872,7.408629076076547e-08
37.10781140668,7.4223669715296e-08
37.12046323464,7.435698835602549e-08
37.1331150626,7.448571542294082e-08
37.145766890560004,7.460930373680186e-08
37.158418718520004,7.472719376338424e-08
37.17107054648,7.483881430283078e-08
37.18372237444,7.494358880886059e-08
37.1963742024,7.504093826041776e-08
37.20902603036,7.513028538022637e-08
37.22167785832,7.521106120623579e-08
37.23432968628,7.528271064856517e-08
37.246981514240005,7.53446978793434e-08
37.259633342200004,7.539651391440988e-08
37.27228517016,7.543768356800929e-08
37.28493699812,7.54677722934654e-08
37.29758882608,7.548639406956026e-08
37.31024065404,7.549321858728547e-08
37.322892482,7.548797798567035e-08
37.33554430996,7.547047415735115e-08
37.34819613792,7.544058472327548e-08
37.360847965880005,7.539826864736845e-08
37.373499793840004,7.534357049452944e-08
37.3861516218,7.527662432056821e-08
37.39880344976,7.51976557886285e-08
37.41145527772,7.510698336612196e-08
37.42410710568,7.500501671515767e-08
37.43675893364,7.489225682899908e-08
37.4494107616,7.47692909769344e-08
37.46206258956,7.463678850837337e-08
37.474714417520005,7.449549456257324e-08
37.487366245480004,7.455095889709796e-08
37.50001807344,7.470651510193896e-08
37.5126699014,7.484956014056639e-08
37.52532172936,7.497992183799802e-08
37.53797355732,7.509751823073727e-08
37.55062538528,7.520235215214943e-08
37.56327721324,7.529450755156043e-08
37.5759290412,7.53741435585499e-08
37.588580869160005,7.544148807013228e-08
37.601232697120004,7.549683095914736e-08
37.61388452508,7.554051798123585e-08
37.62653635304,7.557294255220816e-08
37.639188181,7.559453918020573e-08
37.65184000896,7.560577682492554e-08
37.66449183692,7.560715096886318e-08
37.67714366488,7.559917884909998e-08
37.68979549284,7.558239243473554e-08
37.702447320800005,7.555733349967024e-08
37.715099148760004,7.552454821208042e-08
37.72775097672,7.548458300357211e-08
37.74040280468,7.543798024682227e-08
37.75305463264,7.538527539127258e-08
37.7657064606,7.532699270201582e-08
37.77835828856,7.52636445706376e-08
37.79101011652,7.519572851995214e-08
37.80366194448,7.512372477537086e-08
37.816313772440004,7.504809654374088e-08
37.828965600400004,7.496928783538707e-08
37.84161742836,7.488772326439735e-08
37.85426925632,7.480380787861611e-08
37.86692108428,7.471792618236739e-08
37.87957291224,7.463044313433917e-08
37.8922247402,7.454170325331214e-08
37.90487656816,7.445203204784638e-08
37.917528396120005,7.436173567158182e-08
37.930180224080004,7.427110157719794e-08
37.94283205204,7.418039921153982e-08
37.95548388,7.408988060472468e-08
37.96813570796,7.399978117653147e-08
37.98078753592,7.391032005282541e-08
37.99343936388,7.382170131352989e-08
38.00609119184,7.373411425726395e-08
38.0187430198,7.364773479277285e-08
38.031394847760005,7.356272516916258e-08
38.044046675720004,7.347923559324395e-08
38.05669850368,7.339740455764543e-08
38.06935033164,7.331735922565642e-08
38.0820021596,7.323921666716589e-08
38.09465398756,7.316308464266058e-08
38.10730581552,7.308906117164151e-08
38.11995764348,7.301723634081049e-08
38.13260947144,7.294769193500153e-08
38.145261299400005,7.288050271611357e-08
38.157913127360004,7.281573615721786e-08
38.17056495532,7.275345385020145e-08
38.18321678328,7.269371157617309e-08
38.19586861124,7.263655930419313e-08
38.2085204392,7.258204227273325e-08
38.22117226716,7.253020128710746e-08
38.23382409512,7.24810726719374e-08
38.24647592308,7.243468942094084e-08
38.259127751040005,7.239108064537643e-08
38.271779579000004,7.235027260678238e-08
38.28443140696,7.23122886545086e-08
38.29708323492,7.22771498083648e-08
38.30973506288,7.224487464321189e-08
38.32238689084,7.221547990962989e-08
38.3350387188,7.218898064402412e-08
38.34769054676,7.216539039014822e-08
38.36034237472,7.214472145097078e-08
38.372994202680005,7.212698489055456e-08
38.385646030640004,7.211219106242005e-08
38.3982978586,7.210034951687135e-08
38.41094968656,7.209146920499943e-08
38.42360151452,7.208555859399253e-08
38.43625334248,7.208262583699608e-08
38.44890517044,7.208267878204892e-08
38.4615569984,7.208572513906531e-08
38.47420882636,7.209177247192708e-08
38.486860654320004,7.210082828919828e-08
38.499512482280004,7.211290007276274e-08
38.51216431024,7.212799522624377e-08
38.5248161382,7.214612114853028e-08
38.53746796616,7.216728521718321e-08
38.55011979412,7.219149461967954e-08
38.56277162208,7.221875648947844e-08
38.57542345004,7.224907766220231e-08
38.588075278000005,7.228246473422726e-08
38.600727105960004,7.231892375041162e-08
38.61337893392,7.235846027023895e-08
38.62603076188,7.240107930892707e-08
38.63868258984,7.244678486456053e-08
38.6513344178,7.249557996060348e-08
38.66398624576,7.254746652563004e-08
38.67663807372,7.260244493031737e-08
38.68928990168,7.266051395499991e-08
38.701941729640005,7.272167061308487e-08
38.714593557600004,7.278590961526427e-08
38.72724538556,7.28532233724196e-08
38.73989721352,7.292360165728014e-08
38.75254904148,7.299703096507545e-08
38.76520086944,7.307349467907453e-08
38.7778526974,7.315297238939437e-08
38.79050452536,7.323543953368271e-08
38.80315635332,7.332086694337139e-08
38.815808181280005,7.340922082209371e-08
38.828460009240004,7.350046161191168e-08
38.8411118372,7.359454433456542e-08
38.85376366516,7.369141720782917e-08
38.86641549312,7.379102203592959e-08
38.87906732108,7.389329238186565e-08
38.89171914904,7.399815490257443e-08
38.904370977,7.410552679390925e-08
38.91702280496,7.421531636933739e-08
38.929674632920005,7.43274215278947e-08
38.942326460880004,7.444172997150913e-08
38.95497828884,7.455811768755536e-08
38.9676301168,7.467644854199511e-08
38.98028194476,7.479657391674024e-08
38.99293377272,7.491833095272669e-08
39.00558560068,7.50415424839448e-08
39.01823742864,7.516601581851477e-08
39.0308892566,7.529154251147074e-08
39.043541084560005,7.541789661518657e-08
39.056192912520004,7.554483465109822e-08
39.06884474048,7.567209401735929e-08
39.08149656844,7.579939329189715e-08
39.0941483964,7.592643095513866e-08
39.10680022436,7.605288457002182e-08
39.11945205232,7.617841013552297e-08
39.13210388028,7.630264238930202e-08
39.14475570824,7.64251941766841e-08
39.157407536200004,7.654565606556079e-08
39.170059364160004,7.666359681360266e-08
39.18271119212,7.67785633800098e-08
39.19536302008,7.689008145751235e-08
39.20801484804,7.699765732494716e-08
39.220666676,7.710077777307102e-08
39.23331850396,7.719891266720478e-08
39.24597033192,7.729151676860136e-08
39.258622159880005,7.737803273511792e-08
39.271273987840004,7.745789281771742e-08
39.2839258158,7.753052426779855e-08
39.29657764376,7.759535225803384e-08
39.30922947172,7.76518048963117e-08
39.32188129968,7.769931882403675e-08
39.33453312764,7.773734419747837e-08
39.3471849556,7.776535131180524e-08
39.35983678356,7.778283758169055e-08
39.372488611520005,7.77893341608645e-08
39.385140439480004,7.77844133174486e-08
39.39779226744,7.776769608198278e-08
39.4104440954,7.773885925407304e-08
39.42309592336,7.769764288353676e-08
39.43574775132,7.764385769881836e-08
39.44839957928,7.757739064084311e-08
39.46105140724,7.749821119329024e-08
39.4737032352,7.740637620920111e-08
39.486355063160005,7.730203334398702e-08
39.499006891120004,7.718542440950111e-08
39.51165871908,7.70568863827309e-08
39.52431054704,7.691685164705003e-08
39.536962375,7.676584485632067e-08
39.54961420296,7.660448261233805e-08
39.56226603092,7.643346679282769e-08
39.57491785888,7.625357898048907e-08
39.58756968684,7.6147546558497e-08
39.600221514800005,7.628341999891766e-08
39.612873342760004,7.640731531785608e-08
39.62552517072,7.651903969257802e-08
39.63817699868,7.661849079904655e-08
39.65082882664,7.670565219538579e-08
39.6634806546,7.678058973436683e-08
39.67613248256,7.684344636588174e-08
39.68878431052,7.689443544717961e-08
39.70143613848,7.693383473745486e-08
39.714087966440005,7.696197942058274e-08
39.726739794400004,7.697925437065352e-08
39.73939162236,7.69860878428409e-08
39.75204345032,7.698294378713266e-08
39.76469527828,7.697031541486126e-08
39.77734710624,7.694871824923683e-08
39.7899989342,7.691868412708237e-08
39.80265076216,7.688075594383084e-08
39.81530259012,7.683548175473993e-08
39.827954418080004,7.678341067109177e-08
39.840606246040004,7.672508848337741e-08
39.853258074,7.666105404481131e-08
39.86590990196,7.659183565324127e-08
39.87856172992,7.651794945288234e-08
39.89121355788,7.643989657538109e-08
39.90386538584,7.635816107152632e-08
39.9165172138,7.627320929774766e-08
39.929169041760005,7.618548845391027e-08
39.941820869720004,7.609542574340212e-08
39.95447269768,7.600342853627854e-08
39.96712452564,7.590988326866606e-08
39.9797763536,7.58151563435477e-08
39.99242818156,7.571959359463244e-08
40.00508000952,7.562352110354483e-08
40.01773183748,7.55272451938392e-08
40.03038366544,7.543105326116024e-08
40.043035493400005,7.5335214284412e-08
40.055687321360004,7.523997952597408e-08
40.06833914932,7.514558362272989e-08
40.08099097728,7.505224464965075e-08
40.09364280524,7.496016516244905e-08
40.1062946332,7.486953309933151e-08
40.11894646116,7.478052247206253e-08
40.13159828912,7.469329416544962e-08
40.14425011708,7.46079964438941e-08
40.156901945040005,7.45247660871284e-08
40.169553773000004,7.444372887976004e-08
40.18220560096,7.436500037741069e-08
40.19485742892,7.42886864068768e-08
40.20750925688,7.421488367961496e-08
40.22016108484,7.414368087478064e-08
40.2328129128,7.407515890701103e-08
40.24546474076,7.400939124659454e-08
40.25811656872,7.394644511723937e-08
40.270768396680005,7.388638132742811e-08
40.283420224640004,7.382925530342747e-08
40.2960720526,7.377511714830203e-08
40.30872388056,7.37240121523497e-08
40.32137570852,7.36759817434862e-08
40.33402753648,7.363106311776268e-08
40.34667936444,7.358929028110288e-08
40.3593311924,7.355069394622574e-08
40.37198302036,7.351530198224119e-08
40.384634848320005,7.348313999161377e-08
40.397286676280004,7.345423135949047e-08
40.40993850424,7.342859766508431e-08
40.4225903322,7.34062588413381e-08
40.43524216016,7.338723351911826e-08
40.44789398812,7.337153924167513e-08
40.46054581608,7.335919270874703e-08
40.47319764404,7.335020997553695e-08
40.485849472,7.3344606650487e-08
40.498501299960004,7.33423980561218e-08
40.511153127920004,7.334359933344443e-08
40.52380495588,7.334822564743593e-08
40.53645678384,7.335629233592568e-08
40.5491086118,7.336781498396382e-08
40.56176043976,7.338280950615294e-08
40.57441226772,7.340129222612603e-08
40.58706409568,7.342327994471423e-08
40.599715923640005,7.344879000559368e-08
40.612367751600004,7.347784030816727e-08
40.62501957956,7.35104492967447e-08
40.63767140752,7.354663594618912e-08
40.65032323548,7.35864198246158e-08
40.66297506344,7.362982094061352e-08
40.6756268914,7.367685973645737e-08
40.68827871936,7.372755705544952e-08
40.70093054732,7.378193402018366e-08
40.713582375280005,7.384001192235335e-08
40.726234203240004,7.390181197205513e-08
40.7388860312,7.39673554759604e-08
40.75153785916,7.403666331959348e-08
40.76418968712,7.410975617022814e-08
40.77684151508,7.418665388657673e-08
40.78949334304,7.426737551569286e-08
40.802145171,7.435193920519787e-08
40.81479699896,7.44403615955908e-08
40.827448826920005,7.45326579544023e-08
40.840100654880004,7.462884167179429e-08
40.85275248284,7.472892388361088e-08
40.8654043108,7.483291335101325e-08
40.87805613876,7.494081589254702e-08
40.89070796672,7.505263418157992e-08
40.90335979468,7.516836739778181e-08
40.91601162264,7.528801069326559e-08
40.9286634506,7.541155477731029e-08
40.941315278560005,7.55389851654149e-08
40.953967106520004,7.567028235029412e-08
40.96661893448,7.580542039173376e-08
40.97927076244,7.59443671525175e-08
40.9919225904,7.608708318315e-08
41.00457441836,7.623352119515316e-08
41.01722624632,7.638362549374343e-08
41.02987807428,7.653733099962352e-08
41.04252990224,7.669456293804104e-08
41.055181730200005,7.685523574354314e-08
41.067833558160004,7.701925210956133e-08
41.08048538612,7.718650234134002e-08
41.09313721408,7.735686344723488e-08
41.10578904204,7.753019827904141e-08
41.11844087,7.770635404048067e-08
41.13109269796,7.788516174750957e-08
41.14374452592,7.80664358285157e-08
41.156396353880005,7.824997139281779e-08
41.169048181840004,7.843554483487079e-08
41.181700009800004,7.86229119898919e-08
41.19435183776,7.881180723006069e-08
41.20700366572,7.900194297217992e-08
41.21965549368,7.91930081841075e-08
41.23230732164,7.938466755423576e-08
41.2449591496,7.957656102812264e-08
41.25761097756,7.976830317896471e-08
41.270262805520005,7.995948269779843e-08
41.282914633480004,8.014966212153618e-08
41.29556646144,8.033837790851934e-08
41.3082182894,8.052514071294175e-08
41.32087011736,8.070943561614648e-08
41.33352194532,8.089072391165364e-08
41.34617377328,8.106844336387403e-08
41.35882560124,8.124201071484556e-08
41.3714774292,8.14108243560517e-08
41.384129257160005,8.157426605379477e-08
41.396781085120004,8.17317055112689e-08
41.40943291308,8.188250391048955e-08
41.42208474104,8.202601836600658e-08
41.434736569,8.216160754047637e-08
41.44738839696,8.228863724744598e-08
41.46004022492,8.240648741338839e-08
41.47269205288,8.25145584953888e-08
41.48534388084,8.261227859505959e-08
41.497995708800005,8.2699112208744e-08
41.510647536760004,8.277456785097e-08
41.52329936472,8.283820533792195e-08
41.53595119268,8.288964510573329e-08
41.54860302064,8.292857481372654e-08
41.5612548486,8.295475707469671e-08
41.57390667656,8.296803595415211e-08
41.58655850452,8.296834296872554e-08
41.59921033248,8.295570173136143e-08
41.611862160440005,8.293023187430599e-08
41.624513988400004,8.289214997994234e-08
41.63716581636,8.284177201937155e-08
41.64981764432,8.277951104812683e-08
41.66246947228,8.270587617906291e-08
41.67512130024,8.262146752115519e-08
41.6877731282,8.252697156610696e-08
41.70042495616,8.24231532826999e-08
41.71307678412,8.237442041448342e-08
41.725728612080005,8.254792339312586e-08
41.738380440040004,8.27076266188113e-08
41.751032268,8.285338816107802e-08
41.76368409596,8.298516218564005e-08
41.77633592392,8.310299352555148e-08
41.78898775188,8.320701207694119e-08
41.80163957984,8.329742642198294e-08
41.8142914078,8.337451752236039e-08
41.826943235760005,8.343862941766427e-08
41.839595063720004,8.349016328605594e-08
41.852246891680004,8.352956892068985e-08
41.86489871964,8.355733704820598e-08
41.8775505476,8.357399228705722e-08
41.89020237556,8.358008577072637e-08
41.90285420352,8.35761881867618e-08
41.91550603148,8.35628838167811e-08
41.92815785944,8.354076551565708e-08
41.940809687400005,8.351042840237547e-08
41.953461515360004,8.34724660847761e-08
41.96611334332,8.342746569515846e-08
41.97876517128,8.337600599639662e-08
41.99141699924,8.331865286819403e-08
42.0040688272,8.325595708002156e-08
42.01672065516,8.318845326008675e-08
42.02937248312,8.311665717161768e-08
42.04202431108,8.304106523788164e-08
42.054676139040005,8.2962152901108e-08
42.067327967000004,8.288037439594394e-08
42.07997979496,8.279616290064758e-08
42.09263162292,8.270992955804592e-08
42.10528345088,8.262206363807061e-08
42.11793527884,8.253293373121784e-08
42.1305871068,8.244288707877212e-08
42.14323893476,8.235225044027823e-08
42.15589076272,8.22613307903859e-08
42.168542590680005,8.217041570109408e-08
42.181194418640004,8.207977445995095e-08
42.1938462466,8.198965832053695e-08
42.20649807456,8.190030118505407e-08
42.21914990252,8.181192133542122e-08
42.23180173048,8.172472117829004e-08
42.24445355844,8.16388885495522e-08
42.2571053864,8.155459702515387e-08
42.26975721436,8.147200750102622e-08
42.282409042320005,8.139126790775968e-08
42.295060870280004,8.13125150059424e-08
42.30771269824,8.123587407912192e-08
42.3203645262,8.11614604813869e-08
42.33301635416,8.10893796406747e-08
42.34566818212,8.101972811084605e-08
42.35832001008,8.095259385447187e-08
42.37097183804,8.088805731507718e-08
42.383623666,8.08261912333135e-08
42.396275493960005,8.076706174966883e-08
42.408927321920004,8.071072906764456e-08
42.42157914988,8.065724735132513e-08
42.43423097784,8.060666547190239e-08
42.4468828058,8.055902738550547e-08
42.45953463376,8.051437274195815e-08
42.47218646172,8.047273712754806e-08
42.48483828968,8.043415241282223e-08
42.497490117640005,8.039864711591231e-08
42.510141945600004,8.036624671255143e-08
42.522793773560004,8.0336974227856e-08
42.53544560152,8.031085014682229e-08
42.54809742948,8.028789296561445e-08
42.56074925744,8.02681192087148e-08
42.5734010854,8.025154398233142e-08
42.58605291336,8.023818087422821e-08
42.59870474132,8.022804239254664e-08
42.611356569280005,8.022114000283582e-08
42.624008397240004,8.021748438335354e-08
42.6366602252,8.02170855858084e-08
42.64931205316,8.02199531147211e-08
42.66196388112,8.022609605019738e-08
42.67461570908,8.0235523169787e-08
42.68726753704,8.024824299217365e-08
42.699919365,8.026426386123124e-08
42.71257119296,8.028359397385723e-08
42.725223020920005,8.030624142103548e-08
42.737874848880004,8.033221414015483e-08
42.75052667684,8.036151992758923e-08
42.7631785048,8.039416645308265e-08
42.77583033276,8.04301610014352e-08
42.78848216072,8.046951074517471e-08
42.80113398868,8.051222234055105e-08
42.81378581664,8.055830194112558e-08
42.8264376446,8.060775501069496e-08
42.839089472560005,8.066058633832099e-08
42.851741300520004,8.07167996705794e-08
42.86439312848,8.077639757865641e-08
42.87704495644,8.083938130325841e-08
42.8896967844,8.090575058141592e-08
42.90234861236,8.097550324799208e-08
42.91500044032,8.104863503858905e-08
42.92765226828,8.112513922577102e-08
42.94030409624,8.120500671979155e-08
42.952955924200005,8.128822503134766e-08
42.965607752160004,8.137477846455096e-08
42.97825958012,8.146464781292968e-08
42.99091140808,8.155780958486045e-08
43.00356323604,8.16542355455698e-08
43.016215064,8.175389278105077e-08
43.02886689196,8.185674272830916e-08
43.04151871992,8.196274095768424e-08
43.05417054788,8.207183682032341e-08
43.066822375840005,8.218397210104087e-08
43.079474203800004,8.229908139698974e-08
43.09212603176,8.241709110330583e-08
43.10477785972,8.25379184373654e-08
43.11742968768,8.26614710137147e-08
43.13008151564,8.278764676218382e-08
43.1427333436,8.29163317705262e-08
43.15538517156,8.304740107189359e-08
43.168036999520005,8.318071664661584e-08
43.180688827480004,8.331612738752952e-08
43.193340655440004,8.34534675314435e-08
43.2059924834,8.359255626167074e-08
43.21864431136,8.373319686638102e-08
43.23129613932,8.387517522649706e-08
43.24394796728,8.401825956458663e-08
43.25659979524,8.41621991455119e-08
43.2692516232,8.430672355954662e-08
43.281903451160005,8.445154141039994e-08
43.294555279120004,8.459633966067548e-08
43.30720710708,8.474078366006567e-08
43.31985893504,8.488451477960635e-08
43.332510763,8.502715133455885e-08
43.34516259096,8.516828687748797e-08
43.35781441892,8.530749066692217e-08
43.37046624688,8.54443073359676e-08
43.38311807484,8.55782563207736e-08
43.395769902800005,8.570883336003417e-08
43.408421730760004,8.583550979620645e-08
43.42107355872,8.595773452783072e-08
43.43372538668,8.607493429712122e-08
43.44637721464,8.618651658049673e-08
43.4590290426,8.62918708078045e-08
43.47168087056,8.639037225512359e-08
43.48433269852,8.648138393818366e-08
43.49698452648,8.656426167192319e-08
43.509636354440005,8.663835784566872e-08
43.522288182400004,8.670302687100604e-08
43.53494001036,8.675763059441707e-08
43.54759183832,8.680154484323146e-08
43.56024366628,8.683416629308507e-08
43.57289549424,8.685492006236237e-08
43.5855473222,8.686326699514832e-08
43.59819915016,8.685871203394504e-08
43.61085097812,8.684081288528932e-08
43.623502806080005,8.680918805415295e-08
43.636154634040004,8.676352521200625e-08
43.648806462,8.670358898624437e-08
43.66145828996,8.662922869343822e-08
43.67411011792,8.654038519337185e-08
43.68676194588,8.643709624243974e-08
43.69941377384,8.631950165782697e-08
43.7120656018,8.618784671856714e-08
43.724717429760005,8.604248357593823e-08
43.737369257720005,8.588387238059002e-08
43.750021085680004,8.571257955148918e-08
43.76267291364,8.552927534262376e-08
43.7753247416,8.533472829015231e-08
43.78797656956,8.535649531704979e-08
43.80062839752,8.555241529297904e-08
43.81328022548,8.573491411370554e-08
43.82593205344,8.590359607637289e-08
43.838583881400005,8.605817114093101e-08
43.851235709360004,8.619845509753178e-08
43.863887537320004,8.632436565586595e-08
43.87653936528,8.643591700510098e-08
43.88919119324,8.653321597177353e-08
43.9018430212,8.661645452973449e-08
43.91449484916,8.66859023165044e-08
43.92714667712,8.674189937319678e-08
43.93979850508,8.678484817353593e-08
43.952450333040005,8.68152048056629e-08
43.965102161000004,8.683347127816089e-08
43.97775398896,8.684018788932226e-08
43.99040581692,8.683592497670706e-08
44.00305764488,8.682127633218099e-08
44.01570947284,8.679685116048317e-08
44.0283613008,8.676326905652897e-08
44.04101312876,8.67211543029697e-08
44.05366495672,8.667113002734281e-08
44.066316784680005,8.661381455983144e-08
44.078968612640004,8.654981685566747e-08
44.0916204406,8.647973335685026e-08
44.10427226856,8.640414559394192e-08
44.11692409652,8.632361734324504e-08
44.12957592448,8.6238693406852e-08
44.14222775244,8.614989806773326e-08
44.1548795804,8.605773314267832e-08
44.16753140836,8.596267818505543e-08
44.180183236320005,8.586518965147615e-08
44.192835064280004,8.576570158611317e-08
44.20548689224,8.56646245234848e-08
44.2181387202,8.556234644388933e-08
44.23079054816,8.545923278318426e-08
44.24344237612,8.535562721032208e-08
44.25609420408,8.525185216963187e-08
44.26874603204,8.514820949810578e-08
44.28139786,8.504498158112141e-08
44.294049687960005,8.49424311343047e-08
44.306701515920004,8.484080355395338e-08
44.31935334388,8.474032653826173e-08
44.33200517184,8.464121122515361e-08
44.3446569998,8.454365346662e-08
44.35730882776,8.444783418593381e-08
44.36996065572,8.435392038345777e-08
44.38261248368,8.426206624816955e-08
44.395264311640005,8.41724133788946e-08
44.407916139600005,8.408509173737054e-08
44.420567967560004,8.400022083221535e-08
44.43321979552,8.391791010649082e-08
44.44587162348,8.383825923069564e-08
44.45852345144,8.376135938553766e-08
44.4711752794,8.368729386427102e-08
44.48382710736,8.361613803850136e-08
44.49647893532,8.354796045251269e-08
44.509130763280005,8.348282349013988e-08
44.521782591240004,8.342078341495102e-08
44.534434419200004,8.336189115686631e-08
44.54708624716,8.330619279600369e-08
44.55973807512,8.325372993083269e-08
44.57238990308,8.320454022105955e-08
44.58504173104,8.315865746917357e-08
44.597693559,8.311611237461208e-08
44.61034538696,8.307693264525404e-08
44.622997214920005,8.304114344611453e-08
44.635649042880004,8.300876767728563e-08
44.64830087084,8.297982638416766e-08
44.6609526988,8.295433872714205e-08
44.67360452676,8.293232259580895e-08
44.68625635472,8.291379479193977e-08
44.69890818268,8.289877090686207e-08
44.71156001064,8.288726589365724e-08
44.7242118386,8.287929416619009e-08
44.736863666560005,8.287486972059989e-08
44.749515494520004,8.287400620431413e-08
44.76216732248,8.287671720876235e-08
44.77481915044,8.288301625601349e-08
44.7874709784,8.289291699774094e-08
44.80012280636,8.290643317316515e-08
44.81277463432,8.292357873325097e-08
44.82542646228,8.294436785293356e-08
44.83807829024,8.296881493013174e-08
44.850730118200005,8.299693461245792e-08
44.863381946160004,8.302874170354748e-08
44.87603377412,8.306425130259488e-08
44.88868560208,8.310347845065734e-08
44.90133743004,8.314643839548184e-08
44.913989258,8.319314622372914e-08
44.92664108596,8.324361677313988e-08
44.93929291392,8.329786469689975e-08
44.95194474188,8.335590404543943e-08
44.964596569840005,8.341774828118738e-08
44.977248397800004,8.34834098781509e-08
44.98990022576,8.355290045807185e-08
45.00255205372,8.362623011664463e-08
45.01520388168,8.370340774216114e-08
45.02785570964,8.378444002516348e-08
45.0405075376,8.386933147886364e-08
45.05315936556,8.395808484682119e-08
45.065811193520005,8.405069940670283e-08
45.078463021480005,8.414717118196214e-08
45.091114849440004,8.424749342177008e-08
45.1037666774,8.435165498874095e-08
45.11641850536,8.445964022573952e-08
45.12907033332,8.457142885546903e-08
45.14172216128,8.468699535052253e-08
45.15437398924,8.480630803066072e-08
45.1670258172,8.492932930295803e-08
45.179677645160005,8.505601388928549e-08
45.192329473120004,8.518630962691762e-08
45.204981301080004,8.532015566236239e-08
45.21763312904,8.545748206292814e-08
45.230284957,8.559820983566738e-08
45.24293678496,8.574224903194086e-08
45.25558861292,8.588949857231058e-08
45.26824044088,8.603984524856476e-08
45.28089226884,8.619316308162383e-08
45.293544096800005,8.634931212246702e-08
45.306195924760004,8.650813782060092e-08
45.31884775272,8.666946955582171e-08
45.33149958068,8.683312014695294e-08
45.34415140864,8.699888434804614e-08
45.3568032366,8.716653847305409e-08
45.36945506456,8.733583877734527e-08
45.38210689252,8.750652032443128e-08
45.39475872048,8.767829696838144e-08
45.407410548440005,8.785085902452159e-08
45.420062376400004,8.802387328132874e-08
45.43271420436,8.81969815268369e-08
45.44536603232,8.83698007377205e-08
45.45801786028,8.85419209929717e-08
45.47066968824,8.87129062479636e-08
45.4833215162,8.88822934182288e-08
45.49597334416,8.90495924832327e-08
45.50862517212,8.92142863201401e-08
45.521277000080005,8.937583178246094e-08
45.533928828040004,8.953365992177709e-08
45.546580656,8.96871778455639e-08
45.55923248396,8.983576994858982e-08
45.57188431192,8.997879987804302e-08
45.58453613988,9.011561424770307e-08
45.59718796784,9.024554478193963e-08
45.6098397958,9.036791336694185e-08
45.62249162376,9.048203540488566e-08
45.635143451720005,9.05872255207294e-08
45.647795279680004,9.06828048671319e-08
45.66044710764,9.07681049921173e-08
45.6730989356,9.084247683080056e-08
45.68575076356,9.090529801481028e-08
45.69840259152,9.095598118643041e-08
45.71105441948,9.099398165642965e-08
45.72370624744,9.101880694955776e-08
45.736358075400005,9.103002512070638e-08
45.749009903360005,9.102727356901107e-08
45.761661731320004,9.101026772491289e-08
45.77431355928,9.097880865102955e-08
45.78696538724,9.09327893406791e-08
45.7996172152,9.087220227583967e-08
45.81226904316,9.079714361406486e-08
45.82492087112,9.070781646927784e-08
45.83757269908,9.06045339633867e-08
45.850224527040005,9.048771964562333e-08
45.862876355000004,9.035790578340944e-08
45.875528182960004,9.021573032593156e-08
45.88818001092,9.006193336570271e-08
45.90083183888,8.989734966547002e-08
45.91348366684,8.972290172295384e-08
45.9261354948,8.953958986443949e-08
45.93878732276,8.970065467370702e-08
45.95143915072,8.985566973194372e-08
45.964090978680005,8.999583204857166e-08
45.976742806640004,9.012108819050007e-08
45.9893946346,9.023148361581453e-08
46.00204646256,9.032715648358633e-08
46.01469829052,9.040833145131062e-08
46.02735011848,9.047531099062696e-08
46.04000194644,9.052846782562956e-08
46.0526537744,9.056823653226878e-08
46.06530560236,9.059510538834569e-08
46.077957430320005,9.06096069806953e-08
46.090609258280004,9.061231168639435e-08
46.10326108624,9.060381825624176e-08
46.1159129142,9.05847477618807e-08
46.12856474216,9.0555735962045e-08
46.14121657012,9.051742741568927e-08
46.15386839808,9.047046962579694e-08
46.16652022604,9.0415508193276e-08
46.179172054,9.035318208629806e-08
46.191823881960005,9.028411969748087e-08
46.204475709920004,9.02089364613343e-08
46.21712753788,9.012823046118397e-08
46.22977936584,9.004258216315534e-08
46.2424311938,8.995255128020298e-08
46.25508302176,8.985867578964343e-08
46.26773484972,8.976147081693607e-08
46.28038667768,8.966142873612696e-08
46.29303850564,8.95590174292202e-08
46.305690333600005,8.945468163591988e-08
46.318342161560004,8.934884194799923e-08
46.33099398952,8.924189544171572e-08
46.34364581748,8.913421681831526e-08
46.35629764544,8.90261577829242e-08
46.3689494734,8.891804854385568e-08
46.38160130136,8.881019791148288e-08
46.39425312932,8.870289506974092e-08
46.406904957280005,8.859640937850134e-08
46.419556785240005,8.849099151651332e-08
46.432208613200004,8.838687481793424e-08
46.44486044116,8.828427558371958e-08
46.45751226912,8.818339444946522e-08
46.47016409708,8.808441678463973e-08
46.48281592504,8.798751380835925e-08
46.495467753,8.789284350477874e-08
46.50811958096,8.780055074845106e-08
46.520771408920005,8.771076894718067e-08
46.533423236880004,8.7623621044136e-08
46.546075064840004,8.753921867554857e-08
46.5587268928,8.745766439206175e-08
46.57137872076,8.737905205176934e-08
46.58403054872,8.730346681021117e-08
46.59668237668,8.723098615243315e-08
46.60933420464,8.716168082429459e-08
46.6219860326,8.709561435779606e-08
46.634637860560005,8.703284503797458e-08
46.647289688520004,8.697342510944837e-08
46.65994151648,8.691740213242657e-08
46.67259334444,8.686481888904441e-08
46.6852451724,8.681571400556764e-08
46.69789700036,8.677012253418507e-08
46.71054882832,8.672807623882141e-08
46.72320065628,8.668960362788521e-08
46.73585248424,8.665473088024735e-08
46.748504312200005,8.662348166598763e-08
46.761156140160004,8.659587765655232e-08
46.77380796812,8.657193902179408e-08
46.78645979608,8.65516842901884e-08
46.79911162404,8.653513077185633e-08
46.811763452,8.652229497814214e-08
46.82441527996,8.651319251931891e-08
46.83706710792,8.650783844382833e-08
46.84971893588,8.6506247418979e-08
46.862370763840005,8.650843379415278e-08
46.875022591800004,8.651441179265327e-08
46.88767441976,8.652419562496326e-08
46.90032624772,8.653779956820737e-08
46.91297807568,8.655523801050861e-08
46.92562990364,8.657652553015341e-08
46.9382817316,8.660167692156618e-08
46.95093355956,8.663070713779352e-08
46.96358538752,8.666363139878839e-08
46.976237215480005,8.670046509375102e-08
46.988889043440004,8.674122371610715e-08
47.0015408714,8.678592283543302e-08
47.01419269936,8.683457784369307e-08
47.02684452732,8.688720415261571e-08
47.03949635528,8.694381679891687e-08
47.05214818324,8.700443043270226e-08
47.0648000112,8.706905904435815e-08
47.077451839160005,8.713771592095339e-08
47.090103667120005,8.721041317430653e-08
47.102755495080004,8.728716175849271e-08
47.11540732304,8.73679711238955e-08
47.128059151,8.745284909323873e-08
47.14071097896,8.754180104838031e-08
47.15336280692,8.763483032562424e-08
47.16601463488,8.773193739916599e-08
47.17866646284,8.78331197738221e-08
47.191318290800005,8.793837117894226e-08
47.203970118760004,8.804768174854881e-08
47.216621946720004,8.816103715380396e-08
47.22927377468,8.82784183069139e-08
47.24192560264,8.839980073558714e-08
47.2545774306,8.85251543094241e-08
47.26722925856,8.865444222370346e-08
47.27988108652,8.878762110815887e-08
47.29253291448,8.892463980878558e-08
47.305184742440005,8.906543888030151e-08
47.317836570400004,8.920994953581855e-08
47.33048839836,8.935809420823132e-08
47.34314022632,8.950978412756901e-08
47.35579205428,8.966491969384e-08
47.36844388224,8.982338905307424e-08
47.3810957102,8.998506697539733e-08
47.39374753816,9.014981486503831e-08
47.40639936612,9.031747878695827e-08
47.419051194080005,9.048788935522066e-08
47.431703022040004,9.066086017429778e-08
47.44435485,9.08361867460563e-08
47.45700667796,9.1013645679872e-08
47.46965850592,9.119299325844018e-08
47.48231033388,9.137396516441403e-08
47.49496216184,9.155627411052757e-08
47.5076139898,9.173960961385183e-08
47.52026581776,9.192363758925544e-08
47.532917645720005,9.210799820412696e-08
47.545569473680004,9.229230538999108e-08
47.55822130164,9.247614631484767e-08
47.5708731296,9.26590808438478e-08
47.58352495756,9.284064036070523e-08
47.59617678552,9.302032888733094e-08
47.60882861348,9.319762164149097e-08
47.62148044144,9.337196612143353e-08
47.634132269400006,9.354278268723871e-08
47.646784097360005,9.370946566812827e-08
47.659435925320004,9.387138408962678e-08
47.67208775328,9.402788455660924e-08
47.68473958124,9.417829307877225e-08
47.6973914092,9.432191876469732e-08
47.71004323716,9.445805663726063e-08
47.72269506512,9.458599323882725e-08
47.73534689308,9.470501008497434e-08
47.747998721040005,9.481439065316316e-08
47.760650549000005,9.491342596551149e-08
47.773302376960004,9.50014220079308e-08
47.78595420492,9.507770735034782e-08
47.79860603288,9.514164159271168e-08
47.81125786084,9.51926226011231e-08
47.8239096888,9.523009764821659e-08
47.83656151676,9.525357124573345e-08
47.84921334472,9.52626136556587e-08
47.861865172680005,9.525687171309093e-08
47.874517000640004,9.523607557924265e-08
47.887168828600004,9.520004788307668e-08
47.89982065656,9.514870967542398e-08
47.91247248452,9.508208750219426e-08
47.92512431248,9.5000317335595e-08
47.93777614044,9.490364841154612e-08
47.9504279684,9.47924443569901e-08
47.96307979636,9.466718360430487e-08
47.975731624320005,9.452845681969689e-08
47.988383452280004,9.437696457389775e-08
48.00103528024,9.421554042246164e-08
48.0136871082,9.440710969285433e-08
48.02633893616,9.45841965365748e-08
48.03899076412,9.474637650588793e-08
48.05164259208,9.4893340747287e-08
48.06429442004,9.50248938373521e-08
48.076946248,9.514095167820747e-08
48.089598075960005,9.524153532466292e-08
48.102249903920004,9.532676628858593e-08
48.11490173188,9.539685895298574e-08
48.12755355984,9.545211342572191e-08
48.1402053878,9.549290604623059e-08
48.15285721576,9.551968162469488e-08
48.16550904372,9.553294469020021e-08
48.17816087168,9.553324927282814e-08
48.19081269964,9.552119212595882e-08
48.203464527600005,9.549740286843691e-08
48.216116355560004,9.546253652804981e-08
48.22876818352,9.541726546849458e-08
48.24142001148,9.536227328541546e-08
48.25407183944,9.529824844041553e-08
48.2667236674,9.522587782362347e-08
48.27937549536,9.514584288736351e-08
48.29202732332,9.505881454455364e-08
48.304679151280006,9.496544999277729e-08
48.317330979240005,9.486638951066211e-08
48.329982807200004,9.476225310061595e-08
48.34263463516,9.465363987638717e-08
48.35528646312,9.454112516025092e-08
48.36793829108,9.442526050894207e-08
48.38059011904,9.43065716780619e-08
48.393241947,9.418555920197708e-08
48.40589377496,9.4062697547405e-08
48.418545602920005,9.393843572197125e-08
48.431197430880005,9.381319722591404e-08
48.443849258840004,9.368738057667723e-08
48.4565010868,9.356135971760955e-08
48.46915291476,9.343548515823399e-08
48.48180474272,9.331008410040409e-08
48.49445657068,9.318546220140757e-08
48.50710839864,9.306190348922459e-08
48.5197602266,9.293967210698448e-08
48.532412054560005,9.281901270251492e-08
48.545063882520004,9.27001517355942e-08
48.557715710480004,9.258329834741349e-08
48.57036753844,9.2468645150528e-08
48.5830193664,9.235636907444032e-08
48.59567119436,9.224663303702725e-08
48.60832302232,9.213958597971879e-08
48.62097485028,9.203536405802656e-08
48.63362667824,9.193409104996324e-08
48.646278506200005,9.183588007419677e-08
48.658930334160004,9.174083349697607e-08
48.67158216212,9.164904405351503e-08
48.68423399008,9.15605956501213e-08
48.69688581804,9.147556352128211e-08
48.709537646,9.139401537279703e-08
48.72218947396,9.131601169547299e-08
48.73484130192,9.124160672209801e-08
48.74749312988,9.117084836835554e-08
48.760144957840005,9.1103779294293e-08
48.772796785800004,9.104043724312479e-08
48.78544861376,9.098085504654931e-08
48.79810044172,9.09250619786327e-08
48.81075226968,9.087308353271114e-08
48.82340409764,9.082494190339482e-08
48.8360559256,9.078065620378458e-08
48.84870775356,9.074024351633185e-08
48.86135958152,9.070371837512441e-08
48.874011409480005,9.067109350006038e-08
48.886663237440004,9.064238002257275e-08
48.8993150654,9.061758770593179e-08
48.91196689336,9.059672529026021e-08
48.92461872132,9.057980064066987e-08
48.93727054928,9.056682090926883e-08
48.94992237724,9.05577928511595e-08
48.9625742052,9.055272288642697e-08
48.975226033160006,9.055161721821321e-08
48.987877861120005,9.055448207043148e-08
49.000529689080004,9.056132372245353e-08
49.01318151704,9.05721485680159e-08
49.025833345,9.058696323438585e-08
49.03848517296,9.060577458764859e-08
49.05113700092,9.062858977430475e-08
49.06378882888,9.065541617525272e-08
49.07644065684,9.068626145519223e-08
49.089092484800005,9.072113347628738e-08
49.101744312760005,9.076004018524562e-08
49.114396140720004,9.080298961630204e-08
49.12704796868,9.08499898445066e-08
49.13969979664,9.090104860874232e-08
49.1523516246,9.095617350464609e-08
49.16500345256,9.101537152991388e-08
49.17765528052,9.107864895234145e-08
49.19030710848,9.114601134929372e-08
49.202958936440005,9.121746301498108e-08
49.215610764400004,9.129300692938725e-08
49.228262592360004,9.137264448539801e-08
49.24091442032,9.145637519542496e-08
49.25356624828,9.154419624709145e-08
49.26621807624,9.163610210741643e-08
49.2788699042,9.173208455464979e-08
49.29152173216,9.18321318218512e-08
49.30417356012,9.193622873608752e-08
49.316825388080005,9.20443555107522e-08
49.329477216040004,9.215648815533829e-08
49.342129044,9.227259708347487e-08
49.35478087196,9.239264724953641e-08
49.36743269992,9.25165973816022e-08
49.38008452788,9.264439932248107e-08
49.39273635584,9.277599738225824e-08
49.4053881838,9.291132804221632e-08
49.41804001176,9.305031861600305e-08
49.430691839720005,9.31928872669131e-08
49.443343667680004,9.333894130995413e-08
49.45599549564,9.348837730101829e-08
49.4686473236,9.36410796149047e-08
49.48129915156,9.379691995003017e-08
49.49395097952,9.395575647108951e-08
49.50660280748,9.411743200694417e-08
49.51925463544,9.428177367244803e-08
49.5319064634,9.444859191379127e-08
49.544558291360005,9.461767912975393e-08
49.557210119320004,9.478880897931433e-08
49.56986194728,9.496173510732019e-08
49.58251377524,9.513618985757149e-08
49.5951656032,9.531188329893751e-08
49.60781743116,9.548850212819849e-08
49.62046925912,9.566570833924e-08
49.63312108708,9.584313926076249e-08
49.645772915040006,9.60204051696841e-08
49.658424743000005,9.61970895295129e-08
49.671076570960004,9.637274813489578e-08
49.68372839892,9.654690799833972e-08
49.69638022688,9.671906762596702e-08
49.70903205484,9.688869688213044e-08
49.7216838828,9.70552365812646e-08
49.73433571076,9.721809998481952e-08
49.74698753872,9.737667254847742e-08
49.759639366680005,9.753031389724506e-08
49.772291194640005,9.767835958091099e-08
49.784943022600004,9.782012349359783e-08
49.79759485056,9.79549000658983e-08
49.81024667852,9.808196883856673e-08
49.82289850648,9.82005974471426e-08
49.83555033444,9.831004761515778e-08
49.8482021624,9.840958006482903e-08
49.86085399036,9.849846090043906e-08
49.873505818320005,9.857596874851926e-08
49.886157646280004,9.864140220228282e-08
49.898809474240004,9.869408808501112e-08
49.9114613022,9.87333909613445e-08
49.92411313016,9.875872130012585e-08
49.93676495812,9.876954520480702e-08
49.94941678608,9.876539470557266e-08
49.96206861404,9.874587607543791e-08
49.974720442,9.871068015097016e-08
49.987372269960005,9.865958987607366e-08
50.000024097920004,9.859248919717934e-08
50.01267592588,9.850936965049657e-08
50.02532775384,9.841033634982378e-08
50.0379795818,9.829561106912887e-08
50.05063140976,9.816553686984317e-08
50.06328323772,9.802057708256965e-08
50.07593506568,9.786131601692069e-08
50.08858689364,9.768845552331213e-08
50.101238721600005,9.750280949365756e-08
50.113890549560004,9.730529881965935e-08
50.12654237752,9.734976207242676e-08
50.13919420548,9.760518443018433e-08
50.15184603344,9.784461470093812e-08
50.1644978614,9.806764566832603e-08
50.17714968936,9.827399246578595e-08
50.18980151732,9.846349015397389e-08
50.202453345280006,9.863608872439659e-08
50.215105173240005,9.879184673817958e-08
50.227757001200004,9.893092435042487e-08
50.24040882916,9.905357581167861e-08
50.25306065712,9.916014030285179e-08
50.26571248508,9.925103265267002e-08
50.27836431304,9.932673488293038e-08
50.291016141,9.93877858622717e-08
50.30366796896,9.943477301908171e-08
50.316319796920006,9.946832283310649e-08
50.328971624880005,9.948909294961219e-08
50.341623452840004,9.949776354253357e-08
50.3542752808,9.949503078862905e-08
50.36692710876,9.948159937880678e-08
50.37957893672,9.945817725809492e-08
50.39223076468,9.942546957990942e-08
50.40488259264,9.938417419373453e-08
50.4175344206,9.93349776339272e-08
50.430186248560005,9.927855205867882e-08
50.442838076520005,9.92155514631837e-08
50.455489904480004,9.914660990052746e-08
50.46814173244,9.907233936454527e-08
50.4807935604,9.899332904110817e-08
50.49344538836,9.891014316378419e-08
50.50609721632,9.882332122243396e-08
50.51874904428,9.873337759024572e-08
50.53140087224,9.864080070608463e-08
50.544052700200005,9.854605369913706e-08
50.556704528160004,9.844957443330892e-08
50.569356356120004,9.835177656770545e-08
50.58200818408,9.825304914391773e-08
50.59466001204,9.815375852233789e-08
50.60731184,9.805424793722277e-08
50.61996366796,9.795483895118036e-08
50.63261549592,9.78558322832634e-08
50.64526732388,9.775750882603171e-08
50.657919151840005,9.766013024591772e-08
50.670570979800004,9.756393996766136e-08
50.68322280776,9.746916450034763e-08
50.69587463572,9.737601392958924e-08
50.70852646368,9.728468286119544e-08
50.72117829164,9.719535123168484e-08
50.7338301196,9.71081858047995e-08
50.74648194756,9.70233403847892e-08
50.75913377552,9.694095636360306e-08
50.771785603480005,9.686116442153105e-08
50.784437431440004,9.678408399220028e-08
50.7970892594,9.670982564521697e-08
50.80974108736,9.663849005070055e-08
50.82239291532,9.657016993646913e-08
50.83504474328,9.650494993550254e-08
50.84769657124,9.644290755157958e-08
50.8603483992,9.638411392689964e-08
50.873000227160006,9.632863346981799e-08
50.885652055120005,9.62765255605337e-08
50.898303883080004,9.622784411788598e-08
50.91095571104,9.618263863818541e-08
50.923607539,9.614095434161117e-08
50.93625936696,9.610283261126061e-08
50.94891119492,9.606831158192464e-08
50.96156302288,9.603742634668431e-08
50.97421485084,9.601020910337808e-08
50.986866678800006,9.598668999841774e-08
50.999518506760005,9.596689691686893e-08
51.012170334720004,9.595085614188697e-08
51.02482216268,9.593859233818026e-08
51.03747399064,9.593012900980535e-08
51.0501258186,9.592548859309279e-08
51.06277764656,9.592469264344027e-08
51.07542947452,9.592776206719595e-08
51.08808130248,9.593471720728319e-08
51.100733130440005,9.594557804422809e-08
51.113384958400005,9.596036428536592e-08
51.126036786360004,9.597909542098374e-08
51.13868861432,9.600179079279229e-08
51.15134044228,9.602846964903172e-08
51.16399227024,9.605915116039565e-08
51.1766440982,9.609385439388152e-08
51.18929592616,9.613259834004186e-08
51.20194775412,9.617540185316328e-08
51.214599582080005,9.622228345101431e-08
51.227251410040004,9.627326132495172e-08
51.239903238000004,9.632835335389108e-08
51.25255506596,9.638757669103845e-08
51.26520689392,9.64509477954698e-08
51.27785872188,9.651848220296695e-08
51.29051054984,9.65901943498709e-08
51.3031623778,9.666609706255599e-08
51.31581420576,9.67462018407573e-08
51.328466033720005,9.683051830212931e-08
51.341117861680004,9.691905359203269e-08
51.35376968964,9.701181239790761e-08
51.3664215176,9.710879681732474e-08
51.37907334556,9.721000558238845e-08
51.39172517352,9.731543346116568e-08
51.40437700148,9.742507183846974e-08
51.41702882944,9.753890699729837e-08
51.4296806574,9.765692030762381e-08
51.442332485360005,9.777908794674931e-08
51.454984313320004,9.790538001238249e-08
51.46763614128,9.803575953378553e-08
51.48028796924,9.817018278583328e-08
51.4929397972,9.830859823047075e-08
51.50559162516,9.845094549760898e-08
51.51824345312,9.859715523438287e-08
51.53089528108,9.874714756622965e-08
51.543547109040006,9.89008328379012e-08
51.556198937000005,9.905810856092742e-08
51.568850764960004,9.921886067731779e-08
51.58150259292,9.938296127885906e-08
51.59415442088,9.955026821417895e-08
51.60680624884,9.972062399437414e-08
51.6194580768,9.989385467575892e-08
51.63210990476,1.000697687733648e-07
51.64476173272,1.0024815652467335e-07
51.657413560680006,1.0042878820244024e-07
51.670065388640005,1.0061141319158959e-07
51.682717216600004,1.0079575954271557e-07
51.69536904456,1.0098153175259178e-07
51.70802087252,1.0116840973733013e-07
51.72067270048,1.0135604833372444e-07
51.73332452844,1.0154407647288984e-07
51.7459763564,1.0173209477981735e-07
51.75862818436,1.0191967623365293e-07
51.771280012320005,1.0210636390096828e-07
51.783931840280005,1.022916720354679e-07
51.796583668240004,1.0247508372000054e-07
51.8092354962,1.0265605240824659e-07
51.82188732416,1.0283400047912054e-07
51.83453915212,1.0300832077749354e-07
51.84719098008,1.0317837596527817e-07
51.85984280804,1.0334350138174962e-07
51.872494636,1.0350300514686138e-07
51.885146463960005,1.0365617105048239e-07
51.897798291920004,1.0380226108118018e-07
51.910450119880004,1.0394051854773472e-07
51.92310194784,1.0407017206728477e-07
51.9357537758,1.0419044102539592e-07
51.94840560376,1.0430054007605948e-07
51.96105743172,1.0439968571069066e-07
51.97370925968,1.0448710368914024e-07
51.98636108764,1.0456203553192621e-07
51.999012915600005,1.0462374778321901e-07
52.011664743560004,1.0467154059260965e-07
52.02431657152,1.0470475761798889e-07
52.03696839948,1.0472279507205388e-07
52.04962022744,1.0472511254574751e-07
52.0622720554,1.0471124207835757e-07
52.07492388336,1.0468079863391398e-07
52.08757571132,1.0463349008866755e-07
52.10022753928,1.0456912507830086e-07
52.112879367240005,1.044876208867485e-07
52.125531195200004,1.0438901180628873e-07
52.13818302316,1.0427345229927096e-07
52.15083485112,1.0414122256627868e-07
52.16348667908,1.0399272955887585e-07
52.17613850704,1.038285082745227e-07
52.188790335,1.036492192107197e-07
52.20144216296,1.0345564453499127e-07
52.214093990920006,1.032486821512292e-07
52.226745818880005,1.0302933909312665e-07
52.239397646840004,1.0305916215979499e-07
52.2520494748,1.0321432296931742e-07
52.26470130276,1.0335301688771797e-07
52.27735313072,1.034750301117997e-07
52.29000495868,1.0358026988234125e-07
52.30265678664,1.0366875956741684e-07
52.3153086146,1.0374063144736515e-07
52.327960442560006,1.0379612001105212e-07
52.340612270520005,1.0383555336558123e-07
52.353264098480004,1.0385934485332784e-07
52.36591592644,1.038679818982841e-07
52.3785677544,1.0386201809104358e-07
52.39121958236,1.0384206241253213e-07
52.40387141032,1.0380877002036401e-07
52.41652323828,1.0376283281284205e-07
52.42917506624,1.0370497029924635e-07
52.441826894200005,1.036359224894089e-07
52.454478722160005,1.0355644107962643e-07
52.467130550120004,1.0346728295191151e-07
52.47978237808,1.0336920361713002e-07
52.49243420604,1.032629523753668e-07
52.505086034,1.0314926699360048e-07
52.51773786196,1.0302886973591411e-07
52.53038968992,1.0290246383369186e-07
52.54304151788,1.0277073055747898e-07
52.555693345840005,1.0263432732767062e-07
52.568345173800004,1.0249388531271159e-07
52.580997001760004,1.0235000907375806e-07
52.59364882972,1.022032749209396e-07
52.60630065768,1.0205423044590015e-07
52.61895248564,1.0190339541358144e-07
52.6316043136,1.0175125997898486e-07
52.64425614156,1.0159828653152829e-07
52.65690796952,1.0144490998267778e-07
52.669559797480005,1.0129153759701636e-07
52.682211625440004,1.0113855052545617e-07
52.6948634534,1.0098630476537041e-07
52.70751528136,1.0083513158062139e-07
52.72016710932,1.0068533929254957e-07
52.73281893728,1.005372132901563e-07
52.74547076524,1.0039101775657814e-07
52.7581225932,1.0024699699505272e-07
52.77077442116,1.0010537608331467e-07
52.783426249120005,9.996636205538404e-08
52.796078077080004,9.98301448322627e-08
52.80872990504,9.969689820484997e-08
52.821381733,9.956678092609183e-08
52.83403356096,9.943993783273791e-08
52.84668538892,9.93165005591487e-08
52.85933721688,9.919658866592915e-08
52.87198904484,9.908031019293829e-08
52.884640872800006,9.896776238828177e-08
52.897292700760005,9.885903296718061e-08
52.909944528720004,9.875420034313299e-08
52.92259635668,9.865333488084954e-08
52.93524818464,9.855649850083911e-08
52.9479000126,9.846374689643806e-08
52.96055184056,9.837512873106664e-08
52.97320366852,9.829068716390342e-08
52.98585549648,9.821045976226194e-08
52.998507324440006,9.813447926953876e-08
53.011159152400005,9.806277419611293e-08
53.023810980360004,9.799536897679498e-08
53.03646280832,9.793228478012947e-08
53.04911463628,9.787353968489507e-08
53.06176646424,9.781914904825274e-08
53.0744182922,9.776912605209228e-08
53.08707012016,9.772348174507153e-08
53.09972194812,9.768222552847124e-08
53.112373776080005,9.764536571303559e-08
53.125025604040005,9.761290915705589e-08
53.137677432000004,9.758486214524507e-08
53.15032925996,9.756123024450236e-08
53.16298108792,9.754201865929389e-08
53.17563291588,9.752723232540623e-08
53.18828474384,9.751687612693505e-08
53.2009365718,9.751095503976372e-08
53.21358839976,9.750947418016015e-08
53.226240227720005,9.751243901845546e-08
53.238892055680004,9.751985534188238e-08
53.251543883640004,9.753172934436864e-08
53.2641957116,9.754806766096977e-08
53.27684753956,9.756887738155644e-08
53.28949936752,9.759416598598208e-08
53.30215119548,9.762394134131963e-08
53.31480302344,9.765821164493358e-08
53.3274548514,9.769698532043633e-08
53.340106679360005,9.774027092400397e-08
53.352758507320004,9.778807698560251e-08
53.36541033528,9.784041194198284e-08
53.37806216324,9.789728382639241e-08
53.3907139912,9.795870023336424e-08
53.40336581916,9.802466792038395e-08
53.41601764712,9.809519273564613e-08
53.42866947508,9.817027926457227e-08
53.44132130304,9.824993058367649e-08
53.453973131000005,9.833414787100384e-08
53.466624958960004,9.842293026910933e-08
53.47927678692,9.851627419862697e-08
53.49192861488,9.861417337851269e-08
53.50458044284,9.871661804580902e-08
53.5172322708,9.882359474039255e-08
53.52988409876,9.893508578787619e-08
53.54253592672,9.905106887015523e-08
53.555187754680006,9.917151664994477e-08
53.567839582640005,9.929639539515268e-08
53.580491410600004,9.942566540923911e-08
53.59314323856,9.955928001182252e-08
53.60579506652,9.969718470914868e-08
53.61844689448,9.983931703122977e-08
53.63109872244,9.998560504972616e-08
53.6437505504,1.0013596727320233e-07
53.65640237836,1.0029031123187114e-07
53.669054206320006,1.0044853311597168e-07
53.681706034280005,1.0061051674145654e-07
53.694357862240004,1.0077613242281954e-07
53.7070096902,1.0094523645115887e-07
53.71966151816,1.0111766975696343e-07
53.73231334612,1.0129325620534012e-07
53.74496517408,1.0147180274430026e-07
53.75761700204,1.016530975260559e-07
53.77026883,1.0183690896832614e-07
53.782920657960005,1.0202298427362098e-07
53.795572485920005,1.0221104866721762e-07
53.808224313880004,1.0240080400294316e-07
53.82087614184,1.025919277011561e-07
53.8335279698,1.02784071035244e-07
53.84617979776,1.0297685902869376e-07
53.85883162572,1.0316988858917757e-07
53.87148345368,1.0336272790374121e-07
53.88413528164,1.035549159773629e-07
53.896787109600005,1.0374596111140876e-07
53.909438937560004,1.0393534099493524e-07
53.922090765520004,1.0412250257825309e-07
53.93474259348,1.04306861794012e-07
53.94739442144,1.0448780394748231e-07
53.9600462494,1.0466468522594809e-07
53.97269807736,1.0483683245493269e-07
53.98534990532,1.0500354642045896e-07
53.99800173328,1.0516410245487222e-07
54.010653561240005,1.0531775455653701e-07
54.023305389200004,1.0546373811637616e-07
54.03595721716,1.0560127439187228e-07
54.04860904512,1.0572957527726603e-07
54.06126087308,1.0584784885459797e-07
54.07391270104,1.0595530620802155e-07
54.086564529,1.0605116806641833e-07
54.09921635696,1.0613467287425463e-07
54.111868184920006,1.0620508490273635e-07
54.124520012880005,1.0626170482314845e-07
54.137171840840004,1.0630387772090691e-07
54.1498236688,1.0633100365536722e-07
54.16247549676,1.0634254850402765e-07
54.17512732472,1.0633805270192265e-07
54.18777915268,1.0631714250592065e-07
54.20043098064,1.0627953850663649e-07
54.2130828086,1.0622506512817301e-07
54.225734636560006,1.061536578455667e-07
54.238386464520005,1.0606537026628448e-07
54.251038292480004,1.0596037864306544e-07
54.26369012044,1.0583898655898645e-07
54.2763419484,1.0570162473033751e-07
54.28899377636,1.0554885305373341e-07
54.30164560432,1.0538135638240823e-07
54.31429743228,1.0519994141493154e-07
54.32694926024,1.050055305022853e-07
54.339601088200006,1.0520850385493055e-07
54.352252916160005,1.0544520758810171e-07
54.364904744120004,1.0566526822645232e-07
54.37755657208,1.058682734756602e-07
54.39020840004,1.0605394078747308e-07
54.402860228,1.0622211357485438e-07
54.41551205596,1.0637275690062289e-07
54.42816388392,1.0650595017100792e-07
54.44081571188,1.0662188052735206e-07
54.453467539840005,1.0672083432557597e-07
54.466119367800005,1.0680318714463267e-07
54.478771195760004,1.0686939529836183e-07
54.49142302372,1.0691998465937186e-07
54.50407485168,1.06955542330765e-07
54.51672667964,1.0697670505953132e-07
54.5293785076,1.0698415124413183e-07
54.54203033556,1.069785909902102e-07
54.55468216352,1.0696075783913092e-07
54.567333991480005,1.0693140089011298e-07
54.579985819440004,1.0689127795542655e-07
54.592637647400004,1.0684114868885462e-07
54.60528947536,1.0678176893037251e-07
54.61794130332,1.0671388553803499e-07
54.63059313128,1.066382326632739e-07
54.64324495924,1.0655552715674777e-07
54.6558967872,1.0646646580689513e-07
54.66854861516,1.0637172383922301e-07
54.681200443120005,1.0627195141449956e-07
54.693852271080004,1.0616777304030891e-07
54.70650409904,1.0605978642463606e-07
54.719155927,1.0594856159132233e-07
54.73180775496,1.0583464132878464e-07
54.74445958292,1.0571853981190235e-07
54.75711141088,1.0560074373740613e-07
54.76976323884,1.0548171240670957e-07
54.782415066800006,1.0536187841025547e-07
54.795066894760005,1.052416482411088e-07
54.807718722720004,1.0512140286968222e-07
54.82037055068,1.0500149889931673e-07
54.83302237864,1.0488226938377282e-07
54.8456742066,1.0476402500083614e-07
54.85832603456,1.0464705495143478e-07
54.87097786252,1.0453162767575673e-07
54.88362969048,1.0441799242480214e-07
54.896281518440006,1.0430637990276947e-07
54.908933346400005,1.0419700361935286e-07
54.921585174360004,1.0409006012348171e-07
54.93423700232,1.039857309504668e-07
54.94688883028,1.0388418315653678e-07
54.95954065824,1.0378556986204025e-07
54.9721924862,1.0369003166844159e-07
54.98484431416,1.0359769739033054e-07
54.99749614212,1.035086844088449e-07
55.010147970080006,1.0342310005156539e-07
55.022799798040005,1.0334104221358827e-07
55.035451626000004,1.0326259953516724e-07
55.04810345396,1.0318785274605032e-07
55.06075528192,1.031168751923854e-07
55.07340710988,1.030497330591018e-07
55.08605893784,1.0298648634375193e-07
55.0987107658,1.02927189275192e-07
55.11136259376,1.0287189071329557e-07
55.124014421720005,1.0282063486706546e-07
55.136666249680005,1.0277346193706043e-07
55.149318077640004,1.0273040792557111e-07
55.1619699056,1.0269150551199355e-07
55.17462173356,1.0265678450607181e-07
55.18727356152,1.0262627205434601e-07
55.19992538948,1.025999930038731e-07
55.21257721744,1.0257797037527513e-07
55.2252290454,1.0256022524738149e-07
55.237880873360005,1.0254677772525033e-07
55.250532701320004,1.0253764662503697e-07
55.263184529280004,1.0253284987145989e-07
55.27583635724,1.0253240479579463e-07
55.2884881852,1.025363282301281e-07
55.30114001316,1.0254463674086473e-07
55.31379184112,1.0255734671216693e-07
55.32644366908,1.0257447453139654e-07
55.33909549704,1.0259603663127363e-07
55.351747325000005,1.0262204957493748e-07
55.364399152960004,1.0265253012894684e-07
55.377050980920004,1.0268749527422123e-07
55.38970280888,1.0272696217056929e-07
55.40235463684,1.027709482357054e-07
55.4150064648,1.0281947096456565e-07
55.42765829276,1.0287254801185538e-07
55.44031012072,1.0293019690504911e-07
55.452961948680006,1.0299243518054672e-07
55.465613776640005,1.030592800395216e-07
55.478265604600004,1.031307481673585e-07
55.49091743256,1.0320685579454626e-07
55.50356926052,1.0328761826075156e-07
55.51622108848,1.0337304971727204e-07
55.52887291644,1.0346316324007593e-07
55.5415247444,1.0355796999616175e-07
55.55417657236,1.0365747952652319e-07
55.566828400320006,1.0376169896228856e-07
55.579480228280005,1.0387063280594994e-07
55.592132056240004,1.0398428264168225e-07
55.6047838842,1.0410264665137375e-07
55.61743571216,1.0422571919851474e-07
55.63008754012,1.0435349041925205e-07
55.64273936808,1.0448594523209027e-07
55.65539119604,1.0462306356279658e-07
55.668043024,1.0476481951240094e-07
55.680694851960006,1.0491118051895339e-07
55.693346679920005,1.0506210661559228e-07
55.705998507880004,1.052175502917778e-07
55.71865033584,1.053774556963564e-07
55.7313021638,1.0554175724108035e-07
55.74395399176,1.0571037923981784e-07
55.75660581972,1.0588323535907999e-07
55.76925764768,1.0606022729356895e-07
55.78190947564,1.0624124399328781e-07
55.794561303600005,1.064261608771542e-07
55.807213131560005,1.0661483793876828e-07
55.819864959520004,1.06807119929295e-07
55.83251678748,1.0700283463832259e-07
55.84516861544,1.0720179146058542e-07
55.8578204434,1.0740378043100498e-07
55.87047227136,1.0760857152726323e-07
55.88312409932,1.0781591246072327e-07
55.89577592728,1.0802552808381155e-07
55.908427755240005,1.0823711865173129e-07
55.921079583200004,1.0845035898794103e-07
55.933731411160004,1.0866489708303118e-07
55.94638323912,1.0888035252405971e-07
55.95903506708,1.0909631587562415e-07
55.97168689504,1.0931234675727881e-07
55.984338723,1.0952797427164299e-07
55.99699055096,1.0974269458427815e-07
56.00964237892,1.0995597105585409e-07
56.022294206880005,1.1016723380647655e-07
56.034946034840004,1.1037587959718558e-07
56.047597862800004,1.1058127141032795e-07
56.06024969076,1.1078273987366507e-07
56.07290151872,1.1097958308659679e-07
56.08555334668,1.111710688834544e-07
56.09820517464,1.1135643639464565e-07
56.1108570026,1.1153489876088443e-07
56.123508830560006,1.1170564629464169e-07
56.136160658520005,1.1186785032294406e-07
56.148812486480004,1.1202066805261522e-07
56.16146431444,1.1216324782636785e-07
56.1741161424,1.1229473540330184e-07
56.18676797036,1.1241428140245548e-07
56.19941979832,1.1252104851064622e-07
56.21207162628,1.1261422158024504e-07
56.22472345424,1.1269301512648504e-07
56.237375282200006,1.1275668450354313e-07
56.250027110160005,1.1280453650357156e-07
56.262678938120004,1.1283593952660493e-07
56.27533076608,1.1285033460545482e-07
56.28798259404,1.1284724669392311e-07
56.300634422,1.1282629504915968e-07
56.31328624996,1.1278720323493341e-07
56.32593807792,1.1272980776443383e-07
56.33858990588,1.1265406711239275e-07
56.351241733840006,1.1256006743318868e-07
56.363893561800005,1.1244802833451632e-07
56.376545389760004,1.1231830565676568e-07
56.38919721772,1.1217139321216916e-07
56.40184904568,1.120079215716513e-07
56.41450087364,1.118286552163623e-07
56.4271527016,1.1163448741550555e-07
56.43980452956,1.1142643331418023e-07
56.45245635752,1.1148779046251963e-07
56.465108185480005,1.1174248084840007e-07
56.477760013440005,1.1197883407325965e-07
56.490411841400004,1.1219644577695747e-07
56.50306366936,1.1239504920746551e-07
56.51571549732,1.1257451195311268e-07
56.52836732528,1.1273483061943723e-07
56.54101915324,1.128761228621562e-07
56.5536709812,1.1299861916366723e-07
56.56632280916,1.131026547602199e-07
56.578974637120005,1.1318865764972275e-07
56.591626465080004,1.1325713999255348e-07
56.604278293040004,1.1330868572714565e-07
56.616930121,1.1334394148939347e-07
56.62958194896,1.1336360530149294e-07
56.64223377692,1.133684163196166e-07
56.65488560488,1.133591460982992e-07
56.66753743284,1.1333658893090344e-07
56.680189260800006,1.1330155398222409e-07
56.692841088760005,1.1325485734469455e-07
56.705492916720004,1.1319731675661937e-07
56.718144744680004,1.1312974297520168e-07
56.73079657264,1.1305293713160398e-07
56.7434484006,1.1296768521223584e-07
56.75610022856,1.1287475393048069e-07
56.76875205652,1.1277488806649241e-07
56.78140388448,1.1266880809568528e-07
56.794055712440006,1.1255720764693218e-07
56.806707540400005,1.1244075257765995e-07
56.819359368360004,1.1232008008808792e-07
56.83201119632,1.1219579698275598e-07
56.84466302428,1.1206848056770447e-07
56.85731485224,1.1193867826719342e-07
56.8699666802,1.1180690747371152e-07
56.88261850816,1.1167365684098739e-07
56.89527033612,1.1153938602744137e-07
56.907922164080006,1.1140452656401287e-07
56.920573992040005,1.1126948338260909e-07
56.933225820000004,1.1113463525271175e-07
56.94587764796,1.110003357715377e-07
56.95852947592,1.1086691466119014e-07
56.97118130388,1.107346784086642e-07
56.98383313184,1.1060391194618239e-07
56.9964849598,1.1047487939563282e-07
57.00913678776,1.1034782524244394e-07
57.021788615720006,1.1022297511243087e-07
57.034440443680005,1.1010053747533397e-07
57.047092271640004,1.0998070414123182e-07
57.0597440996,1.0986365101321954e-07
57.07239592756,1.0974954001170749e-07
57.08504775552,1.0963851896001798e-07
57.09769958348,1.0953072303723909e-07
57.11035141144,1.0942627600240739e-07
57.1230032394,1.0932528991377803e-07
57.135655067360005,1.0922786668752125e-07
57.148306895320005,1.0913409901435639e-07
57.160958723280004,1.0904407016882552e-07
57.17361055124,1.0895785591453408e-07
57.1862623792,1.0887552424075435e-07
57.19891420716,1.0879713618612854e-07
57.21156603512,1.0872274646671456e-07
57.22421786308,1.0865240432926386e-07
57.23686969104,1.0858615352869335e-07
57.249521519000005,1.0852403308515127e-07
57.262173346960004,1.0846607786110334e-07
57.274825174920004,1.0841231895973754e-07
57.28747700288,1.0836278403513589e-07
57.30012883084,1.0831749762999811e-07
57.3127806588,1.0827648184805916e-07
57.32543248676,1.0823975626518105e-07
57.33808431472,1.0820733863507668e-07
57.350736142680006,1.0817924489621043e-07
57.363387970640005,1.081554896183251e-07
57.376039798600004,1.0813608607350663e-07
57.388691626560004,1.0812104670336848e-07
57.40134345452,1.0811038301719656e-07
57.41399528248,1.0810410594677813e-07
57.42664711044,1.0810222594207317e-07
57.4392989384,1.081047530508484e-07
57.45195076636,1.0811169706459481e-07
57.464602594320006,1.0812306753910992e-07
57.477254422280005,1.0813887384572097e-07
57.489906250240004,1.0815912519732384e-07
57.5025580782,1.0818383062399834e-07
57.51520990616,1.082129989879015e-07
57.52786173412,1.0824663878025921e-07
57.54051356208,1.0828475821087728e-07
57.55316539004,1.0832736497013869e-07
57.565817218,1.0837446618332427e-07
57.578469045960006,1.0842606817600074e-07
57.591120873920005,1.0848217628376204e-07
57.603772701880004,1.0854279466200493e-07
57.61642452984,1.0860792604746767e-07
57.6290763578,1.0867757149691567e-07
57.64172818576,1.0875173028751625e-07
57.65438001372,1.0883039904389209e-07
57.66703184168,1.0891357206009319e-07
57.67968366964,1.0900124050454234e-07
57.692335497600006,1.0909339241587666e-07
57.704987325560005,1.0919001146305751e-07
57.717639153520004,1.0929107782616487e-07
57.73029098148,1.0939656636736738e-07
57.74294280944,1.0950644696397842e-07
57.7555946374,1.0962068351434268e-07
57.76824646536,1.0973923393361282e-07
57.78089829332,1.0986204873135383e-07
57.79355012128,1.0998907150486431e-07
57.806201949240005,1.101202367136444e-07
57.818853777200005,1.1025547038895859e-07
57.831505605160004,1.1039468881623644e-07
57.84415743312,1.1053779762900484e-07
57.85680926108,1.106846913323521e-07
57.86946108904,1.1083525191759837e-07
57.882112917,1.1098934810770946e-07
57.89476474496,1.1114683513163988e-07
57.90741657292,1.1130755282838394e-07
57.920068400880005,1.1147132511708296e-07
57.932720228840004,1.116379580356308e-07
57.945372056800004,1.1180723974056235e-07
57.95802388476,1.1197893927030734e-07
57.97067571272,1.1215280463488725e-07
57.98332754068,1.1232856218582345e-07
57.99597936864,1.1250591508356103e-07
58.0086311966,1.1268454224899011e-07
58.021283024560006,1.1286409737552124e-07
58.033934852520005,1.1304420733605963e-07
58.046586680480004,1.1322447137857818e-07
58.059238508440004,1.1340445978948479e-07
58.0718903364,1.1358371285152415e-07
58.08454216436,1.1376174043503907e-07
58.09719399232,1.1393802073366524e-07
58.10984582028,1.1411200004772894e-07
58.12249764824,1.1428309231073422e-07
58.135149476200006,1.1445067895089088e-07
58.147801304160005,1.1461410899687286e-07
58.160453132120004,1.1477270007300564e-07
58.17310496008,1.1492573909945683e-07
58.18575678804,1.1507248380740384e-07
58.198408616,1.1521216479367519e-07
58.21106044396,1.1534398794636005e-07
58.22371227192,1.1546713803421363e-07
58.23636409988,1.1558078264464886e-07
58.249015927840006,1.1568407615174809e-07
58.261667755800005,1.1577616621254895e-07
58.274319583760004,1.1585619932454533e-07
58.28697141172,1.1592332812406363e-07
58.29962323968,1.1597671966692032e-07
58.31227506764,1.1601556292837806e-07
58.3249268956,1.160390799354153e-07
58.33757872356,1.1604653393690623e-07
58.35023055152,1.1603724133973435e-07
58.362882379480006,1.1601058195194376e-07
58.375534207440005,1.1596600993961587e-07
58.388186035400004,1.1590306542948553e-07
58.40083786336,1.158213842909275e-07
58.41348969132,1.157207093855484e-07
58.42614151928,1.1560089963701337e-07
58.43879334724,1.154619382775379e-07
58.4514451752,1.1530394003274528e-07
58.46409700316,1.1512715755622046e-07
58.476748831120005,1.1493198326980047e-07
58.489400659080005,1.1471895244929621e-07
58.502052487040004,1.1448874241530322e-07
58.514704315,1.1424217069426547e-07
58.52735614296,1.139801888083176e-07
58.54000797092,1.1370387594315207e-07
58.55265979888,1.1385620068072296e-07
58.56531162684,1.1405193564205922e-07
58.5779634548,1.1422999845660618e-07
58.590615282760005,1.1439000212718222e-07
58.603267110720004,1.1453169767214174e-07
58.615918938680004,1.1465496912147441e-07
58.62857076664,1.14759829529868e-07
58.6412225946,1.1484641361187226e-07
58.65387442256,1.1491496935919372e-07
58.66652625052,1.1496584939514244e-07
58.67917807848,1.149994998970815e-07
58.691829906440006,1.1501645116517253e-07
58.704481734400005,1.1501730624631852e-07
58.717133562360004,1.1500273021044596e-07
58.729785390320004,1.1497343984680517e-07
58.74243721828,1.1493019318308569e-07
58.75508904624,1.1487377960370408e-07
58.7677408742,1.1480501077042648e-07
58.78039270216,1.1472471226267245e-07
58.79304453012,1.1463371576783174e-07
58.805696358080006,1.145328521989088e-07
58.818348186040005,1.1442294541618517e-07
58.831000014000004,1.1430480732107704e-07
58.84365184196,1.1417923292004352e-07
58.85630366992,1.1404699644954758e-07
58.86895549788,1.1390884846027164e-07
58.88160732584,1.1376551295260825e-07
58.8942591538,1.1361768617899788e-07
58.90691098176,1.1346603402950087e-07
58.919562809720006,1.1331119221376374e-07
58.932214637680005,1.1315376495180867e-07
58.944866465640004,1.1299432531690728e-07
58.9575182936,1.1283341453057548e-07
58.97017012156,1.1267154313603513e-07
58.98282194952,1.1250919105791605e-07
58.99547377748,1.1234680862177758e-07
59.00812560544,1.1218481719490092e-07
59.0207774334,1.120236101992518e-07
59.033429261360006,1.1186355444231657e-07
59.046081089320005,1.1170499111281514e-07
59.058732917280004,1.115482365059484e-07
59.07138474524,1.1139358381024139e-07
59.0840365732,1.112413039994985e-07
59.09668840116,1.1109164696021952e-07
59.10934022912,1.1094484311083661e-07
59.12199205708,1.1080110390222648e-07
59.13464388504,1.1066062298237345e-07
59.147295713000005,1.1052357830683441e-07
59.159947540960005,1.1039013196409809e-07
59.172599368920004,1.102604317029269e-07
59.18525119688,1.101346116862805e-07
59.19790302484,1.100127941883747e-07
59.2105548528,1.0989508943800706e-07
59.22320668076,1.0978159701320046e-07
59.23585850872,1.0967240685903986e-07
59.24851033668,1.0956759945461667e-07
59.261162164640005,1.0946724726389927e-07
59.273813992600004,1.0937141491745823e-07
59.286465820560004,1.0928016022001525e-07
59.29911764852,1.0919353430633057e-07
59.31176947648,1.0911158255942477e-07
59.32442130444,1.090343455279118e-07
59.3370731324,1.0896185886821735e-07
59.34972496036,1.0889415413642691e-07
59.362376788320006,1.0883125909676885e-07
59.375028616280005,1.0877319851108432e-07
59.387680444240004,1.0871999411432673e-07
59.400332272200004,1.0867166555021263e-07
59.41298410016,1.0862823004657949e-07
59.42563592812,1.085897035721196e-07
59.43828775608,1.0855610047866547e-07
59.45093958404,1.0852743424805356e-07
59.463591412,1.0850371744865593e-07
59.476243239960006,1.0848496223298061e-07
59.488895067920005,1.0847118043613165e-07
59.501546895880004,1.0846238379391156e-07
59.51419872384,1.0845858412707045e-07
59.5268505518,1.0845979353408082e-07
59.53950237976,1.0846602444852001e-07
59.55215420772,1.0847728983138938e-07
59.56480603568,1.0849360319255861e-07
59.57745786364,1.0851497867587169e-07
59.590109691600006,1.0854143107163045e-07
59.602761519560005,1.0857297580752595e-07
59.615413347520004,1.0860962899717539e-07
59.62806517548,1.0865140741129713e-07
59.64071700344,1.0869832821747017e-07
59.6533688314,1.0875040916705187e-07
59.66602065936,1.0880766831656512e-07
59.67867248732,1.0887012385094193e-07
59.69132431528,1.089377941076699e-07
59.703976143240006,1.0901069711024108e-07
59.716627971200005,1.0908885067305561e-07
59.729279799160004,1.0917227184265513e-07
59.74193162712,1.0926097687525923e-07
59.75458345508,1.0935498082399512e-07
59.76723528304,1.0945429734471364e-07
59.779887111,1.0955893813081726e-07
59.79253893896,1.0966891288801092e-07
59.80519076692,1.0978422865845567e-07
59.817842594880005,1.0990488954046307e-07
59.830494422840005,1.1003089608758466e-07
59.843146250800004,1.1016224485517202e-07
59.85579807876,1.1029892815928496e-07
59.86844990672,1.1044093310460345e-07
59.88110173468,1.1058824142401432e-07
59.89375356264,1.1074082874246032e-07
59.9064053906,1.1089866331951393e-07
59.91905721856,1.1106170645466445e-07
59.931709046520005,1.1122991091889319e-07
59.944360874480004,1.1140322041277505e-07
59.957012702440004,1.1158156857027205e-07
59.9696645304,1.1176487871719098e-07
59.98231635836,1.1195306202203161e-07
59.99496818632,1.1214601717380546e-07
60.00762001428,1.123436292223671e-07
60.02027184224,1.1254576856730671e-07
60.032923670200006,1.127522896933813e-07
60.045575498160005,1.1296302987392817e-07
60.058227326120004,1.1317780821415972e-07
60.070879154080004,1.1339642431429246e-07
60.08353098204,1.1361865684247929e-07
60.09618281,1.1384426234072752e-07
60.10883463796,1.1407297381662186e-07
60.12148646592,1.1430449930362125e-07
60.13413829388,1.1453852026905738e-07
60.146790121840006,1.147746907208073e-07
60.159441949800005,1.1501263566032525e-07
60.172093777760004,1.1525194884924267e-07
60.18474560572,1.1549219317696393e-07
60.19739743368,1.1573289830751083e-07
60.21004926164,1.1597355996514782e-07
60.2227010896,1.1621363899450788e-07
60.23535291756,1.164525607001472e-07
60.24800474552,1.1668971466737327e-07
60.260656573480006,1.169244544060736e-07
60.273308401440005,1.1715609746628642e-07
60.285960229400004,1.1738392632134349e-07
60.29861205736,1.1760718981947076e-07
60.31126388532,1.17825103652237e-07
60.32391571328,1.1803685398996138e-07
60.33656754124,1.1824159993650458e-07
60.3492193692,1.1843847656970566e-07
60.36187119716,1.1862660060398599e-07
60.374523025120006,1.1880507456951073e-07
60.387174853080005,1.1897299361979384e-07
60.399826681040004,1.1912945206130039e-07
60.412478509,1.1927355098975132e-07
60.42513033696,1.1940440827789356e-07
60.43778216492,1.1952116706876113e-07
60.45043399288,1.1962300590606096e-07
60.46308582084,1.1970914966620773e-07
60.4757376488,1.1977888112683492e-07
60.488389476760005,1.1983155260244956e-07
60.501041304720005,1.1986659573421913e-07
60.513693132680004,1.1988353571647115e-07
60.52634496064,1.1988200003245766e-07
60.5389967886,1.1986172859410873e-07
60.55164861656,1.198225847085803e-07
60.56430044452,1.1976456058468665e-07
60.57695227248,1.1968778530399554e-07
60.589604100440006,1.1959252832196258e-07
60.602255928400005,1.1947920250964188e-07
60.614907756360004,1.1934836402614668e-07
60.627559584320004,1.1920071083791005e-07
60.64021141228,1.190370778424156e-07
60.65286324024,1.1885843121547672e-07
60.6655150682,1.1866585932703745e-07
60.67816689616,1.1889815536388718e-07
60.69081872412,1.191553146266079e-07
60.703470552080006,1.193929558563762e-07
60.716122380040005,1.196107472214313e-07
60.728774208000004,1.1980849908712977e-07
60.741426035960004,1.199861600325811e-07
60.75407786392,1.2014380958689316e-07
60.76672969188,1.2028164967402172e-07
60.77938151984,1.2039999498437878e-07
60.7920333478,1.2049926272535401e-07
60.80468517576,1.2057996193480452e-07
60.817337003720006,1.2064268226535336e-07
60.829988831680005,1.2068808268987073e-07
60.842640659640004,1.2071688023246843e-07
60.8552924876,1.2072983961349966e-07
60.86794431556,1.207277624491112e-07
60.88059614352,1.207114780269494e-07
60.89324797148,1.2068183433326538e-07
60.90589979944,1.2063968952165954e-07
60.9185516274,1.205859053328064e-07
60.931203455360006,1.205213393953052e-07
60.943855283320005,1.204468402366499e-07
60.956507111280004,1.203632421246955e-07
60.96915893924,1.202713607077667e-07
60.9818107672,1.2017198944020912e-07
60.99446259516,1.2006589729120128e-07
61.00711442312,1.1995382571521209e-07
61.01976625108,1.1983648755486548e-07
61.03241807904,1.197145648420665e-07
61.045069907000006,1.195887091851905e-07
61.057721734960005,1.194595404820812e-07
61.070373562920004,1.1932764738353619e-07
61.08302539088,1.1919358675834723e-07
61.09567721884,1.1905788490475661e-07
61.1083290468,1.1892103757504577e-07
61.12098087476,1.187835106017403e-07
61.13363270272,1.1864574151814512e-07
61.14628453068,1.185081395649173e-07
61.158936358640005,1.1837108742506723e-07
61.171588186600005,1.1823494224767993e-07
61.184240014560004,1.1810003631751431e-07
61.19689184252,1.1796667858174662e-07
61.20954367048,1.1783515580017625e-07
61.22219549844,1.1770573376496402e-07
61.2348473264,1.1757865798962006e-07
61.24749915436,1.1745415547394952e-07
61.260150982320006,1.1733243472739105e-07
61.272802810280005,1.1721368824695022e-07
61.285454638240004,1.1709809277314525e-07
61.298106466200004,1.1698580983597437e-07
61.31075829416,1.1687698755907437e-07
61.32341012212,1.1677176104752791e-07
61.33606195008,1.1667025371724307e-07
61.34871377804,1.1657257759150955e-07
61.361365606,1.1647883444141687e-07
61.374017433960006,1.1638911647227918e-07
61.386669261920005,1.1630350724530559e-07
61.399321089880004,1.1622208208745758e-07
61.411972917840004,1.161449086694503e-07
61.4246247458,1.160720479680549e-07
61.43727657376,1.1600355481037866e-07
61.44992840172,1.1593947820516324e-07
61.46258022968,1.1587986209984685e-07
61.47523205764,1.1582474586396365e-07
61.487883885600006,1.1577416467912316e-07
61.500535713560005,1.157281499368061e-07
61.513187541520004,1.1568673005538853e-07
61.52583936948,1.1564993016285655e-07
61.53849119744,1.1561777308495343e-07
61.5511430254,1.1559027968172822e-07
61.56379485336,1.1556746866431786e-07
61.57644668132,1.155493572431026e-07
61.58909850928,1.1553596151086685e-07
61.601750337240006,1.1552729644436619e-07
61.614402165200005,1.1552337607608337e-07
61.627053993160004,1.1552421391037349e-07
61.63970582112,1.1552982292001347e-07
61.65235764908,1.1554021570477842e-07
61.66500947704,1.1555540466346259e-07
61.677661305,1.1557540199289373e-07
61.69031313296,1.1560021979738258e-07
61.70296496092,1.1562987007324123e-07
61.715616788880006,1.1566436471302251e-07
61.728268616840005,1.1570371553284602e-07
61.740920444800004,1.1574793412823963e-07
61.75357227276,1.1579703189888205e-07
61.76622410072,1.1585101979184856e-07
61.77887592868,1.15909908358211e-07
61.79152775664,1.15973707387042e-07
61.8041795846,1.160424257981207e-07
61.81683141256,1.1611607152364253e-07
61.829483240520005,1.161946511661081e-07
61.842135068480005,1.162781697149407e-07
61.854786896440004,1.1636663020355314e-07
61.8674387244,1.1646003346949729e-07
61.88009055236,1.1655837798282606e-07
61.89274238032,1.1666165915706385e-07
61.90539420828,1.1676986873761371e-07
61.91804603624,1.1688299522062358e-07
61.930697864200006,1.1700102252201971e-07
61.943349692160005,1.1712392979640487e-07
61.956001520120004,1.1725169099548377e-07
61.968653348080004,1.1738427425834153e-07
61.98130517604,1.1752164086627456e-07
61.993957004,1.1766374543498186e-07
62.00660883196,1.1781053460055815e-07
62.01926065992,1.1796194663433242e-07
62.03191248788,1.1811791035773115e-07
62.044564315840006,1.1827834457356526e-07
62.057216143800005,1.1844315754488838e-07
62.069867971760004,1.1861224543449424e-07
62.082519799720004,1.1878549178870824e-07
62.09517162768,1.189627663542774e-07
62.10782345564,1.1914392413166508e-07
62.1204752836,1.1932880494295538e-07
62.13312711156,1.1951723124827704e-07
62.14577893952,1.1970900724689902e-07
62.158430767480006,1.199039183771248e-07
62.171082595440005,1.2010172895237814e-07
62.183734423400004,1.2030218229025367e-07
62.19638625136,1.205049978989217e-07
62.20903807932,1.2070987129242254e-07
62.22168990728,1.2091647199459128e-07
62.23434173524,1.211244427488857e-07
62.2469935632,1.213333975526881e-07
62.25964539116,1.215429208053966e-07
62.272297219120006,1.2175256583102093e-07
62.284949047080005,1.2196185383175127e-07
62.297600875040004,1.2217027335967886e-07
62.310252703,1.2237727806526628e-07
62.32290453096,1.225822869329877e-07
62.33555635892,1.227846837887022e-07
62.34820818688,1.2298381694490806e-07
62.36086001484,1.2317899869227125e-07
62.3735118428,1.2336950595947676e-07
62.386163670760006,1.2355458184923678e-07
62.398815498720005,1.237334356579673e-07
62.411467326680004,1.2390524626063973e-07
62.42411915464,1.240691631869059e-07
62.4367709826,1.242243108819764e-07
62.44942281056,1.2436979158453188e-07
62.46207463852,1.2450469080479144e-07
62.47472646648,1.2462808267483118e-07
62.48737829444,1.2473903566391997e-07
62.500030122400005,1.248366209210763e-07
62.512681950360005,1.2491991987689526e-07
62.525333778320004,1.2498803290241907e-07
62.53798560628,1.2504009043012902e-07
62.55063743424,1.2507526172351375e-07
62.5632892622,1.2509276744500768e-07
62.57594109016,1.2509189092999823e-07
62.58859291812,1.2507198968382244e-07
62.601244746080006,1.2503250844754812e-07
62.613896574040005,1.2497299003802782e-07
62.626548402000005,1.2489308724445575e-07
62.639200229960004,1.2479257384683991e-07
62.65185205792,1.2467135318150757e-07
62.66450388588,1.245294684159829e-07
62.67715571384,1.2436710754769e-07
62.6898075418,1.2418460936900475e-07
62.70245936976,1.2398246559157143e-07
62.715111197720006,1.2376132292256716e-07
62.727763025680005,1.2352197953880932e-07
62.740414853640004,1.232653822990058e-07
62.753066681600004,1.2307261271516794e-07
62.76571850956,1.2335025473409227e-07
62.77837033752,1.2360913993482646e-07
62.79102216548,1.2384857999264095e-07
62.80367399344,1.2406803980199558e-07
62.8163258214,1.2426713850033382e-07
62.828977649360006,1.244456453683964e-07
62.841629477320005,1.246034748971989e-07
62.854281305280004,1.2474068065935882e-07
62.86693313324,1.2485744691550298e-07
62.8795849612,1.2495407920133996e-07
62.89223678916,1.2503099344357554e-07
62.90488861712,1.2508870491398995e-07
62.91754044508,1.2512781599907269e-07
62.93019227304,1.2514900578884186e-07
62.942844101000006,1.251530167736229e-07
62.955495928960005,1.2514064472056585e-07
62.968147756920004,1.2511272619879104e-07
62.98079958488,1.250701297590116e-07
62.99345141284,1.2501374459735123e-07
63.0061032408,1.2494447303696304e-07
63.01875506876,1.2486322216295803e-07
63.03140689672,1.247708957950198e-07
63.04405872468,1.2466838899831747e-07
63.056710552640006,1.2455658229277364e-07
63.069362380600005,1.244363370405532e-07
63.082014208560004,1.2430849128988738e-07
63.09466603652,1.241738569133087e-07
63.10731786448,1.2403321712248073e-07
63.11996969244,1.2388732355000008e-07
63.1326215204,1.2373689629817096e-07
63.14527334836,1.2358262187324452e-07
63.157925176320006,1.2342515332692505e-07
63.170577004280005,1.2326511010520217e-07
63.183228832240005,1.231030773455311e-07
63.195880660200004,1.2293960747676628e-07
63.20853248816,1.2277521961439727e-07
63.22118431612,1.2261040203639538e-07
63.23383614408,1.2244561111435596e-07
63.24648797204,1.2228127378449404e-07
63.2591398,1.2211778830572424e-07
63.271791627960006,1.2195552543037978e-07
63.284443455920005,1.2179482943568042e-07
63.297095283880005,1.2163601976241852e-07
63.309747111840004,1.2147939210684907e-07
63.3223989398,1.2132521927858645e-07
63.33505076776,1.2117375320530551e-07
63.34770259572,1.2102522561963058e-07
63.36035442368,1.208798491756331e-07
63.37300625164,1.2073781941935903e-07
63.385658079600006,1.2059931416711352e-07
63.398309907560005,1.2046449667784967e-07
63.410961735520004,1.2033351522064415e-07
63.423613563480004,1.202065046455747e-07
63.43626539144,1.2008358738297739e-07
63.4489172194,1.1996487405696182e-07
63.46156904736,1.1985046434807545e-07
63.47422087532,1.1974044810087656e-07
63.48687270328,1.1963490578035613e-07
63.499524531240006,1.1953390980401858e-07
63.512176359200005,1.1943752479637512e-07
63.524828187160004,1.1934580778247496e-07
63.53748001512,1.1925880987297208e-07
63.55013184308,1.1917657621808876e-07
63.56278367104,1.1909914674575788e-07
63.575435499,1.1902655644981453e-07
63.58808732696,1.1895883645635228e-07
63.60073915492,1.1889601396612058e-07
63.613390982880006,1.1883811295950516e-07
63.626042810840005,1.1878515448116105e-07
63.638694638800004,1.1873715718028383e-07
63.65134646676,1.186941375438759e-07
63.66399829472,1.1865611041538259e-07
63.67665012268,1.1862308909386013e-07
63.68930195064,1.1859508569608645e-07
63.7019537786,1.1857211151473209e-07
63.71460560656,1.1855417710556102e-07
63.727257434520006,1.1854129256334167e-07
63.739909262480005,1.1853346772858281e-07
63.752561090440004,1.1853071225566116e-07
63.7652129184,1.1853303581943178e-07
63.77786474636,1.1854044813464167e-07
63.79051657432,1.1855295908083958e-07
63.80316840228,1.1857057872712788e-07
63.81582023024,1.1859331734460112e-07
63.828472058200006,1.186211854178497e-07
63.841123886160005,1.1865419356631924e-07
63.853775714120005,1.1869235246894989e-07
63.866427542080004,1.1873567278108346e-07
63.87907937004,1.1878416509498041e-07
63.891731198,1.1883783969590662e-07
63.90438302596,1.1889670642444777e-07
63.91703485392,1.1896077441731634e-07
63.92968668188,1.1903005192461644e-07
63.942338509840006,1.1910454611365315e-07
63.954990337800005,1.1918426276633216e-07
63.967642165760005,1.192692056558229e-07
63.980293993720004,1.1935937683621376e-07
63.99294582168,1.1945477549093525e-07
64.00559764964001,1.195553983597102e-07
64.01824947760001,1.1966123867062046e-07
64.03090130556001,1.197722859979481e-07
64.04355313352,1.1988852543474114e-07
64.05620496148,1.2000993794146554e-07
64.06885678944,1.201364987211607e-07
64.0815086174,1.2026817700530942e-07
64.09416044536,1.2040493593712605e-07
64.10681227332,1.2054673134176973e-07
64.11946410128,1.2069351091077647e-07
64.13211592924,1.2084521397238604e-07
64.1447677572,1.210017705952855e-07
64.15741958516,1.2116310045510977e-07
64.17007141312,1.2132911211152208e-07
64.18272324108,1.214997022774036e-07
64.19537506904,1.2167475456176585e-07
64.208026897,1.2185413880860785e-07
64.22067872496001,1.2203770941192115e-07
64.23333055292001,1.2222530502668624e-07
64.24598238088001,1.2241674659538222e-07
64.25863420884001,1.2261183726876983e-07
64.2712860368,1.228103596034514e-07
64.28393786476,1.2301207543654548e-07
64.29658969272,1.2321672425385137e-07
64.30924152068,1.2342402188691113e-07
64.32189334864,1.236336587572089e-07
64.3345451766,1.238452988041646e-07
64.34719700456,1.2405857847306675e-07
64.35984883252,1.2427310425076937e-07
64.37250066048,1.24488452434461e-07
64.38515248844,1.24704167505937e-07
64.3978043164,1.2491976045246635e-07
64.41045614436,1.251347082564476e-07
64.42310797232,1.2534845264999987e-07
64.43575980028,1.255603997376287e-07
64.44841162824001,1.25769918724748e-07
64.46106345620001,1.2597634261038972e-07
64.47371528416001,1.2617896747934915e-07
64.48636711212,1.2637705341295035e-07
64.49901894008,1.265698252724656e-07
64.51167076804,1.267564738750487e-07
64.524322596,1.2693615835352104e-07
64.53697442396,1.2710800875286213e-07
64.54962625192,1.2727112914835072e-07
64.56227807988,1.274246019574434e-07
64.57492990784,1.275674928806547e-07
64.5875817358,1.276988559864668e-07
64.60023356376,1.2781774196876802e-07
64.61288539172,1.2792320444180505e-07
64.62553721968,1.280143082882283e-07
64.63818904764,1.2809014043569536e-07
64.6508408756,1.2814981875736635e-07
64.66349270356,1.281925036423937e-07
64.67614453152001,1.2821740918062752e-07
64.68879635948001,1.282238155723432e-07
64.70144818744001,1.2821108088416294e-07
64.7141000154,1.281786538666587e-07
64.72675184336,1.2812608531993926e-07
64.73940367132,1.2805304019573185e-07
64.75205549928,1.279593079394092e-07
64.76470732724,1.2784481214891114e-07
64.7773591552,1.277096190769103e-07
64.79001098316,1.2755394446653028e-07
64.80266281112,1.2737815670149408e-07
64.81531463908,1.271827808283533e-07
64.82796646704,1.2696849817866012e-07
64.840618295,1.2673614327678262e-07
64.85327012296,1.2648670037254802e-07
64.86592195092,1.2622129541944337e-07
64.87857377888,1.259411868217136e-07
64.89122560684001,1.26154471621092e-07
64.90387743480001,1.2640199485218301e-07
64.91652926276001,1.2662918077708945e-07
64.92918109072001,1.2683567247595526e-07
64.94183291868,1.2702126430079288e-07
64.95448474664,1.2718589692786904e-07
64.9671365746,1.2732965108439672e-07
64.97978840256,1.274527364769417e-07
64.99244023052,1.2755548429598578e-07
65.00509205848,1.2763833498340577e-07
65.01774388644,1.2770182725825727e-07
65.0303957144,1.2774658589058337e-07
65.04304754236,1.2777331010761098e-07
65.05569937032,1.2778276122758794e-07
65.06835119828,1.2777575161204577e-07
65.08100302624,1.2775313393433645e-07
65.0936548542,1.2771579012583634e-07
65.10630668216,1.2766462205099133e-07
65.11895851012001,1.2760054271176553e-07
65.13161033808001,1.2752446830576301e-07
65.14426216604001,1.2743731139750435e-07
65.156913994,1.273399743343426e-07
65.16956582196,1.272333439007096e-07
65.18221764992,1.2711828672635933e-07
65.19486947788,1.269956459816081e-07
65.20752130584,1.2686623746149725e-07
65.2201731338,1.267308478299844e-07
65.23282496176,1.265902323827299e-07
65.24547678972,1.2644511444844236e-07
65.25812861768,1.262961834506749e-07
65.27078044564,1.2614409514181594e-07
65.2834322736,1.259894710183137e-07
65.29608410156,1.2583289933523371e-07
65.30873592952,1.2567493478957464e-07
65.32138775748,1.2551609955481607e-07
65.33403958544,1.253568839724801e-07
65.34669141340001,1.2519774768014132e-07
65.35934324136001,1.2503912028427206e-07
65.37199506932001,1.2488140287525714e-07
65.38464689728,1.24724969429628e-07
65.39729872524,1.2457016753714185e-07
65.4099505532,1.244173199142032e-07
65.42260238116,1.2426672541708232e-07
65.43525420912,1.2411866081249538e-07
65.44790603708,1.239733814648634e-07
65.46055786504,1.23831122930745e-07
65.473209693,1.2369210222192167e-07
65.48586152096,1.2355651815253885e-07
65.49851334892,1.2342455325754537e-07
65.51116517688,1.2329637475262763e-07
65.52381700484,1.231721354599935e-07
65.5364688328,1.2305197483295255e-07
65.54912066076,1.2293601942082108e-07
65.56177248872001,1.2282438476665403e-07
65.57442431668001,1.2271717536103464e-07
65.58707614464001,1.2261448595405424e-07
65.59972797260001,1.2251640222105878e-07
65.61237980056,1.2242300125837092e-07
65.62503162852,1.2233435294286495e-07
65.63768345648,1.2225051980402496e-07
65.65033528444,1.2217155838400676e-07
65.6629871124,1.220975192364764e-07
65.67563894036,1.2202844783651102e-07
65.68829076832,1.2196438518631672e-07
65.70094259628,1.2190536803453784e-07
65.71359442424,1.218514296827581e-07
65.7262462522,1.2180260023697163e-07
65.73889808016,1.2175890702057856e-07
65.75154990812,1.2172037496796028e-07
65.76420173608,1.2168702721201125e-07
65.77685356404,1.2165888514750766e-07
65.78950539200001,1.2163596898148874e-07
65.80215721996001,1.2161829774239708e-07
65.81480904792001,1.2160588972578156e-07
65.82746087588,1.2159876277276866e-07
65.84011270384,1.2159693436065223e-07
65.8527645318,1.2160042182136125e-07
65.86541635976,1.2160924243122452e-07
65.87806818772,1.216234136480237e-07
65.89072001568,1.216429531009134e-07
65.90337184364,1.216678787240791e-07
65.9160236716,1.2169820872106694e-07
65.92867549956,1.2173396165886036e-07
65.94132732752,1.2177515639881678e-07
65.95397915548,1.218218120843464e-07
65.96663098344,1.2187394794617092e-07
65.9792828114,1.2193158341365447e-07
65.99193463936,1.2199473772171508e-07
66.00458646732,1.2206343001433404e-07
66.01723829528001,1.221376789801253e-07
66.02989012324001,1.2221750275343523e-07
66.04254195120001,1.223029183408671e-07
66.05519377916,1.2239394210459566e-07
66.06784560712,1.2249058852428263e-07
66.08049743508,1.2259287054423018e-07
66.09314926304,1.227007988845017e-07
66.105801091,1.2281438199658165e-07
66.11845291896,1.2293362496703948e-07
66.13110474692,1.2305852984235714e-07
66.14375657488,1.231890949370215e-07
66.15640840284,1.2332531379697857e-07
66.1690602308,1.2346717534825943e-07
66.18171205876,1.2361466295215212e-07
66.19436388672,1.23767753959873e-07
66.20701571468,1.2392641894959577e-07
66.21966754264,1.2409062093724079e-07
66.23231937060001,1.2426031476750294e-07
66.24497119856001,1.2443544624965435e-07
66.25762302652001,1.2461595161038432e-07
66.27027485448001,1.2480175612368298e-07
66.28292668244,1.2499277403430548e-07
66.2955785104,1.2518890616934645e-07
66.30823033836,1.253900405798226e-07
66.32088216632,1.2559605010100966e-07
66.33353399428,1.2580679201049084e-07
66.34618582224,1.2602210645353286e-07
66.3588376502,1.262418158517077e-07
66.37148947816,1.2646572239242294e-07
66.38414130612,1.2669360792205477e-07
66.39679313408,1.2692523206879684e-07
66.40944496204,1.2716033059169904e-07
66.42209679,1.2739861415646103e-07
66.43474861796,1.2763976733189427e-07
66.44740044592,1.2788344590923106e-07
66.46005227388001,1.2812927653104e-07
66.47270410184001,1.2837685476447613e-07
66.48535592980001,1.2862574363185558e-07
66.49800775776,1.2887547212516424e-07
66.51065958572,1.2912553397277548e-07
66.52331141368,1.293753868947626e-07
66.53596324164,1.296244510342332e-07
66.5486150696,1.2987210831885908e-07
66.56126689756,1.3011770170523394e-07
66.57391872552,1.3036053513607411e-07
66.58657055348,1.305998731804675e-07
66.59922238144,1.3083494232039513e-07
66.6118742094,1.3106493055455154e-07
66.62452603736,1.3128899043942245e-07
66.63717786532,1.315062397103268e-07
66.64982969328,1.3171576530263596e-07
66.66248152124,1.3191662558290917e-07
66.6751333492,1.3210785625137443e-07
66.68778517716001,1.3228847376761717e-07
66.70043700512001,1.3245748310261874e-07
66.71308883308001,1.3261388350421259e-07
66.72574066104,1.3275667747654671e-07
66.738392489,1.3288487892098286e-07
66.75104431696,1.3299752338235697e-07
66.76369614492,1.3309367900666447e-07
66.77634797288,1.3317245763536983e-07
66.78899980084,1.3323302760310962e-07
66.8016516288,1.3327462458532994e-07
66.81430345676,1.3329656641836545e-07
66.82695528472,1.3329826451002658e-07
66.83960711268,1.3327923631016887e-07
66.85225894064,1.33239118258991e-07
66.8649107686,1.3317767557674493e-07
66.87756259656,1.3309481264214359e-07
66.89021442452,1.3299058148477918e-07
66.90286625248001,1.328651877058688e-07
66.91551808044001,1.3271899573810509e-07
66.92816990840001,1.3255253040963474e-07
66.94082173636001,1.323664765750647e-07
66.95347356432,1.3216167712190904e-07
66.96612539228,1.3193912736650497e-07
66.97877722024,1.318350963662331e-07
66.9914290482,1.321003645187545e-07
67.00408087616,1.323452307565094e-07
67.01673270412,1.32569101907821e-07
67.02938453208,1.3277154701190544e-07
67.04203636004,1.3295229497278297e-07
67.054688188,1.3311122976688512e-07
67.06734001596,1.3324838353724302e-07
67.07999184392,1.33363929531474e-07
67.09264367188,1.3345817048633594e-07
67.10529549984,1.335315293036493e-07
67.1179473278,1.335845366167793e-07
67.13059915576001,1.336178186183643e-07
67.14325098372001,1.3363208472974234e-07
67.15590281168001,1.3362811503675247e-07
67.16855463964,1.3360674801862088e-07
67.1812064676,1.3356886824216865e-07
67.19385829556,1.335153961808711e-07
67.20651012352,1.3344727662580609e-07
67.21916195148,1.333654703946147e-07
67.23181377944,1.3327094372388704e-07
67.2444656074,1.3316466208797933e-07
67.25711743536,1.3304758213926525e-07
67.26976926332,1.3292064601091708e-07
67.28242109128,1.3278477653524688e-07
67.29507291924,1.3264087193827416e-07
67.3077247472,1.3248980322502832e-07
67.32037657516,1.3233241087944842e-07
67.33302840312,1.3216950250833406e-07
67.34568023108,1.3200185169321251e-07
67.35833205904001,1.3183019653475475e-07
67.37098388700001,1.3165523906755156e-07
67.38363571496001,1.314776449427905e-07
67.39628754292,1.3129804385864822e-07
67.40893937088,1.3111702946182356e-07
67.42159119884,1.309351605367425e-07
67.4342430268,1.3075296147609424e-07
67.44689485476,1.3057092322924078e-07
67.45954668272,1.3038950471981158e-07
67.47219851068,1.3020913364221136e-07
67.48485033864,1.300302080877903e-07
67.4975021666,1.29853097587128e-07
67.51015399456,1.2967814472974225e-07
67.52280582252,1.2950566608872533e-07
67.53545765048,1.2933595397133183e-07
67.54810947844,1.2916927769839816e-07
67.5607613064,1.2900588489982829e-07
67.57341313436001,1.2884600210854904e-07
67.58606496232001,1.2868983762921952e-07
67.59871679028001,1.2853758051485529e-07
67.61136861824001,1.2838940372873488e-07
67.6240204462,1.2824546433928697e-07
67.63667227416,1.2810590451053888e-07
67.64932410212,1.2797085272980472e-07
67.66197593008,1.2784042500797796e-07
67.67462775804,1.2771472513903295e-07
67.687279586,1.2759384651574827e-07
67.69993141396,1.274778720614541e-07
67.71258324192,1.2736687588059753e-07
67.72523506988,1.272609232459576e-07
67.73788689784,1.271600719623471e-07
67.7505387258,1.2706437260486846e-07
67.76319055376,1.2697386945205363e-07
67.77584238172,1.2688860089461036e-07
67.78849420968,1.268086003582401e-07
67.80114603764001,1.267338963871762e-07
67.81379786560001,1.2666451352443956e-07
67.82644969356001,1.2660047268725958e-07
67.83910152152,1.2654179146361195e-07
67.85175334948,1.2648848479733403e-07
67.86440517744,1.2644056524245135e-07
67.8770570054,1.263980434024152e-07
67.88970883336,1.2636092826704075e-07
67.90236066132,1.2632922742322154e-07
67.91501248928,1.2630294740352786e-07
67.92766431724,1.2628209396889408e-07
67.9403161452,1.2626667232100212e-07
67.95296797316,1.262566872741989e-07
67.96561980112,1.262521434426725e-07
67.97827162908,1.2625304534646992e-07
67.99092345704,1.262593976040339e-07
68.003575285,1.2627120492604344e-07
68.01622711296,1.2628847221039818e-07
68.02887894092001,1.2631120455763834e-07
68.04153076888001,1.2633940729892883e-07
68.05418259684001,1.2637308589919777e-07
68.0668344248,1.2641224590187568e-07
68.07948625276,1.2645689290741653e-07
68.09213808072,1.265070323911303e-07
68.10478990868,1.2656266957142323e-07
68.11744173664,1.266238091459935e-07
68.1300935646,1.2669045523651663e-07
68.14274539256,1.2676261111572034e-07
68.15539722052,1.2684027886895582e-07
68.16804904848,1.269234589660759e-07
68.18070087644,1.2701215026124586e-07
68.1933527044,1.2710634948839525e-07
68.20600453236,1.2720605077496816e-07
68.21865636032,1.2731124535370903e-07
68.23130818828,1.2742192118365317e-07
68.24396001624001,1.2753806212888096e-07
68.25661184420001,1.2765964783723247e-07
68.26926367216001,1.2778665324112727e-07
68.28191550012001,1.279190475320402e-07
68.29456732808,1.2805679383653787e-07
68.30721915604,1.2819984842472628e-07
68.319870984,1.2834816047510579e-07
68.33252281196,1.285016706192491e-07
68.34517463992,1.286603107753934e-07
68.35782646788,1.288240028660553e-07
68.37047829584,1.2899265819999972e-07
68.3831301238,1.2916617702789392e-07
68.39578195176,1.2934444644373616e-07
68.40843377972,1.295273401110339e-07
68.42108560768,1.2971471762868866e-07
68.43373743564,1.2990642234005572e-07
68.4463892636,1.301022808706393e-07
68.45904109156,1.303021019332938e-07
68.47169291952001,1.305056749829762e-07
68.48434474748001,1.3071276850432172e-07
68.49699657544001,1.3092312926206387e-07
68.5096484034,1.311364801113359e-07
68.52230023136,1.3135251975462803e-07
68.53495205932,1.3157092027809172e-07
68.54760388728,1.3179132600017325e-07
68.56025571524,1.320133518269433e-07
68.5729075432,1.3223658283294556e-07
68.58555937116,1.3246057090811142e-07
68.59821119912,1.3268483508788998e-07
68.61086302708,1.3290885963570205e-07
68.62351485504,1.331320929467092e-07
68.636166683,1.3335394610977913e-07
68.64881851096,1.3357379293575538e-07
68.66147033892,1.337909683916931e-07
68.67412216688,1.3400476901220955e-07
68.68677399484001,1.3421445257250516e-07
68.69942582280001,1.3441923874740932e-07
68.71207765076001,1.346183096629906e-07
68.72472947872001,1.3481081148085974e-07
68.73738130668,1.3499585610668333e-07
68.75003313464,1.351725242593888e-07
68.7626849626,1.3533986857743148e-07
68.77533679056,1.3549691793045423e-07
68.78798861852,1.356426822987674e-07
68.80064044648,1.357761588257625e-07
68.81329227444,1.3589633935702026e-07
68.8259441024,1.3600221692261202e-07
68.83859593036,1.3609279514386997e-07
68.85124775832,1.3616709909944261e-07
68.86389958628,1.36224184938309e-07
68.87655141424,1.3626315086179138e-07
68.8892032422,1.3628315066101609e-07
68.90185507016,1.362834047840229e-07
68.91450689812001,1.362632157422872e-07
68.92715872608001,1.3622197767628554e-07
68.93981055404001,1.3615919278495406e-07
68.95246238200001,1.3607448170483904e-07
68.96511420996,1.3596759614120508e-07
68.97776603792,1.3583842913856958e-07
68.99041786588,1.3568702370089308e-07
69.00306969384,1.3551358167758924e-07
69.0157215218,1.3531846773824744e-07
69.02837334976,1.3510221354014065e-07
69.04102517772,1.3486551842569121e-07
69.05367700568,1.34609247101781e-07
69.06632883364,1.3433442622976367e-07
69.0789806616,1.3404223594116135e-07
69.09163248956,1.3425076695026766e-07
69.10428431752,1.34578232656755e-07
69.11693614548,1.3488449935647145e-07
69.12958797344,1.3516890693706955e-07
69.14223980140001,1.3543096446915796e-07
69.15489162936001,1.3567034855225623e-07
69.16754345732001,1.3588689669663494e-07
69.18019528528,1.3608060153677097e-07
69.19284711324,1.3625160262626207e-07
69.2054989412,1.3640017495583324e-07
69.21815076916,1.3652671911216035e-07
69.23080259712,1.3663174771432336e-07
69.24345442508,1.3671587400832505e-07
69.25610625304,1.3677979876025725e-07
69.268758081,1.3682429681340169e-07
69.28140990896,1.368502051535016e-07
69.29406173692,1.3685841049595132e-07
69.30671356488,1.3684983769749812e-07
69.31936539284,1.3682543933025355e-07
69.3320172208,1.3678618561794246e-07
69.34466904876,1.3673305537047347e-07
69.35732087672001,1.3666702806357169e-07
69.36997270468001,1.3658907619790892e-07
69.38262453264001,1.3650015940813963e-07
69.39527636060001,1.3640121911037748e-07
69.40792818856,1.3629317429508533e-07
69.42058001652,1.3617691680557352e-07
69.43323184448,1.360533094039411e-07
69.44588367244,1.3592318270701058e-07
69.4585355004,1.3578733374521298e-07
69.47118732836,1.3564652489680399e-07
69.48383915632,1.3550148280708792e-07
69.49649098428,1.3535289805292776e-07
69.50914281224,1.3520142562105499e-07
69.5217946402,1.3504768472208068e-07
69.53444646816,1.348922595928969e-07
69.54709829612,1.3473569986564852e-07
69.55975012408,1.3457852188404536e-07
69.57240195204,1.3442121005175806e-07
69.58505378000001,1.3426421700067089e-07
69.59770560796001,1.341079658974731e-07
69.61035743592001,1.339528509969749e-07
69.62300926388001,1.337992392199397e-07
69.63566109184,1.3364747144106953e-07
69.6483129198,1.3349786371041723e-07
69.66096474776,1.3335070881769775e-07
69.67361657572,1.3320627732851353e-07
69.68626840368,1.3306481904894605e-07
69.69892023164,1.3292656404302913e-07
69.7115720596,1.3279172378601168e-07
69.72422388756,1.32660492906256e-07
69.73687571552,1.32533049606356e-07
69.74952754348,1.3240955688254743e-07
69.76217937144,1.3229016386567086e-07
69.7748311994,1.3217500676010976e-07
69.78748302736,1.3206420936954504e-07
69.80013485532,1.3195788435122364e-07
69.81278668328001,1.3185613413218658e-07
69.82543851124001,1.317590516790072e-07
69.83809033920001,1.3166672076746905e-07
69.85074216716,1.315792176277661e-07
69.86339399512,1.3149661063487837e-07
69.87604582308,1.3141896193166613e-07
69.88869765104,1.3134632759062185e-07
69.901349479,1.312787581245643e-07
69.91400130696,1.3121629929662448e-07
69.92665313492,1.3115899239484572e-07
69.93930496288,1.3110687494241675e-07
69.95195679084,1.3105998114220695e-07
69.9646086188,1.3101834215454173e-07
69.97726044676,1.3098198670119076e-07
69.98991227472,1.3095094144452463e-07
70.00256410268,1.309252309720291e-07
70.01521593064,1.3090487855986885e-07
70.02786775860001,1.308899063667164e-07
70.04051958656001,1.3088033544079466e-07
70.05317141452001,1.3087618627025272e-07
70.06582324248001,1.3087747878706863e-07
70.07847507044,1.3088423258491092e-07
70.0911268984,1.3089646706949544e-07
70.10377872636,1.309142015790801e-07
70.11643055432,1.3093745544042506e-07
70.12908238228,1.3096624801314228e-07
70.14173421024,1.3100059874403993e-07
70.1543860382,1.3104052715197525e-07
70.16703786616,1.3108605270184463e-07
70.17968969412,1.3113719487859348e-07
70.19234152208,1.311939729386057e-07
70.20499335004,1.3125640594609108e-07
70.217645178,1.3132451239675727e-07
70.23029700596,1.3139831020542032e-07
70.24294883392,1.3147781633959796e-07
70.25560066188001,1.3156304685242935e-07
70.26825248984001,1.3165401610981793e-07
70.28090431780001,1.31750736836087e-07
70.29355614576001,1.3185321992599353e-07
70.30620797372,1.3196147337537082e-07
70.31885980168,1.320755027068182e-07
70.33151162964,1.3219531010616712e-07
70.3441634576,1.3232089385771876e-07
70.35681528556,1.324522480494253e-07
70.36946711352,1.3258936195018402e-07
70.38211894148,1.3273221950935892e-07
70.39477076944,1.328807984833589e-07
70.4074225974,1.3303507020793213e-07
70.42007442536,1.331949985222369e-07
70.43272625332,1.33360539226815e-07
70.44537808128,1.335316394383149e-07
70.45802990924,1.337082365178473e-07
70.4706817372,1.33890256803782e-07
70.48333356516001,1.3407761617431856e-07
70.49598539312001,1.3427021706115834e-07
70.50863722108001,1.3446794884587405e-07
70.52128904904,1.3467068653878403e-07
70.533940877,1.3487828915039701e-07
70.54659270496,1.3509059936560272e-07
70.55924453292,1.3530744132775844e-07
70.57189636088,1.355286199940687e-07
70.58454818884,1.35753919339407e-07
70.5972000168,1.3598310156944644e-07
70.60985184476,1.3621590522237585e-07
70.62250367272,1.364520437279318e-07
70.63515550068,1.3669120409896292e-07
70.64780732864,1.3693304497392799e-07
70.6604591566,1.3717719572973496e-07
70.67311098456,1.3742325407386894e-07
70.68576281252,1.3767078531432202e-07
70.69841464048001,1.3791932029398738e-07
70.71106646844001,1.3816835429043975e-07
70.72371829640001,1.3841734545754038e-07
70.73637012436001,1.386657134617699e-07
70.74902195232,1.389128388854438e-07
70.76167378028,1.3915806207247613e-07
70.77432560824,1.3940068238202084e-07
70.7869774362,1.396399582643652e-07
70.79962926416,1.3987510705975044e-07
70.81228109212,1.4010530508349356e-07
70.82493292008,1.4032968936532282e-07
70.83758474804,1.4054735900024042e-07
70.850236576,1.4075737696555566e-07
70.86288840396,1.4095877341372761e-07
70.87554023192,1.4115054873340776e-07
70.88819205988,1.413316789027644e-07
70.90084388784,1.4150112047392979e-07
70.9134957158,1.4165781683094335e-07
70.92614754376001,1.4180070640151048e-07
70.93879937172001,1.4192872982629099e-07
70.95145119968001,1.4204084014627793e-07
70.96410302764001,1.4213601324790605e-07
70.9767548556,1.4221325920502935e-07
70.98940668356,1.4227163387966061e-07
71.00205851152,1.4231025209415591e-07
71.01471033948,1.4232830093107784e-07
71.02736216744,1.4232505375000562e-07
71.0400139954,1.4229988302571438e-07
71.05266582336,1.4225227395337098e-07
71.06531765132,1.4218183806017194e-07
71.07796947928,1.4208832376604688e-07
71.09062130724,1.4197162866571477e-07
71.1032731352,1.41831807536228e-07
71.11592496316,1.4166907981612084e-07
71.12857679112,1.4148383593084427e-07
71.14122861908,1.4127663838018548e-07
71.15388044704001,1.4104822316238995e-07
71.16653227500001,1.4079949681942728e-07
71.17918410296001,1.4053153185522587e-07
71.19183593092,1.4024555757795388e-07
71.20448775888,1.4005255720707052e-07
71.21713958684,1.4031237215484436e-07
71.2297914148,1.4055004812015328e-07
71.24244324276,1.4076507868935742e-07
71.25509507072,1.4095712847856983e-07
71.26774689868,1.4112602869969174e-07
71.28039872664,1.412717702658102e-07
71.2930505546,1.4139449647171794e-07
71.30570238256,1.4149449237167376e-07
71.31835421052,1.415721731173718e-07
71.33100603848,1.4162807294786063e-07
71.34365786644,1.4166283115423682e-07
71.3563096944,1.4167717932253137e-07
71.36896152236001,1.4167192774006568e-07
71.38161335032001,1.416479529031448e-07
71.39426517828001,1.4160618355613656e-07
71.40691700624001,1.4154759006937318e-07
71.4195688342,1.414731718496751e-07
71.43222066216,1.4138394728450887e-07
71.44487249012,1.4128094410399576e-07
71.45752431808,1.4116519065548982e-07
71.47017614604,1.410377082754637e-07
71.482827974,1.408995043522594e-07
71.49547980196,1.4075156659788567e-07
71.50813162992,1.405948586493862e-07
71.52078345788,1.4043031558649294e-07
71.53343528584,1.4025884047758834e-07
71.5460871138,1.4008130227360025e-07
71.55873894176,1.3989853369999698e-07
71.57139076972,1.397113304307074e-07
71.58404259768,1.3952044936629774e-07
71.59669442564001,1.3932660892549276e-07
71.60934625360001,1.391304893167262e-07
71.62199808156001,1.3893273208385052e-07
71.63464990952001,1.3873394096061795e-07
71.64730173748,1.3853468345686194e-07
71.65995356544,1.3833549117577737e-07
71.6726053934,1.3813686076173332e-07
71.68525722136,1.3793925564083201e-07
71.69790904932,1.3774310757700155e-07
71.71056087728,1.3754881708097922e-07
71.72321270524,1.3735675598328324e-07
71.7358645332,1.3716726791882861e-07
71.74851636116,1.3698067057605376e-07
71.76116818912,1.367972565881133e-07
71.77382001708,1.3661729526083826e-07
71.78647184504,1.3644103355802585e-07
71.799123673,1.3626869785281768e-07
71.81177550096,1.3610049482382303e-07
71.82442732892001,1.359366128008923e-07
71.83707915688001,1.3577722344215422e-07
71.84973098484001,1.356224826577773e-07
71.8623828128,1.3547253100823555e-07
71.87503464076,1.3532749583736446e-07
71.88768646872,1.351874913533873e-07
71.90033829668,1.3505262029940456e-07
71.91299012464,1.349229745348734e-07
71.9256419526,1.347986359727108e-07
71.93829378056,1.3467967733695133e-07
71.95094560852,1.3456616304113655e-07
71.96359743648,1.3445814969600275e-07
71.97624926444,1.3435568738228086e-07
71.9889010924,1.3425881972488486e-07
72.00155292036,1.3416758463804762e-07
72.01420474832,1.3408201534476356e-07
72.02685657628,1.3400214033291766e-07
72.03950840424001,1.339279842579214e-07
72.05216023220001,1.3385956826439173e-07
72.06481206016001,1.33796910648783e-07
72.07746388812001,1.33740027245959e-07
72.09011571608,1.336889315128371e-07
72.10276754404,1.3364363537732433e-07
72.115419372,1.3360414921300242e-07
72.12807119996,1.3357048230486494e-07
72.14072302792,1.3354264311139155e-07
72.15337485588,1.335206395137878e-07
72.16602668384,1.3350447897355226e-07
72.1786785118,1.3349416886568339e-07
72.19133033976,1.3348971645227723e-07
72.20398216772,1.3349112916352766e-07
72.21663399568,1.334984145999362e-07
72.22928582364,1.335115806540357e-07
72.2419376516,1.3353063551083986e-07
72.25458947956,1.3355558767873115e-07
72.26724130752001,1.3358644591670643e-07
72.27989313548001,1.3362321927759848e-07
72.29254496344001,1.3366591684389124e-07
72.30519679140001,1.3371454785679887e-07
72.31784861936,1.3376912125011687e-07
72.33050044732,1.3382964576721093e-07
72.34315227528,1.3389612960775857e-07
72.35580410324,1.3396858024630218e-07
72.3684559312,1.3404700408438468e-07
72.38110775916,1.3413140604052943e-07
72.39375958712,1.3422178953608982e-07
72.40641141508,1.3431815603133602e-07
72.41906324304,1.3442050429886976e-07
72.431715071,1.3452883041809977e-07
72.44436689896,1.3464312716010702e-07
72.45701872692,1.347633833468781e-07
72.46967055488,1.3488958376697246e-07
72.48232238284,1.3502170785229133e-07
72.49497421080001,1.3515972975634867e-07
72.50762603876001,1.3530361778412732e-07
72.52027786672001,1.3545333298588232e-07
72.53292969468,1.3560882915052574e-07
72.54558152264,1.357700516197637e-07
72.5582333506,1.3593693676584266e-07
72.57088517856,1.3610941091188554e-07
72.58353700652,1.3628738971796634e-07
72.59618883448,1.364707768934778e-07
72.60884066244,1.3665946363391876e-07
72.6214924904,1.3685332695184685e-07
72.63414431836,1.3705222929306012e-07
72.64679614632,1.3725601678775411e-07
72.65944797428,1.3746451836613194e-07
72.67209980224,1.3767754416506717e-07
72.6847516302,1.3789488491656144e-07
72.69740345816,1.381163096993072e-07
72.71005528612001,1.3834156516272492e-07
72.72270711408001,1.3857037363478283e-07
72.73535894204001,1.3880243182812365e-07
72.74801077000001,1.3903740954582872e-07
72.76066259796,1.3927494741597505e-07
72.77331442592,1.3951465631016317e-07
72.78596625388,1.3975611497816586e-07
72.79861808184,1.3999886874314092e-07
72.8112699098,1.4024242811492372e-07
72.82392173776,1.404862674255198e-07
72.83657356572,1.4072982309414396e-07
72.84922539368,1.4097249322435895e-07
72.86187722164,1.4121363595955154e-07
72.8745290496,1.4145256916370922e-07
72.88718087756,1.4168856922148693e-07
72.89983270552,1.4192087206651072e-07
72.91248453348,1.421486720573306e-07
72.92513636144,1.4237112318263634e-07
72.93778818940001,1.4258734119490048e-07
72.95044001736001,1.4279640423074944e-07
72.96309184532001,1.4299735523977804e-07
72.97574367328001,1.4318920569449394e-07
72.98839550124,1.4337094034706827e-07
73.0010473292,1.4354152037662527e-07
73.01369915716,1.436998908087412e-07
73.02635098512,1.4384498611438778e-07
73.03900281308,1.4397573935610247e-07
73.05165464104,1.4409109028198126e-07
73.064306469,1.441899953655077e-07
73.07695829696,1.4427143823199736e-07
73.08961012492,1.4433444255350314e-07
73.10226195288,1.4437808294786754e-07
73.11491378084,1.4440149956477476e-07
73.1275656088,1.4440391095434463e-07
73.14021743676,1.4438462800333607e-07
73.15286926472,1.4434306700506527e-07
73.16552109268001,1.442787642661508e-07
73.17817292064001,1.4419138758068124e-07
73.19082474860001,1.4408074849012748e-07
73.20347657656,1.4394681228852602e-07
73.21612840452,1.4378970685358084e-07
73.22878023248,1.4360972920433867e-07
73.24143206044,1.4340734943629355e-07
73.2540838884,1.431832133564151e-07
73.26673571636,1.4293814077722948e-07
73.27938754432,1.426731224541333e-07
73.29203937228,1.4238931396628387e-07
73.30469120024,1.426268606137357e-07
73.3173430282,1.4292451169117107e-07
73.32999485616,1.4320027466359277e-07
73.34264668412,1.4345348625256998e-07
73.35529851208,1.4368365894651788e-07
73.36795034004,1.4389047888680801e-07
73.38060216800001,1.4407380015475804e-07
73.39325399596001,1.4423363919963937e-07
73.40590582392001,1.4437016459695065e-07
73.41855765188001,1.4448368720981481e-07
73.43120947984,1.445746481586381e-07
73.4438613078,1.4464360614960673e-07
73.45651313576,1.446912245315289e-07
73.46916496372,1.4471825745734286e-07
73.48181679168,1.4472553648078157e-07
73.49446861964,1.447139575648568e-07
73.5071204476,1.4468446786092757e-07
73.51977227556,1.4463805343518965e-07
73.53242410352,1.4457572787566817e-07
73.54507593148,1.4449852336815744e-07
73.55772775944,1.4440747846603633e-07
73.5703795874,1.4430363192301032e-07
73.58303141536,1.4418801353168447e-07
73.59568324332,1.4406163815790321e-07
73.60833507128001,1.4392550015051196e-07
73.62098689924001,1.4378056859593853e-07
73.63363872720001,1.4362778287824473e-07
73.64629055516001,1.43468050705741e-07
73.65894238312,1.4330224420680826e-07
73.67159421108,1.4313119943031933e-07
73.68424603904,1.429557142321785e-07
73.696897867,1.427765479792891e-07
73.70954969496,1.425944213603762e-07
73.72220152292,1.4241001583844527e-07
73.73485335088,1.4222397514883415e-07
73.74750517884,1.4203690464823504e-07
73.7601570068,1.4184937340327616e-07
73.77280883476,1.4166191443467377e-07
73.78546066272,1.4147502610302494e-07
73.79811249068,1.412891735263534e-07
73.81076431864,1.4110478984760824e-07
73.8234161466,1.4092227754129235e-07
73.83606797456001,1.4074200994504759e-07
73.84871980252001,1.4056433301533572e-07
73.86137163048001,1.4038956616086e-07
73.87402345844,1.4021800408959711e-07
73.8866752864,1.4004991806974226e-07
73.89932711436,1.398855573268162e-07
73.91197894232,1.397251504480386e-07
73.92463077028,1.3956890685052968e-07
73.93728259824,1.394170174040682e-07
73.9499344262,1.3926965602125338e-07
73.96258625416,1.391269813698564e-07
73.97523808212,1.3898913678902383e-07
73.98788991008,1.3885625226683986e-07
74.00054173804,1.387284452340923e-07
74.013193566,1.3860582157935953e-07
74.02584539396,1.3848847615531815e-07
74.03849722192,1.3837649403815347e-07
74.05114904988001,1.3826995134946707e-07
74.06380087784001,1.381689158374211e-07
74.07645270580001,1.380734480782273e-07
74.08910453376001,1.3798360146603267e-07
74.10175636172,1.37899423483315e-07
74.11440818968,1.3782095579712574e-07
74.12706001764,1.3774823568800815e-07
74.1397118456,1.3768129573975327e-07
74.15236367356,1.3762016484381763e-07
74.16501550152,1.3756486860163374e-07
74.17766732948,1.37515429682856e-07
74.19031915744,1.3747186838930786e-07
74.2029709854,1.3743420302389224e-07
74.21562281336,1.374024501987749e-07
74.22827464132,1.3737662531549366e-07
74.24092646928,1.373567426872704e-07
74.25357829724,1.373428159887139e-07
74.2662301252,1.3733485829955423e-07
74.27888195316001,1.3733288256432374e-07
74.29153378112001,1.3733690162139083e-07
74.30418560908001,1.3734692837772248e-07
74.31683743704001,1.3736297597007875e-07
74.329489265,1.3738505783068686e-07
74.34214109296,1.3741318775153888e-07
74.35479292092,1.3744737991415623e-07
74.36744474888,1.374876488695806e-07
74.38009657684,1.3753400958252001e-07
74.3927484048,1.3758647722110967e-07
74.40540023276,1.376450671686472e-07
74.41805206072,1.3770979491775017e-07
74.43070388868,1.3778067586572558e-07
74.44335571664,1.378577250118132e-07
74.4560075446,1.3794095689889617e-07
74.46865937256,1.3803038531492451e-07
74.48131120052,1.3812602303960814e-07
74.49396302848001,1.3822788130732087e-07
74.50661485644001,1.3833596983033859e-07
74.51926668440001,1.3845029612635719e-07
74.53191851236001,1.3857086521133855e-07
74.54457034032,1.3869767900072095e-07
74.55722216828,1.3883073637628264e-07
74.56987399624,1.3897003167120832e-07
74.5825258242,1.3911555523244613e-07
74.59517765216,1.3926729201405453e-07
74.60782948012,1.3942522122325806e-07
74.62048130808,1.3958931571609033e-07
74.63313313604,1.3975954139141292e-07
74.645784964,1.3993585600728917e-07
74.65843679196,1.401182089454505e-07
74.67108861992,1.4030653971865283e-07
74.68374044788,1.4050077770601197e-07
74.69639227584,1.4070084100875614e-07
74.7090441038,1.409066350047303e-07
74.72169593176001,1.4111805196453516e-07
74.73434775972001,1.413349696102199e-07
74.74699958768001,1.4155724975032892e-07
74.75965141564001,1.4178473728662364e-07
74.7723032436,1.4201725918077878e-07
74.78495507156,1.4225462254556503e-07
74.79760689952,1.4249661342204256e-07
74.81025872748,1.4274299563223993e-07
74.82291055544,1.429935088465742e-07
74.8355623834,1.4324786725073428e-07
74.84821421136,1.4350575799814096e-07
74.86086603932,1.4376683938825777e-07
74.87351786728,1.440307390844029e-07
74.88616969524,1.442970526142949e-07
74.8988215232,1.4456534187254438e-07
74.91147335116,1.4483513305267282e-07
74.92412517912,1.4510591573642782e-07
74.93677700708,1.4537714052869533e-07
74.94942883504001,1.456482182746691e-07
74.96208066300001,1.4591851839977522e-07
74.97473249096001,1.4618736869390064e-07
74.98738431892001,1.4645405303639015e-07
75.00003614688,1.4671781199498293e-07
75.01268797484,1.4697784214758923e-07
75.0253398028,1.472332973297791e-07
75.03799163076,1.4748328763592603e-07
75.05064345872,1.4772688246159638e-07
75.06329528668,1.4796311140020048e-07
75.07594711464,1.481909671077033e-07
75.0885989426,1.4840940885771643e-07
75.10125077056,1.4861736718760546e-07
75.11390259852,1.488137491249909e-07
75.12655442648,1.4899744348132384e-07
75.13920625444,1.4916732967130443e-07
75.1518580824,1.4932228532124653e-07
75.16450991036001,1.4946119568266576e-07
75.17716173832001,1.49582964959707e-07
75.18981356628001,1.4968652634002431e-07
75.20246539424001,1.4977085643694478e-07
75.2151172222,1.4983498720990532e-07
75.22776905016,1.498780197849071e-07
75.24042087812,1.4989913995906678e-07
75.25307270608,1.498976314007053e-07
75.26572453404,1.4987289041390263e-07
75.278376362,1.4982443962404428e-07
75.29102818996,1.4975194179312952e-07
75.30368001792,1.4965521126929334e-07
75.31633184588,1.495342244796027e-07
75.32898367384,1.4938912869835503e-07
75.3416355018,1.492202482923775e-07
75.35428732976,1.490280892374847e-07
75.36693915772,1.4881333998572764e-07
75.37959098568,1.48576871014986e-07
75.39224281364001,1.48319729809976e-07
75.40489464160001,1.4804313369644608e-07
75.41754646956001,1.478920141955172e-07
75.43019829752001,1.4825420451681554e-07
75.44285012548,1.485928207072975e-07
75.45550195344,1.4890713425315462e-07
75.4681537814,1.4919660383931126e-07
75.48080560936,1.4946087174833609e-07
75.49345743732,1.4969975857767874e-07
75.50610926528,1.4991325685834584e-07
75.51876109324,1.5010151963758587e-07
75.5314129212,1.5026485074090828e-07
75.54406474916,1.5040369199611614e-07
75.55671657712,1.5051861004791844e-07
75.56936840508,1.5061028247366002e-07
75.58202023304,1.5067948303191432e-07
75.594672061,1.50727068429091e-07
75.60732388896,1.5075396352709187e-07
75.61997571692001,1.50761148890515e-07
75.63262754488001,1.5074964732999902e-07
75.64527937284001,1.507205126613657e-07
75.65793120080001,1.5067481776495052e-07
75.67058302876,1.506136459915004e-07
75.68323485672,1.5053808092942826e-07
75.69588668468,1.504491993681573e-07
75.70853851264,1.5034806388055418e-07
75.7211903406,1.50235717089211e-07
75.73384216856,1.5011317635132067e-07
75.74649399652,1.4998142990499583e-07
75.75914582448,1.498414339034444e-07
75.77179765244,1.496941085588185e-07
75.7844494804,1.4954033733811324e-07
75.79710130836,1.493809655068144e-07
75.80975313632,1.492167987059139e-07
75.82240496428,1.4904860260665822e-07
75.83505679224001,1.4887710387313198e-07
75.84770862020001,1.4870298894270335e-07
75.86036044816001,1.4852690587347262e-07
75.87301227612001,1.4834946457815765e-07
75.88566410408,1.4817123811076848e-07
75.89831593204,1.4799276354332453e-07
75.91096776,1.478145434389113e-07
