x,y,truth_db
1.0,1.0,-38.196228976555034
1.25,1.0,-38.162547163014786
1.5,1.0,-37.93728908367302
1.75,1.0,-37.62905353964826
2.0,1.0,-37.36292281091944
2.25,1.0,-37.22208938170489
2.5,1.0,-37.22305614200441
2.75,1.0,-37.31345553319102
3.0,1.0,-37.3982763153362
3.25,1.0,-37.409240610979644
3.5,1.0,-37.37244947773053
3.75,1.0,-37.38055383316
4.0,1.0,-37.474248914421146
4.25,1.0,-37.549508267552866
4.5,1.0,-37.42537896544268
4.75,1.0,-37.08617575993691
5.0,1.0,-36.766389570302415
5.25,1.0,-36.718424717601856
5.5,1.0,-36.97592440861157
5.75,1.0,-37.24836263341676
6.0,1.0,-37.11981067292636
6.25,1.0,-36.65991607822624
6.5,1.0,-36.41392637846684
6.75,1.0,-36.71284882629676
7.0,1.0,-37.27692200404304
7.25,1.0,-37.329714233950504
7.5,1.0,-36.749043618922606
7.75,1.0,-36.32638486030221
8.0,1.0,-36.54739325962534
8.25,1.0,-37.18180918905718
8.5,1.0,-37.73985866760056
8.75,1.0,-38.17686547656355
10.25,1.0,-51.186853760073454
10.5,1.0,-51.080655417539475
10.75,1.0,-51.00025712351305
11.0,1.0,-50.751881092432484
11.25,1.0,-50.81960501165558
11.5,1.0,-50.8501082097612
11.75,1.0,-50.59935443942008
12.0,1.0,-50.46705739267814
12.25,1.0,-50.39252201588794
12.5,1.0,-50.37668476024877
12.75,1.0,-50.314964323909585
13.0,1.0,-50.317349142374404
13.25,1.0,-50.354614494428716
13.5,1.0,-50.01798574715258
13.75,1.0,-49.81362154744552
14.0,1.0,-49.67391566853648
14.25,1.0,-49.161124202226304
14.5,1.0,-49.011121553092366
14.75,1.0,-48.84674415981286
15.0,1.0,-48.536091017702475
15.25,1.0,-48.73712963616261
15.5,1.0,-49.34317322504357
15.75,1.0,-49.967812765404545
17.25,1.0,-61.36463453978923
17.5,1.0,-61.703987096234314
17.75,1.0,-61.61074981003083
18.0,1.0,-61.44251440994057
18.25,1.0,-61.334311568901086
18.5,1.0,-61.123241878282386
18.75,1.0,-60.80941635146674
19.0,1.0,-60.53986509094163
19.25,1.0,-60.43003598245736
19.5,1.0,-60.51304348427849
19.75,1.0,-60.76509189116401
20.0,1.0,-61.129965658639094
20.25,1.0,-61.57788144410489
20.5,1.0,-62.11557414793229
20.75,1.0,-62.6742439326144
21.0,1.0,-63.062443982972425
21.25,1.0,-63.119891865725144
21.5,1.0,-62.84114109365618
21.75,1.0,-62.326514804319906
22.0,1.0,-61.71256561022002
22.25,1.0,-61.1176060356274
22.5,1.0,-60.61526630408867
22.75,1.0,-60.24867054754587
23.0,1.0,-60.04156848433582
1.0,1.25,-37.82819621249455
1.25,1.25,-37.96006089921279
1.5,1.25,-37.89603759461707
1.75,1.25,-37.68152042589281
2.0,1.25,-37.42613253766818
2.25,1.25,-37.23416513515107
2.5,1.25,-37.15681987014572
2.75,1.25,-37.17823962961718
3.0,1.25,-37.22974219574732
3.25,1.25,-37.239495067976435
3.5,1.25,-37.201672164743435
3.75,1.25,-37.192074022568555
4.0,1.25,-37.284809150034455
4.25,1.25,-37.4302832590274
4.5,1.25,-37.42635175485054
4.75,1.25,-37.13184420837676
5.0,1.25,-36.72310164106601
5.25,1.25,-36.537275455237115
5.5,1.25,-36.73077232109601
5.75,1.25,-37.092598198825485
6.0,1.25,-37.12832671014461
6.25,1.25,-36.70033407136823
6.5,1.25,-36.32875859326414
6.75,1.25,-36.48780452699532
7.0,1.25,-37.06522138109598
7.25,1.25,-37.27643615225376
7.5,1.25,-36.73074772329955
7.75,1.25,-36.229313909481135
8.0,1.25,-36.40195951789067
8.25,1.25,-37.057669140784235
8.5,1.25,-37.68474532135068
8.75,1.25,-38.1383244437601
10.25,1.25,-51.213649797100445
10.5,1.25,-50.97421407607407
10.75,1.25,-50.80267150301769
11.0,1.25,-50.523969188011755
11.25,1.25,-50.53015002525718
11.5,1.25,-50.54845152163355
11.75,1.25,-50.28936873500075
12.0,1.25,-50.1486638813309
12.25,1.25,-50.17907807997857
12.5,1.25,-50.20455819714272
12.75,1.25,-50.1486488267369
13.0,1.25,-50.20600212447817
13.25,1.25,-50.23362619936875
13.5,1.25,-49.80342056523325
13.75,1.25,-49.60085446849651
14.0,1.25,-49.478349206629275
14.25,1.25,-49.005786258236924
14.5,1.25,-48.898661165778535
14.75,1.25,-48.757914863090406
15.0,1.25,-48.523792150734614
15.25,1.25,-48.79508996800929
15.5,1.25,-49.49303577835703
15.75,1.25,-50.15019458335214
17.25,1.25,-61.67799461818565
17.5,1.25,-61.88255805833479
17.75,1.25,-61.72270244781876
18.0,1.25,-61.43936691894959
18.25,1.25,-61.177649133081545
18.5,1.25,-60.84835423741378
18.75,1.25,-60.52692883989404
19.0,1.25,-60.34923898096012
19.25,1.25,-60.36826641876691
19.5,1.25,-60.57116057264938
19.75,1.25,-60.919185777199594
20.0,1.25,-61.35140381690866
20.25,1.25,-61.83398621784184
20.5,1.25,-62.33870653716329
20.75,1.25,-62.71534243898506
21.0,1.25,-62.76581489553703
21.25,1.25,-62.474995148937744
21.5,1.25,-61.97525376930416
21.75,1.25,-61.40056631516546
22.0,1.25,-60.8567820686241
22.25,1.25,-60.412616868437105
22.5,1.25,-60.10246206637714
22.75,1.25,-59.94502113449306
23.0,1.25,-59.94705252276107
1.0,1.5,-37.40526973014353
1.25,1.5,-37.63426214215005
1.5,1.5,-37.71717862002194
1.75,1.5,-37.62902131410024
2.0,1.5,-37.43512176738273
2.25,1.5,-37.241666690523616
2.5,1.5,-37.12634895925693
2.75,1.5,-37.10069824066822
3.0,1.5,-37.113408242706726
3.25,1.5,-37.095057727475
3.5,1.5,-37.02893924491991
3.75,1.5,-36.98355713750773
4.0,1.5,-37.05299021156341
4.25,1.5,-37.238471016000574
4.5,1.5,-37.36202459059888
4.75,1.5,-37.18281476577529
5.0,1.5,-36.74478034027399
5.25,1.5,-36.412699505492526
5.5,1.5,-36.481304224252895
5.75,1.5,-36.87343098671754
6.0,1.5,-37.0834989498133
6.25,1.5,-36.744650592844486
6.5,1.5,-36.28716538147522
6.75,1.5,-36.30436931235582
7.0,1.5,-36.834315639357484
7.25,1.5,-37.18214864976281
7.5,1.5,-36.74010620394967
7.75,1.5,-36.17020806963504
8.0,1.5,-36.247480889604546
8.25,1.5,-36.89983010710492
8.5,1.5,-37.612080072031155
8.75,1.5,-38.10793826145795
10.25,1.5,-51.08030739484447
10.5,1.5,-50.71256935052294
10.75,1.5,-50.609749327133656
11.0,1.5,-50.40689859912255
11.25,1.5,-50.29164186346617
11.5,1.5,-50.33826525121442
11.75,1.5,-50.05736363990336
12.0,1.5,-49.85981804040129
12.25,1.5,-50.00823065959388
12.5,1.5,-50.03722870423935
12.75,1.5,-49.97631332536754
13.0,1.5,-50.07710716312694
13.25,1.5,-50.04678296295346
13.5,1.5,-49.570039544713815
13.75,1.5,-49.375203738518366
14.0,1.5,-49.27394318370416
14.25,1.5,-48.86432441901896
14.5,1.5,-48.780642450663905
14.75,1.5,-48.71604367863058
15.0,1.5,-48.553275034361256
15.25,1.5,-48.88631931636334
15.5,1.5,-49.70040365156292
15.75,1.5,-50.42144212292064
17.25,1.5,-61.6988708407278
17.5,1.5,-61.76298416339804
17.75,1.5,-61.51395356644598
18.0,1.5,-61.18909804742594
18.25,1.5,-60.90443537937291
18.5,1.5,-60.58274379652832
18.75,1.5,-60.34324906291901
19.0,1.5,-60.29667543667067
19.25,1.5,-60.45159052377342
19.5,1.5,-60.775101081787454
19.75,1.5,-61.211549249262376
20.0,1.5,-61.677544959451325
20.25,1.5,-62.11888040284465
20.5,1.5,-62.452404459987214
20.75,1.5,-62.49888879804307
21.0,1.5,-62.196315859552406
21.25,1.5,-61.69423368691697
21.5,1.5,-61.149276680152205
21.75,1.5,-60.65138050137072
22.0,1.5,-60.258392331409716
22.25,1.5,-59.999729043446465
22.5,1.5,-59.886607575897735
22.75,1.5,-59.92590845007028
23.0,1.5,-60.11580914455841
1.0,1.75,-37.010440545663286
1.25,1.75,-37.2543311152579
1.5,1.75,-37.43452581793073
1.75,1.75,-37.47311582847361
2.0,1.75,-37.37075982480783
2.25,1.75,-37.20800922558223
2.5,1.75,-37.082009600651986
2.75,1.75,-37.0381522591513
3.0,1.75,-37.04290295812448
3.25,1.75,-37.01469346714727
3.5,1.75,-36.91004533218158
3.75,1.75,-36.79269558518855
4.0,1.75,-36.791331324585165
4.25,1.75,-36.97003306133608
4.5,1.75,-37.203598226351424
4.75,1.75,-37.19298191306714
5.0,1.75,-36.807262184722106
5.25,1.75,-36.356597883900676
5.5,1.75,-36.255696354615054
5.75,1.75,-36.59919236653068
6.0,1.75,-36.97082745765529
6.25,1.75,-36.78651525133556
6.5,1.75,-36.269048653870975
6.75,1.75,-36.136359655543714
7.0,1.75,-36.59596831068503
7.25,1.75,-37.04244182828227
7.5,1.75,-36.720721606144
7.75,1.75,-36.12961342174959
8.0,1.75,-36.12352989400975
8.25,1.75,-36.73822438626671
8.5,1.75,-37.51089802999588
8.75,1.75,-38.059923210784696
10.25,1.75,-51.1288624305153
10.5,1.75,-50.687550007973286
10.75,1.75,-50.471870946288426
11.0,1.75,-50.22538447119842
11.25,1.75,-50.03175007983523
11.5,1.75,-50.01494409807474
11.75,1.75,-49.707295997851695
12.0,1.75,-49.51314753338966
12.25,1.75,-49.73731220963079
12.5,1.75,-49.826240241290954
12.75,1.75,-49.758137044375076
13.0,1.75,-49.86229118493297
13.25,1.75,-49.78125687523124
13.5,1.75,-49.277504632344396
13.75,1.75,-49.11459794470824
14.0,1.75,-49.038653961614656
14.25,1.75,-48.73435359532551
14.5,1.75,-48.70113542891214
14.75,1.75,-48.70278037067652
15.0,1.75,-48.67318711737228
15.25,1.75,-49.080268183724066
15.5,1.75,-49.99113665671025
15.75,1.75,-50.7579793714805
17.25,1.75,-61.4520390884774
17.5,1.75,-61.43544317938612
17.75,1.75,-61.184876965115826
18.0,1.75,-60.817393353492626
18.25,1.75,-60.50275227762804
18.5,1.75,-60.22087167486475
18.75,1.75,-60.11372117014581
19.0,1.75,-60.24050469776681
19.25,1.75,-60.561705437775295
19.5,1.75,-61.00971396261624
19.75,1.75,-61.49389331009725
20.0,1.75,-61.905141707084326
20.25,1.75,-62.16954517826157
20.5,1.75,-62.19416789125062
20.75,1.75,-61.904635139034376
21.0,1.75,-61.41165945990554
21.25,1.75,-60.89768364371382
21.5,1.75,-60.454900912831
21.75,1.75,-60.12064386739583
22.0,1.75,-59.91811212391903
22.25,1.75,-59.8536293637273
22.5,1.75,-59.93032635874187
22.75,1.75,-60.15304989433456
23.0,1.75,-60.51649704814922
1.0,2.0,-36.70775124127489
1.25,2.0,-36.888188772697134
1.5,2.0,-37.091277632008534
1.75,2.0,-37.22292454559695
2.0,2.0,-37.2261716246056
2.25,2.0,-37.12537421807043
2.5,2.0,-37.00798457983319
2.75,2.0,-36.95272887366765
3.0,2.0,-36.96512186618123
3.25,2.0,-36.966526993420196
3.5,2.0,-36.866677600970384
3.75,2.0,-36.684113179067026
4.0,2.0,-36.56717894049353
4.25,2.0,-36.661371861814445
4.5,2.0,-36.939364331270724
4.75,2.0,-37.114240311915076
5.0,2.0,-36.87454062967359
5.25,2.0,-36.37207982290359
5.5,2.0,-36.09300541967974
5.75,2.0,-36.30652387967449
6.0,2.0,-36.76649370142509
6.25,2.0,-36.80266138529664
6.5,2.0,-36.305809512107935
6.75,2.0,-36.0113388310493
7.0,2.0,-36.34601996736767
7.25,2.0,-36.86409665422083
7.5,2.0,-36.68921470064235
7.75,2.0,-36.09395048160309
8.0,2.0,-36.00454853499343
8.25,2.0,-36.57669047897644
8.5,2.0,-37.40731420846305
8.75,2.0,-38.02404346056097
10.25,2.0,-50.946855838465794
10.5,2.0,-50.473964768733325
10.75,2.0,-50.21150366113328
11.0,2.0,-49.998928810514904
11.25,2.0,-49.77146251695054
11.5,2.0,-49.69329727016455
11.75,2.0,-49.425071162861194
12.0,2.0,-49.28926107970142
12.25,2.0,-49.572447618772685
12.5,2.0,-49.69630948244369
12.75,2.0,-49.58384596303442
13.0,2.0,-49.629724491718065
13.25,2.0,-49.51731752402565
13.5,2.0,-49.019934869388464
13.75,2.0,-48.92750302244813
14.0,2.0,-48.9011172138627
14.25,2.0,-48.66159689366971
14.5,2.0,-48.756482257836026
14.75,2.0,-48.80645413085055
15.0,2.0,-48.91691731325869
15.25,2.0,-49.47221415025577
15.5,2.0,-50.40320654392524
15.75,2.0,-51.15685957336011
17.25,2.0,-61.23141539380333
17.5,2.0,-61.07214756053228
17.75,2.0,-60.84337271988965
18.0,2.0,-60.47439419193224
18.25,2.0,-60.189620590680704
18.5,2.0,-60.00502122169203
18.75,2.0,-60.046250641802
19.0,2.0,-60.30302364887486
19.25,2.0,-60.68145932639862
19.5,2.0,-61.09295290853495
19.75,2.0,-61.44002335945268
20.0,2.0,-61.62030012472915
20.25,2.0,-61.5984840962317
20.5,2.0,-61.364401800143746
20.75,2.0,-60.96204089714145
21.0,2.0,-60.5335990488543
21.25,2.0,-60.18713802871054
21.5,2.0,-59.9481330739401
21.75,2.0,-59.82574041839271
22.0,2.0,-59.8269013262071
22.25,2.0,-59.95181908025398
22.5,2.0,-60.210127491640264
22.75,2.0,-60.60955533152591
23.0,2.0,-61.141067084076646
1.0,2.25,-36.54420727467117
1.25,2.25,-36.60589915602378
1.5,2.25,-36.75452523389621
1.75,2.25,-36.90951465767395
2.0,2.25,-36.99077482956021
2.25,2.25,-36.968482968804864
2.5,2.25,-36.88857884133982
2.75,2.25,-36.83451839941363
3.0,2.25,-36.852023334558474
3.25,2.25,-36.89526026915655
3.5,2.25,-36.849148840644304
3.75,2.25,-36.65679806216857
4.0,2.25,-36.43273782448577
4.25,2.25,-36.38375765289788
4.5,2.25,-36.60624089514563
4.75,2.25,-36.91484711685978
5.0,2.25,-36.892830308972826
5.25,2.25,-36.43333397330083
5.5,2.25,-36.00204379380883
5.75,2.25,-36.04053965595651
6.0,2.25,-36.493885586889085
6.25,2.25,-36.735954947068386
6.5,2.25,-36.35338488626057
6.75,2.25,-35.95001344032331
7.0,2.25,-36.13084717047063
7.25,2.25,-36.648665801089095
7.5,2.25,-36.62328582450837
7.75,2.25,-36.07200918494916
8.0,2.25,-35.90886746249686
8.25,2.25,-36.40915347005463
8.5,2.25,-37.27162046749835
8.75,2.25,-37.96969739380664
10.25,2.25,-50.68297054656738
10.5,2.25,-50.19742578221572
10.75,2.25,-49.92729990495532
11.0,2.25,-49.74050367683054
11.25,2.25,-49.49415473460946
11.5,2.25,-49.45511204944418
11.75,2.25,-49.233462558858335
12.0,2.25,-49.12358715133617
12.25,2.25,-49.488277609590284
12.5,2.25,-49.52756440265803
12.75,2.25,-49.381893834407876
13.0,2.25,-49.39025363337166
13.25,2.25,-49.2161371592087
13.5,2.25,-48.833154895860076
13.75,2.25,-48.80681595733616
14.0,2.25,-48.84224477579629
14.25,2.25,-48.68175709761327
14.5,2.25,-48.90323993332966
14.75,2.25,-49.03041430212414
15.0,2.25,-49.28969067429439
15.25,2.25,-49.975234922426644
15.5,2.25,-50.845258304653534
15.75,2.25,-51.63709606252492
17.25,2.25,-60.482140691415296
17.5,2.25,-60.46448078303813
17.75,2.25,-60.18714476070974
18.0,2.25,-59.96095763824958
18.25,2.25,-59.79139061749572
18.5,2.25,-59.803796123596165
18.75,2.25,-60.03384430030354
19.0,2.25,-60.3680067269184
19.25,2.25,-60.68470968986007
19.5,2.25,-60.92742427267375
19.75,2.25,-61.02847999207576
20.0,2.25,-60.95329903450516
20.25,2.25,-60.75383538891916
20.5,2.25,-60.470187912395836
20.75,2.25,-60.16112270638543
21.0,2.25,-59.92140112430335
21.25,2.25,-59.78788015074666
21.5,2.25,-59.75326603418384
21.75,2.25,-59.820774627878336
22.0,2.25,-59.994161267480585
22.25,2.25,-60.282784476878945
22.5,2.25,-60.70841960848937
22.75,2.25,-61.27213933270029
23.0,2.25,-61.95100964745288
1.0,2.5,-36.53541479307678
1.25,2.5,-36.45658915918454
1.5,2.5,-36.502080074015
1.75,2.5,-36.61320429075164
2.0,2.5,-36.711737746425605
2.25,2.5,-36.73874688102351
2.5,2.5,-36.69814782600103
2.75,2.5,-36.6560918639223
3.0,2.5,-36.68118706234103
3.25,2.5,-36.76831559115119
3.5,2.5,-36.80762609084178
3.75,2.5,-36.67074235800666
4.0,2.5,-36.38916701804022
4.25,2.5,-36.183550685872184
4.5,2.5,-36.26320586528635
4.75,2.5,-36.5977155662665
5.0,2.5,-36.80561188476322
5.25,2.5,-36.509467775312146
5.5,2.5,-35.984696724719825
5.75,2.5,-35.81646973972955
6.0,2.5,-36.17852509313953
6.25,2.5,-36.58198019775477
6.5,2.5,-36.37461618224391
6.75,2.5,-35.91156380545356
7.0,2.5,-35.939432447575015
7.25,2.5,-36.41931472023737
7.5,2.5,-36.52224476458895
7.75,2.5,-36.040544637628734
8.0,2.5,-35.826950283973
8.25,2.5,-36.25993516165696
8.5,2.5,-37.13932548219975
8.75,2.5,-37.91969851869346
10.25,2.5,-50.289736961448995
10.5,2.5,-49.85001337472565
10.75,2.5,-49.61907089159554
11.0,2.5,-49.5091532958915
11.25,2.5,-49.293090109561255
11.5,2.5,-49.208190375821054
11.75,2.5,-49.03922534858192
12.0,2.5,-48.94036866681769
12.25,2.5,-49.312723562131865
12.5,2.5,-49.264080453008596
12.75,2.5,-49.07152213619479
13.0,2.5,-49.090822218639715
13.25,2.5,-48.88348658927149
13.5,2.5,-48.67363217187548
13.75,2.5,-48.73809015747732
14.0,2.5,-48.813259855377964
14.25,2.5,-48.78427582677596
14.5,2.5,-49.13220281130152
14.75,2.5,-49.3404563127165
15.0,2.5,-49.724970524706116
15.25,2.5,-50.49066325134731
15.5,2.5,-51.29494307660905
15.75,2.5,-52.071516511851144
17.25,2.5,-59.41716986195223
17.5,2.5,-59.48292778878351
17.75,2.5,-59.46779822469634
18.0,2.5,-59.429083255047374
18.25,2.5,-59.381284935422954
18.5,2.5,-59.534446764894696
18.75,2.5,-59.85191129240463
19.0,2.5,-60.184156296847675
19.25,2.5,-60.44104227408427
19.5,2.5,-60.58259743329094
19.75,2.5,-60.560250629779716
20.0,2.5,-60.41097580465526
20.25,2.5,-60.21618634695447
20.5,2.5,-60.0075762103046
20.75,2.5,-59.83721193575342
21.0,2.5,-59.76237280104123
21.25,2.5,-59.781117525093485
21.5,2.5,-59.88304275768118
21.75,2.5,-60.07797830960615
22.0,2.5,-60.37674375077708
22.25,2.5,-60.803281052409545
22.5,2.5,-61.37337144963813
22.75,2.5,-62.05515315895412
23.0,2.5,-62.793790824975
1.0,2.75,-36.66034664629799
1.25,2.75,-36.44359724320434
1.5,2.75,-36.36735949744428
1.75,2.75,-36.398428787660094
2.0,2.75,-36.46999904945759
2.25,2.75,-36.50817351581644
2.5,2.75,-36.48077368826736
2.75,2.75,-36.42913422924977
3.0,2.75,-36.43661902031735
3.25,2.75,-36.54650567462752
3.5,2.75,-36.68571789425193
3.75,2.75,-36.6771114508887
4.0,2.75,-36.42451587710138
4.25,2.75,-36.09385048124905
4.5,2.75,-35.97931426954745
4.75,2.75,-36.214398473047716
5.0,2.75,-36.56724352201985
5.25,2.75,-36.530847040899715
5.5,2.75,-36.041254011377106
5.75,2.75,-35.68341102705551
6.0,2.75,-35.86686213408181
6.25,2.75,-36.33513568138996
6.5,2.75,-36.35515022251853
6.75,2.75,-35.91574329346569
7.0,2.75,-35.789943845843986
7.25,2.75,-36.17512186493752
7.5,2.75,-36.37946642261386
7.75,2.75,-36.003847467614186
8.0,2.75,-35.75713926150507
8.25,2.75,-36.10473858201341
8.5,2.75,-36.9785696963909
8.75,2.75,-37.84664193458702
10.25,2.75,-49.89490645920013
10.5,2.75,-49.510363281749356
10.75,2.75,-49.3076440124058
11.0,2.75,-49.18647467672482
11.25,2.75,-49.05268603734494
11.5,2.75,-48.964662890944155
11.75,2.75,-48.89977726645054
12.0,2.75,-48.87556281819191
12.25,2.75,-49.19562343401384
12.5,2.75,-49.09699448825991
12.75,2.75,-48.81983555830665
13.0,2.75,-48.88374052391
13.25,2.75,-48.70021740804242
13.5,2.75,-48.6054148423316
13.75,2.75,-48.7977545268311
14.0,2.75,-48.89568343884192
14.25,2.75,-48.988681128361364
14.5,2.75,-49.47959032048366
14.75,2.75,-49.788543961117625
15.0,2.75,-50.22236045306465
15.25,2.75,-51.06376295642341
15.5,2.75,-51.7825921684879
15.75,2.75,-52.51219526147672
17.25,2.75,-58.70601375589764
17.5,2.75,-58.94857647902796
17.75,2.75,-59.00350389117353
18.0,2.75,-59.09903151066118
18.25,2.75,-59.2113980986947
18.5,2.75,-59.48389740026778
18.75,2.75,-59.783967386786905
19.0,2.75,-60.01195612342297
19.25,2.75,-60.16957115312684
19.5,2.75,-60.239581576456715
19.75,2.75,-60.19941675995558
20.0,2.75,-60.1050624558978
20.25,2.75,-60.005094596946705
20.5,2.75,-59.91312655096579
20.75,2.75,-59.876539895246104
21.0,2.75,-59.92554580291039
21.25,2.75,-60.04520665632924
21.5,2.75,-60.24017421554034
21.75,2.75,-60.532648860978824
22.0,2.75,-60.94193816480996
22.25,2.75,-61.48649357079201
22.5,2.75,-62.13847198079166
22.75,2.75,-62.811309109605524
23.0,2.75,-63.41376074508611
1.0,3.0,-36.877347122870695
1.25,3.0,-36.54570245085197
1.5,3.0,-36.343476354001915
1.75,3.0,-36.27228274096713
2.0,3.0,-36.289789556473345
2.25,3.0,-36.3215504377487
2.5,3.0,-36.30163381385679
2.75,3.0,-36.228886011776076
3.0,3.0,-36.180467675196155
3.25,3.0,-36.24817689792682
3.5,3.0,-36.43567216192765
3.75,3.0,-36.587704445521034
4.0,3.0,-36.48121927478925
4.25,3.0,-36.12014948369704
4.5,3.0,-35.81351834733958
4.75,3.0,-35.8540980278958
5.0,3.0,-36.20906669076729
5.25,3.0,-36.41919130509756
5.5,3.0,-36.09784882891781
5.75,3.0,-35.63520558636095
6.0,3.0,-35.61600523354365
6.25,3.0,-36.03630217854632
6.5,3.0,-36.24494069187388
6.75,3.0,-35.916748757524125
7.0,3.0,-35.693624897859905
7.25,3.0,-35.95759775789477
7.5,3.0,-36.20037313525534
7.75,3.0,-35.9407810341598
8.0,3.0,-35.702396239041214
8.25,3.0,-35.97244818511602
8.5,3.0,-36.8202198649414
8.75,3.0,-37.76982162527689
10.25,3.0,-49.508328597062594
10.5,3.0,-49.187586035011634
10.75,3.0,-49.059091121325025
11.0,3.0,-48.91546763698123
11.25,3.0,-48.83540621236893
11.5,3.0,-48.784925822436094
11.75,3.0,-48.72980999256431
12.0,3.0,-48.82113402892922
12.25,3.0,-49.09280375703746
12.5,3.0,-48.91506300894285
12.75,3.0,-48.63234245764733
13.0,3.0,-48.75351489192471
13.25,3.0,-48.62132216907448
13.5,3.0,-48.636985046064034
13.75,3.0,-48.92389137688426
14.0,3.0,-49.03622312808898
14.25,3.0,-49.3244505241396
14.5,3.0,-49.94018600676168
14.75,3.0,-50.36820296643793
15.0,3.0,-50.9002501193481
15.25,3.0,-51.75059877953119
15.5,3.0,-52.272594502835254
15.75,3.0,-52.89851209563302
17.25,3.0,-58.125083882090564
17.5,3.0,-58.56642502552897
17.75,3.0,-58.7797828155139
18.0,3.0,-58.96007771418036
18.25,3.0,-59.21579692702647
18.5,3.0,-59.569035223978226
18.75,3.0,-59.841298477324045
19.0,3.0,-59.994288037304706
19.25,3.0,-60.078503576521534
19.5,3.0,-60.09033893712976
19.75,3.0,-60.05072834612068
20.0,3.0,-60.022433771883456
20.25,3.0,-60.019195176987196
20.5,3.0,-60.04117828639608
20.75,3.0,-60.12711531878195
21.0,3.0,-60.28332050103077
21.25,3.0,-60.49326680795565
21.5,3.0,-60.78154853522839
21.75,3.0,-61.17621142895519
22.0,3.0,-61.6841041376116
22.25,3.0,-62.28108432693346
22.5,3.0,-62.872390214021586
22.75,3.0,-63.337814103199
23.0,3.0,-63.604547604937515
1.0,3.25,-37.115339417716704
1.25,3.25,-36.728629837052104
1.5,3.25,-36.4210127070989
1.75,3.25,-36.23559823542854
2.0,3.25,-36.16861129692938
2.25,3.25,-36.1682273469285
2.5,3.25,-36.15566513250188
2.75,3.25,-36.0807509087445
3.0,3.25,-35.97853324754223
3.25,3.25,-35.955935710627244
3.5,3.25,-36.09680971223045
3.75,3.25,-36.34316475238884
4.0,3.25,-36.45046327041945
4.25,3.25,-36.20814330667783
4.5,3.25,-35.78629364237001
4.75,3.25,-35.58738548616347
5.0,3.25,-35.802457741228125
5.25,3.25,-36.15759352223925
5.5,3.25,-36.0930823544868
5.75,3.25,-35.635538093284694
6.0,3.25,-35.42344638016468
6.25,3.25,-35.71832434570203
6.5,3.25,-36.04882727769461
6.75,3.25,-35.88150743390674
7.0,3.25,-35.617337473102126
7.25,3.25,-35.759307550180644
7.5,3.25,-36.00113919501545
7.75,3.25,-35.85403440944464
8.0,3.25,-35.65093441707449
8.25,3.25,-35.847868200486
8.5,3.25,-36.64407707990222
8.75,3.25,-37.66860239681434
10.25,3.25,-49.121157466319225
10.5,3.25,-48.86187394689963
10.75,3.25,-48.75808018032729
11.0,3.25,-48.61766048420555
11.25,3.25,-48.563442612285016
11.5,3.25,-48.59287242323304
11.75,3.25,-48.55868401300651
12.0,3.25,-48.733280056633994
12.25,3.25,-48.94626061068739
12.5,3.25,-48.703927843514585
12.75,3.25,-48.48896064583595
13.0,3.25,-48.65729898088755
13.25,3.25,-48.61809559246496
13.5,3.25,-48.73244014120527
13.75,3.25,-49.09697372229737
14.0,3.25,-49.233262105017424
14.25,3.25,-49.742600717612504
14.5,3.25,-50.52451984120861
14.75,3.25,-51.06799599106892
15.0,3.25,-51.71753419890797
15.25,3.25,-52.45922636771102
15.5,3.25,-52.75809784120472
15.75,3.25,-53.22907936376083
16.0,3.25,-53.886473491499956
16.25,3.25,-54.36853453939145
16.5,3.25,-55.04100605723398
16.75,3.25,-55.97352144869984
17.0,3.25,-56.876769367280524
17.25,3.25,-57.62050457828185
17.5,3.25,-58.05895561679875
17.75,3.25,-58.47918319290219
18.0,3.25,-58.80304622588406
18.25,3.25,-59.172557121258095
18.5,3.25,-59.526005040602556
18.75,3.25,-59.75651320249352
19.0,3.25,-59.91750914085493
19.25,3.25,-60.04140213184789
19.5,3.25,-60.10113680287414
19.75,3.25,-60.135564281857924
20.0,3.25,-60.18866934339559
20.25,3.25,-60.2521963871881
20.5,3.25,-60.34548290117034
20.75,3.25,-60.51215857198385
21.0,3.25,-60.73696211895828
21.25,3.25,-61.01429091510334
21.5,3.25,-61.38613094967642
21.75,3.25,-61.85940366497923
22.0,3.25,-62.395164145489225
22.25,3.25,-62.90570544871543
22.5,3.25,-63.26304535487384
22.75,3.25,-63.4004342162422
23.0,3.25,-63.3376446628671
1.0,3.5,-37.25467986122886
1.25,3.5,-36.909482675700104
1.5,3.5,-36.55962332078574
1.75,3.5,-36.28330891757882
2.0,3.5,-36.12029561323854
2.25,3.5,-36.05790312787064
2.5,3.5,-36.033058911875045
2.75,3.5,-35.96739002276215
3.0,3.5,-35.83797407255294
3.25,3.5,-35.72265897267224
3.5,3.5,-35.74933360406803
3.75,3.5,-35.97126548179791
4.0,3.5,-36.24170557682544
4.25,3.5,-36.242342750412845
4.5,3.5,-35.86909447741566
4.75,3.5,-35.47503193376603
5.0,3.5,-35.449100390456515
5.25,3.5,-35.77641094744182
5.5,3.5,-35.96083856404362
5.75,3.5,-35.658858254841505
6.0,3.5,-35.32513147361846
6.25,3.5,-35.43498186593642
6.5,3.5,-35.77602582377603
6.75,3.5,-35.78479111646679
7.0,3.5,-35.563842053182036
7.25,3.5,-35.5983972208015
7.5,3.5,-35.7814093750677
7.75,3.5,-35.72510607713626
8.0,3.5,-35.59653192241576
8.25,3.5,-35.74540623655486
8.5,3.5,-36.47659646107125
8.75,3.5,-37.555285231101216
10.25,3.5,-48.74235797396124
10.5,3.5,-48.61155267657101
10.75,3.5,-48.51385095079805
11.0,3.5,-48.37058103250598
11.25,3.5,-48.36750467357332
11.5,3.5,-48.46710821897485
11.75,3.5,-48.46548344050319
12.0,3.5,-48.69613326514088
12.25,3.5,-48.88849711284966
12.5,3.5,-48.636734916804116
12.75,3.5,-48.537062124501
13.0,3.5,-48.759025743326596
13.25,3.5,-48.832175128931645
13.5,3.5,-48.99062251446765
13.75,3.5,-49.43400899866489
14.0,3.5,-49.649136200584934
14.25,3.5,-50.32002991023543
14.5,3.5,-51.33488623166025
14.75,3.5,-51.95620954287763
15.0,3.5,-52.65883199435021
15.25,3.5,-53.1027162824134
15.5,3.5,-53.142021876816926
15.75,3.5,-53.49627858076079
16.0,3.5,-53.901557343150586
16.25,3.5,-54.18712551098637
16.5,3.5,-54.792778389046155
16.75,3.5,-55.780960103344974
17.0,3.5,-56.800341221186066
17.25,3.5,-57.40379161032709
17.5,3.5,-57.90994067811771
17.75,3.5,-58.32280010246368
18.0,3.5,-58.73410266519458
18.25,3.5,-59.19581250938025
18.5,3.5,-59.568060430265845
18.75,3.5,-59.78394095840014
19.0,3.5,-59.96926303779183
19.25,3.5,-60.1449913057926
19.5,3.5,-60.2884507296058
19.75,3.5,-60.422010598255866
20.0,3.5,-60.53590540064907
20.25,3.5,-60.626528736352356
20.5,3.5,-60.75223474694386
20.75,3.5,-60.94388312790714
21.0,3.5,-61.175303739786635
21.25,3.5,-61.47335676253422
21.5,3.5,-61.871747386923
21.75,3.5,-62.32266893740989
22.0,3.5,-62.73270652241153
22.25,3.5,-62.99292190606736
22.5,3.5,-63.04784874742164
22.75,3.5,-62.94070530544989
23.0,3.5,-62.74691040483064
1.0,3.75,-37.188934495971765
1.25,3.75,-36.97494031225308
1.5,3.75,-36.669833973443374
1.75,3.75,-36.36058810475173
2.0,3.75,-36.12339146345795
2.25,3.75,-35.99159458782026
2.5,3.75,-35.938795863488544
2.75,3.75,-35.88724314313134
3.0,3.75,-35.763544705206755
3.25,3.75,-35.58382532172483
3.5,3.75,-35.473091317517984
3.75,3.75,-35.56747723621723
4.0,3.75,-35.861581332681936
4.25,3.75,-36.09743303682939
4.5,3.75,-35.943649272697115
4.75,3.75,-35.500268652432986
5.0,3.75,-35.23690486020231
5.25,3.75,-35.39356631946816
5.5,3.75,-35.684862475091165
5.75,3.75,-35.60655902224375
6.0,3.75,-35.28044587258786
6.25,3.75,-35.23274776324053
6.5,3.75,-35.48938016971357
6.75,3.75,-35.60135802633938
7.0,3.75,-35.481929783347795
7.25,3.75,-35.473525441128956
7.5,3.75,-35.57350645122308
7.75,3.75,-35.562106464589874
8.0,3.75,-35.52819457087487
8.25,3.75,-35.65015791193963
8.5,3.75,-36.3045358357176
8.75,3.75,-37.42025916588425
10.25,3.75,-48.373536430909574
10.5,3.75,-48.3629624508345
10.75,3.75,-48.28422808252394
11.0,3.75,-48.15511958141627
11.25,3.75,-48.24511311414064
11.5,3.75,-48.397134641281596
11.75,3.75,-48.416454125192054
12.0,3.75,-48.667696629570756
12.25,3.75,-48.840042991956935
12.5,3.75,-48.58652464596914
12.75,3.75,-48.67076517021454
13.0,3.75,-48.958220187488315
13.25,3.75,-49.12158341205695
13.5,3.75,-49.41563970791539
13.75,3.75,-49.91044756774671
14.0,3.75,-50.257388452294634
14.25,3.75,-51.103344733110234
14.5,3.75,-52.2927044418271
14.75,3.75,-52.850967292206754
15.0,3.75,-53.47304066609937
15.25,3.75,-53.41750210410318
15.5,3.75,-53.12677594215213
15.75,3.75,-53.44187994256512
16.0,3.75,-53.749762414303426
16.25,3.75,-54.04217955169152
16.5,3.75,-54.700495792462995
16.75,3.75,-55.591232268677004
17.0,3.75,-56.43085653751218
17.25,3.75,-57.23653000984123
17.5,3.75,-57.915517997704065
17.75,3.75,-58.43202277184557
18.0,3.75,-58.9158767117209
18.25,3.75,-59.44463793682001
18.5,3.75,-59.866988845034456
18.75,3.75,-60.161881650644496
19.0,3.75,-60.42708371907851
19.25,3.75,-60.63719231011562
19.5,3.75,-60.8050046528472
19.75,3.75,-60.94558692291071
20.0,3.75,-61.04192160826266
20.25,3.75,-61.13582778138448
20.5,3.75,-61.28192120005032
20.75,3.75,-61.46579587889053
21.0,3.75,-61.67072690779409
21.25,3.75,-61.93545414552753
21.5,3.75,-62.241395692310306
21.75,3.75,-62.49319014805599
22.0,3.75,-62.60544491320686
22.25,3.75,-62.55940542218762
22.5,3.75,-62.41636368292971
22.75,3.75,-62.24983253081315
23.0,3.75,-62.11400261147885
1.0,4.0,-36.90643219354451
1.25,4.0,-36.86095585798155
1.5,4.0,-36.676294670260596
1.75,4.0,-36.40586876815231
2.0,4.0,-36.135504631373095
2.25,4.0,-35.93977569910718
2.5,4.0,-35.843962878075
2.75,4.0,-35.80397540992298
3.0,4.0,-35.724960058011746
3.25,4.0,-35.54459147974142
3.5,4.0,-35.328085168472235
3.75,4.0,-35.24515153631741
4.0,4.0,-35.419632059385016
4.25,4.0,-35.754077384818345
4.5,4.0,-35.88121725596588
4.75,4.0,-35.569114882083454
5.0,4.0,-35.15593446322413
5.25,4.0,-35.08615374965935
5.5,4.0,-35.337352385577354
5.75,4.0,-35.44343743914829
6.0,4.0,-35.222894514373685
6.25,4.0,-35.087769044892454
6.5,4.0,-35.2286166427552
6.75,4.0,-35.360935980003504
7.0,4.0,-35.35088679117492
7.25,4.0,-35.36728925905581
7.5,4.0,-35.382449113596365
7.75,4.0,-35.35889523451198
8.0,4.0,-35.431536191812285
8.25,4.0,-35.566944668994054
8.5,4.0,-36.13676624076273
8.75,4.0,-37.26566266818989
10.25,4.0,-48.11866400576232
10.5,4.0,-48.19266399977475
10.75,4.0,-48.10971844146833
11.0,4.0,-47.98083627474632
11.25,4.0,-48.17730732272214
11.5,4.0,-48.359194847937026
11.75,4.0,-48.40818556613356
12.0,4.0,-48.64221270675587
12.25,4.0,-48.80120288682242
12.5,4.0,-48.611967368568
12.75,4.0,-48.84920077844713
13.0,4.0,-49.225089423211685
13.25,4.0,-49.44253027880756
13.5,4.0,-49.91747802482955
13.75,4.0,-50.48997027630104
14.0,4.0,-51.03179235359768
14.25,4.0,-52.0251761890226
14.5,4.0,-53.241683593853836
14.75,4.0,-53.60145574378012
15.0,4.0,-53.70955140926125
15.25,4.0,-53.28742471949723
15.5,4.0,-53.01167818308629
15.75,4.0,-53.37173796503539
16.0,4.0,-53.59918799080585
16.25,4.0,-53.91492940742882
16.5,4.0,-54.669967254311615
16.75,4.0,-55.546389833327865
17.0,4.0,-56.35824847882822
17.25,4.0,-57.19340900207059
17.5,4.0,-58.005047423897274
17.75,4.0,-58.745735376478066
18.0,4.0,-59.44698257958197
18.25,4.0,-60.05827161549913
18.5,4.0,-60.46490220128131
18.75,4.0,-60.77772766196105
19.0,4.0,-61.063107081202325
19.25,4.0,-61.25560759270266
19.5,4.0,-61.371670446612505
19.75,4.0,-61.406585200779574
20.0,4.0,-61.41668346102569
20.25,4.0,-61.49621285383813
20.5,4.0,-61.646310198680574
20.75,4.0,-61.8149112147265
21.0,4.0,-61.986563870291334
21.25,4.0,-62.16004794748437
21.5,4.0,-62.27456397566797
21.75,4.0,-62.26347932263256
22.0,4.0,-62.13322065645498
22.25,4.0,-61.96210011826875
22.5,4.0,-61.82354422638416
22.75,4.0,-61.748234660478104
23.0,4.0,-61.76046048389164
1.0,4.25,-36.47090280271358
1.25,4.25,-36.560453550698625
1.5,4.25,-36.52937741976419
1.75,4.25,-36.36929793465383
2.0,4.25,-36.1301422716883
2.25,4.25,-35.89690578583624
2.5,4.25,-35.742298414960686
2.75,4.25,-35.68170069978211
3.0,4.25,-35.65025639787271
3.25,4.25,-35.537273992239285
3.5,4.25,-35.30278664084168
3.75,4.25,-35.069603729175135
4.0,4.25,-35.039821869307815
4.25,4.25,-35.29310895811966
4.5,4.25,-35.60916741690244
4.75,4.25,-35.57183923752014
5.0,4.25,-35.174311739922196
5.25,4.25,-34.90078769423798
5.5,4.25,-34.99860374430652
5.75,4.25,-35.17897726011607
6.0,4.25,-35.10868536006983
6.25,4.25,-34.98702786141331
6.5,4.25,-35.03609392116544
6.75,4.25,-35.10398356615454
7.0,4.25,-35.14931223465436
7.25,4.25,-35.25735554992234
7.5,4.25,-35.23563991923745
7.75,4.25,-35.14448717507086
8.0,4.25,-35.295601599497594
8.25,4.25,-35.48338871104661
8.5,4.25,-35.97042772198933
8.75,4.25,-37.087410612767606
10.25,4.25,-47.97475576288302
10.5,4.25,-48.12530517844864
10.75,4.25,-48.02472796447788
11.0,4.25,-47.88013593732701
11.25,4.25,-48.174382431639984
11.5,4.25,-48.34901743186846
11.75,4.25,-48.39784865750829
12.0,4.25,-48.66772112596655
12.25,4.25,-48.82852295156634
12.5,4.25,-48.83267782916778
12.75,4.25,-49.221460067385024
13.0,4.25,-49.69446961302069
13.25,4.25,-49.989738915242164
13.5,4.25,-50.64279417567343
13.75,4.25,-51.39416455283207
14.0,4.25,-52.13380178819818
14.25,4.25,-53.19701578332015
14.5,4.25,-54.222550766226036
14.75,4.25,-54.11819901742969
15.0,4.25,-53.614388285372556
15.25,4.25,-53.03812031413053
15.5,4.25,-52.90243792413317
15.75,4.25,-53.30082116460722
16.0,4.25,-53.58161365966981
16.25,4.25,-53.91508391358437
16.5,4.25,-54.60018960186058
16.75,4.25,-55.55185055170923
17.0,4.25,-56.606167795657015
17.25,4.25,-57.62347235483446
17.5,4.25,-58.48786843990296
17.75,4.25,-59.29897693881
18.0,4.25,-60.15323184289968
18.25,4.25,-60.86944336245145
18.5,4.25,-61.27956005728703
18.75,4.25,-61.5286175501773
19.0,4.25,-61.67009757168857
19.25,4.25,-61.700261879069785
19.5,4.25,-61.64638772144578
19.75,4.25,-61.51393790876661
20.0,4.25,-61.43569976597263
20.25,4.25,-61.465483192950686
20.5,4.25,-61.54381940709568
20.75,4.25,-61.63314284545814
21.0,4.25,-61.721056553305644
21.25,4.25,-61.78250892493065
21.5,4.25,-61.77833155958346
21.75,4.25,-61.70007763245315
22.0,4.25,-61.59934238657824
22.25,4.25,-61.54717031079577
22.5,4.25,-61.56603194342492
22.75,4.25,-61.655186285581316
23.0,4.25,-61.818735203870915
1.0,4.5,-35.99065702647144
1.25,4.5,-36.123546814823875
1.5,4.5,-36.20332906453756
1.75,4.5,-36.17854525226379
2.0,4.5,-36.03836860566963
2.25,4.5,-35.830125538293025
2.5,4.5,-35.63735248726413
2.75,4.5,-35.52865693264246
3.0,4.5,-35.505239338805495
3.25,4.5,-35.47708635293549
3.5,4.5,-35.32233680269252
3.75,4.5,-35.04034275290137
4.0,4.5,-34.81678847714684
4.25,4.5,-34.8618556050201
4.5,4.5,-35.16730147358609
4.75,4.5,-35.383402376916834
5.0,4.5,-35.1813530688345
5.25,4.5,-34.8279756782962
5.5,4.5,-34.75110547279654
5.75,4.5,-34.88745713154746
6.0,4.5,-34.90398225659998
6.25,4.5,-34.84945139140818
6.5,4.5,-34.89426969138742
6.75,4.5,-34.888364065082264
7.0,4.5,-34.897430551695706
7.25,4.5,-35.10066476623724
7.5,4.5,-35.11777506071491
7.75,4.5,-34.9374507364782
8.0,4.5,-35.122721182927286
8.25,4.5,-35.39858330650284
8.5,4.5,-35.81365077547651
8.75,4.5,-36.8829036334395
10.25,4.5,-47.929372489907394
10.5,4.5,-48.14127623355035
10.75,4.5,-47.994877178453564
11.0,4.5,-47.799982993361155
11.25,4.5,-48.12761425460637
11.5,4.5,-48.3340968015949
11.75,4.5,-48.339605564188304
12.0,4.5,-48.68608204448954
12.25,4.5,-48.86146901608306
12.5,4.5,-49.13259000464949
12.75,4.5,-49.75724230029393
13.0,4.5,-50.29295344183396
13.25,4.5,-50.74784710311817
13.5,4.5,-51.64199385816496
13.75,4.5,-52.588133777447375
14.0,4.5,-53.32397721287027
14.25,4.5,-54.24033188830386
14.5,4.5,-54.75756911682801
14.75,4.5,-53.97851331929978
15.0,4.5,-53.204772097159136
15.25,4.5,-52.6766546283913
15.5,4.5,-52.586321451340446
15.75,4.5,-52.913383701505126
16.0,4.5,-53.212739039635395
16.25,4.5,-53.57072610342029
16.5,4.5,-54.41338313317428
16.75,4.5,-55.68660075106323
17.0,4.5,-57.05575532491124
17.25,4.5,-58.35635438636217
17.5,4.5,-59.33023168909631
17.75,4.5,-60.22244687142538
18.0,4.5,-60.983823546549836
18.25,4.5,-61.566552456071605
18.5,4.5,-61.908044271568414
18.75,4.5,-62.07319469207501
19.0,4.5,-62.01503934341429
19.25,4.5,-61.83356000386428
19.5,4.5,-61.60997430603865
19.75,4.5,-61.40331118294638
20.0,4.5,-61.32150639450937
20.25,4.5,-61.3050518013442
20.5,4.5,-61.285378455960185
20.75,4.5,-61.26732733134348
21.0,4.5,-61.25060135735775
21.25,4.5,-61.23389189782223
21.5,4.5,-61.222884253452264
21.75,4.5,-61.23095219816215
22.0,4.5,-61.294680015166534
22.25,4.5,-61.438513031199975
22.5,4.5,-61.63930268551819
22.75,4.5,-61.87711297499381
23.0,4.5,-62.13077692167935
1.0,4.75,-35.59640184141357
1.25,4.75,-35.678816058588005
1.5,4.75,-35.77696933233128
1.75,4.75,-35.835095485851795
2.0,4.75,-35.80385706207154
2.25,4.75,-35.67335090586245
2.5,4.75,-35.49141426361039
2.75,4.75,-35.34111549064893
3.0,4.75,-35.28470623678907
3.25,4.75,-35.303145513378375
3.5,4.75,-35.27535399897885
3.75,4.75,-35.075803981341174
4.0,4.75,-34.762256021077775
4.25,4.75,-34.580065470970325
4.5,4.75,-34.70982258001623
4.75,4.75,-35.01039723925936
5.0,4.75,-35.06019180009997
5.25,4.75,-34.77470813060857
5.5,4.75,-34.576934584685574
5.75,4.75,-34.626936855975934
6.0,4.75,-34.659751013093015
6.25,4.75,-34.64760652848754
6.5,4.75,-34.74932968331124
6.75,4.75,-34.729435902159395
7.0,4.75,-34.63986937617425
7.25,4.75,-34.884713312421624
7.5,4.75,-35.01663331250108
7.75,4.75,-34.75997436583625
8.0,4.75,-34.91611727335493
8.25,4.75,-35.300243431792886
8.5,4.75,-35.68109473320669
8.75,4.75,-36.66729839828709
10.25,4.75,-47.89476379625799
10.5,4.75,-48.15648815681516
10.75,4.75,-47.98352585900702
11.0,4.75,-47.80137475652408
11.25,4.75,-48.06627197235205
11.5,4.75,-48.28356895200617
11.75,4.75,-48.27077233267049
12.0,4.75,-48.70119882383318
12.25,4.75,-48.94126705971516
12.5,4.75,-49.42516957291147
12.75,4.75,-50.24394523016006
13.0,4.75,-50.820544357127716
13.25,4.75,-51.50833402457557
13.5,4.75,-52.61240445056509
13.75,4.75,-53.716451683051304
14.0,4.75,-54.201068358799006
14.25,4.75,-54.59414916917636
14.5,4.75,-54.60447090678882
14.75,4.75,-53.53243757248525
15.0,4.75,-52.6989212021057
15.25,4.75,-52.2892699150926
15.5,4.75,-52.278470733278155
15.75,4.75,-52.58812719365263
16.0,4.75,-53.0316024168356
16.25,4.75,-53.35694839403607
16.5,4.75,-54.32543725351924
16.75,4.75,-56.2070939730462
17.0,4.75,-57.93997586554526
17.25,4.75,-59.35005498219175
17.5,4.75,-60.324198793709016
17.75,4.75,-61.183310233419505
18.0,4.75,-61.73842856889024
18.25,4.75,-61.8943574083731
18.5,4.75,-61.92735597212522
18.75,4.75,-61.89088869151787
19.0,4.75,-61.695181930717496
19.25,4.75,-61.44753386978212
19.5,4.75,-61.200162682520265
19.75,4.75,-61.037873893636494
20.0,4.75,-61.00426007272026
20.25,4.75,-60.99297696773366
20.5,4.75,-60.96705132125898
20.75,4.75,-60.93513455417889
21.0,4.75,-60.90230755850606
21.25,4.75,-60.89991859841038
21.5,4.75,-60.95722339324592
21.75,4.75,-61.08131666476502
22.0,4.75,-61.28575911779148
22.25,4.75,-61.558988231658745
22.5,4.75,-61.853045989882375
22.75,4.75,-62.13954088170545
23.0,4.75,-62.37975117215231
1.0,5.0,-35.379276391989286
1.25,5.0,-35.353384578132484
1.5,5.0,-35.3898787466389
1.75,5.0,-35.44947513293695
2.0,5.0,-35.47844352209471
2.25,5.0,-35.429660645899695
2.5,5.0,-35.29644051580227
2.75,5.0,-35.13092066272383
3.0,5.0,-35.01850555878288
3.25,5.0,-35.01418428959263
3.5,5.0,-35.07286372340289
3.75,5.0,-35.038204976912276
4.0,5.0,-34.79414381078966
4.25,5.0,-34.473187641628144
4.5,5.0,-34.359883829933786
4.75,5.0,-34.55349260879573
5.0,5.0,-34.76873344075819
5.25,5.0,-34.666489630508025
5.5,5.0,-34.44784433066066
5.75,5.0,-34.41902847089728
6.0,5.0,-34.42522203775467
6.25,5.0,-34.39498862229938
6.5,5.0,-34.555085893256575
6.75,5.0,-34.61874863055561
7.0,5.0,-34.427832583626156
7.25,5.0,-34.61394889014319
7.5,5.0,-34.89071641982242
7.75,5.0,-34.623109168287854
8.0,5.0,-34.70128310498217
8.25,5.0,-35.17583772240458
8.5,5.0,-35.5700155191903
8.75,5.0,-36.44798579472025
10.25,5.0,-47.81405158379587
10.5,5.0,-48.1227941783754
10.75,5.0,-47.912560984099756
11.0,5.0,-47.77835850480069
11.25,5.0,-47.96960994494532
11.5,5.0,-48.175498348948295
11.75,5.0,-48.20026616562718
12.0,5.0,-48.64163747272889
12.25,5.0,-48.92130521291807
12.5,5.0,-49.59825019836289
12.75,5.0,-50.635548067668914
13.0,5.0,-51.327694941881305
13.25,5.0,-52.28027903783176
13.5,5.0,-53.53214454367736
13.75,5.0,-54.5889813000712
14.0,5.0,-54.64723451360339
14.25,5.0,-54.45728157171117
14.5,5.0,-54.11971037699823
14.75,5.0,-52.96373608065535
15.0,5.0,-52.20336932124238
15.25,5.0,-51.934827693399946
15.5,5.0,-51.95773780972815
15.75,5.0,-52.172984506839825
17.25,5.0,-60.68245472581387
17.5,5.0,-61.503882198798536
17.75,5.0,-62.12218893281377
18.0,5.0,-62.29904971287467
18.25,5.0,-62.11562425994268
18.5,5.0,-61.82986255186252
18.75,5.0,-61.51850017840289
19.0,5.0,-61.18604637993789
19.25,5.0,-60.92820122566596
19.5,5.0,-60.732833124841655
19.75,5.0,-60.63401574562528
20.0,5.0,-60.60391818337336
20.25,5.0,-60.57842629158546
20.5,5.0,-60.570082354320235
20.75,5.0,-60.58721405638686
21.0,5.0,-60.645443890617244
21.25,5.0,-60.7771597596755
21.5,5.0,-60.98666432957852
21.75,5.0,-61.245807767923594
22.0,5.0,-61.54291858367378
22.25,5.0,-61.84320330934477
22.5,5.0,-62.10011075308727
22.75,5.0,-62.2971347765578
23.0,5.0,-62.40836981969515
1.0,5.25,-35.371355610890724
1.25,5.25,-35.20823164304757
1.5,5.25,-35.130966271844166
1.75,5.25,-35.12085508845301
2.0,5.25,-35.13989227703574
2.25,5.25,-35.13517799848987
2.5,5.25,-35.0612057210195
2.75,5.25,-34.91574740708184
3.0,5.25,-34.758138961868084
3.25,5.25,-34.67830797676652
3.5,5.25,-34.72236397562665
3.75,5.25,-34.81334191963252
4.0,5.25,-34.7612952692553
4.25,5.25,-34.482503673804615
4.5,5.25,-34.190804305157094
4.75,5.25,-34.162695729954706
5.0,5.25,-34.35857143903364
5.25,5.25,-34.424159823702766
5.5,5.25,-34.284182945223556
5.75,5.25,-34.239278464443146
6.0,5.25,-34.23932527381729
6.25,5.25,-34.1414257687183
6.5,5.25,-34.276628138095056
6.75,5.25,-34.48529840089822
7.0,5.25,-34.27982394638239
7.25,5.25,-34.33619182806395
7.5,5.25,-34.719267597605416
7.75,5.25,-34.513006438162364
8.0,5.25,-34.493371368712495
8.25,5.25,-35.01972518289507
8.5,5.25,-35.48121097016907
8.75,5.25,-36.25077656640368
10.25,5.25,-47.639440569997646
10.5,5.25,-47.978659126601926
10.75,5.25,-47.772220601918576
11.0,5.25,-47.72224500116904
11.25,5.25,-47.83923943177434
11.5,5.25,-47.98742600194804
11.75,5.25,-48.04115149653236
12.0,5.25,-48.48217685584046
12.25,5.25,-48.84780625502941
12.5,5.25,-49.52034740617875
12.75,5.25,-50.62912167943294
13.0,5.25,-51.48736490042195
13.25,5.25,-52.93090406517615
13.5,5.25,-54.27389444254366
13.75,5.25,-54.963672133060314
14.0,5.25,-54.43570596374614
14.25,5.25,-53.670380000284446
14.5,5.25,-53.176907981528984
14.75,5.25,-52.16597335305884
15.0,5.25,-51.54403367443777
15.25,5.25,-51.36761804293179
15.5,5.25,-51.55010750674718
15.75,5.25,-51.96828340262701
17.25,5.25,-61.87595233808626
17.5,5.25,-62.50052737179284
17.75,5.25,-62.66177730699689
18.0,5.25,-62.5142463940837
18.25,5.25,-62.132234302276046
18.5,5.25,-61.74390404382824
18.75,5.25,-61.33804469913747
19.0,5.25,-60.943342126229716
19.25,5.25,-60.663981641491596
19.5,5.25,-60.48626987148492
19.75,5.25,-60.3948824285781
20.0,5.25,-60.335306564574154
20.25,5.25,-60.307196191700385
20.5,5.25,-60.32775447555059
20.75,5.25,-60.412912046446685
21.0,5.25,-60.6033300889154
21.25,5.25,-60.91186085568658
21.5,5.25,-61.28995571395441
21.75,5.25,-61.664452926107586
22.0,5.25,-61.99785247100377
22.25,5.25,-62.23884654859024
22.5,5.25,-62.36244626561789
22.75,5.25,-62.38125955099002
23.0,5.25,-62.31697229219881
1.0,5.5,-35.57678501724383
1.25,5.5,-35.26930038530156
1.5,5.5,-35.05091517288626
1.75,5.5,-34.9204586665978
2.0,5.5,-34.860983757062975
2.25,5.5,-34.83523894974634
2.5,5.5,-34.790458925558895
2.75,5.5,-34.68285719733493
3.0,5.5,-34.51654301162024
3.25,5.5,-34.36092470698643
3.5,5.5,-34.31130483430928
3.75,5.5,-34.40038675930479
4.0,5.5,-34.51184180141409
4.25,5.5,-34.43191728736221
4.5,5.5,-34.14076456013357
4.75,5.5,-33.92035981237814
5.0,5.5,-33.96576603966355
5.25,5.5,-34.080638746779215
5.5,5.5,-34.02926556534606
5.75,5.5,-34.008005770502116
6.0,5.5,-34.064688241194986
6.25,5.5,-33.93409995916951
6.5,5.5,-33.95650021615697
6.75,5.5,-34.28021401250587
7.0,5.5,-34.1790745166079
7.25,5.5,-34.0866920072433
7.5,5.5,-34.4964469300379
7.75,5.5,-34.41760760710498
8.0,5.5,-34.316375113327894
8.25,5.5,-34.83716653816673
8.5,5.5,-35.39415403117993
8.75,5.5,-36.07842213585444
10.25,5.5,-47.38223905451594
10.5,5.5,-47.68719893776223
10.75,5.5,-47.52858264117411
11.0,5.5,-47.60884346705822
11.25,5.5,-47.651719614035486
11.5,5.5,-47.72005435675514
11.75,5.5,-47.84214576431026
12.0,5.5,-48.25971376995255
12.25,5.5,-48.697915908719025
13.75,5.5,-54.31604141401901
14.0,5.5,-53.52987716297313
14.25,5.5,-52.532783002478055
14.5,5.5,-51.93649210148999
14.75,5.5,-51.15301441768744
15.0,5.5,-50.82673997744859
15.25,5.5,-50.88164409829152
15.5,5.5,-51.145364528372326
15.75,5.5,-51.84390506081228
17.25,5.5,-62.4675617347505
17.5,5.5,-62.65389882448386
17.75,5.5,-62.24916538025852
18.0,5.5,-61.71926634325936
18.25,5.5,-61.14951308579268
18.5,5.5,-60.72490088253775
18.75,5.5,-60.45193998255329
19.0,5.5,-60.280076842650104
19.25,5.5,-60.18214231635096
19.5,5.5,-60.126674895345445
19.75,5.5,-60.0946385026062
20.0,5.5,-60.09810614224606
20.25,5.5,-60.18020605025352
20.5,5.5,-60.31275089944728
20.75,5.5,-60.528877189495645
21.0,5.5,-60.87149773998163
21.25,5.5,-61.29692531941885
21.5,5.5,-61.714315831492605
21.75,5.5,-62.05327464610892
22.0,5.5,-62.28808999527278
22.25,5.5,-62.38742761129921
22.5,5.5,-62.36540728303592
22.75,5.5,-62.257060680921356
23.0,5.5,-62.11124711994831
1.0,5.75,-35.969727789236934
1.25,5.75,-35.53631692508858
1.5,5.75,-35.177797980513986
1.75,5.75,-34.9065735427792
2.0,5.75,-34.724413521875036
2.25,5.75,-34.616090124982634
2.5,5.75,-34.544250616514574
2.75,5.75,-34.45488328239287
3.0,5.75,-34.30549187531269
3.25,5.75,-34.108765125025066
3.5,5.75,-33.94800326516906
3.75,5.75,-33.924566476422186
4.0,5.75,-34.05100692034954
4.25,5.75,-34.16487111088814
4.5,5.75,-34.050929994414346
4.75,5.75,-33.78241104996971
5.0,5.75,-33.65877318815388
5.25,5.75,-33.71509322988226
5.5,5.75,-33.7058494173979
5.75,5.75,-33.69768501129862
6.0,5.75,-33.845654388873776
6.25,5.75,-33.78211711222976
6.5,5.75,-33.6519136026361
6.75,5.75,-33.97288199501811
7.0,5.75,-34.07484443339227
7.25,5.75,-33.89601601835258
7.5,5.75,-34.2386334582191
7.75,5.75,-34.302896060782444
8.0,5.75,-34.16858158563916
8.25,5.75,-34.6404522309246
8.5,5.75,-35.30007411695649
8.75,5.75,-35.93815823037047
10.25,5.75,-47.09092803318608
10.5,5.75,-47.386327062410565
10.75,5.75,-47.29934612354833
11.0,5.75,-47.424712005371454
11.25,5.75,-47.42318393970134
11.5,5.75,-47.37296791341396
11.75,5.75,-47.565713789905686
12.0,5.75,-47.81521204441866
12.25,5.75,-48.451612027885275
13.75,5.75,-52.821262217971054
14.0,5.75,-51.72402599574647
14.25,5.75,-50.963804282787
14.5,5.75,-50.563705457076395
14.75,5.75,-50.105226386048464
15.0,5.75,-50.12540492023368
15.25,5.75,-50.507076307391465
15.5,5.75,-50.94095876895971
15.75,5.75,-51.86657992050935
17.25,5.75,-62.107022858990675
17.5,5.75,-61.55521273067086
17.75,5.75,-60.92384183585442
18.0,5.75,-60.479871416202506
18.25,5.75,-59.993992717542014
18.5,5.75,-59.60910307919392
18.75,5.75,-59.40502295719127
19.0,5.75,-59.36490995993215
19.25,5.75,-59.45112260738901
19.5,5.75,-59.58771978451698
19.75,5.75,-59.703940430027316
20.0,5.75,-59.870933238216004
20.25,5.75,-60.13266440276398
20.5,5.75,-60.43881550383779
20.75,5.75,-60.84522503576462
21.0,5.75,-61.31069167308428
21.25,5.75,-61.69806153377894
21.5,5.75,-61.9324226041347
21.75,5.75,-62.02005624026409
22.0,5.75,-62.008815413773874
22.25,5.75,-61.931873804564084
22.5,5.75,-61.8268437120766
22.75,5.75,-61.716747136192126
23.0,5.75,-61.62280653304833
1.0,6.0,-36.46650662121219
1.25,6.0,-35.952330827333085
1.5,6.0,-35.48210204763206
1.75,6.0,-35.07904913622522
2.0,6.0,-34.7601983127475
2.25,6.0,-34.53116887882389
2.5,6.0,-34.37872309843487
2.75,6.0,-34.264431428352495
3.0,6.0,-34.130833045154354
3.25,6.0,-33.93517898615597
3.5,6.0,-33.700509280319146
3.75,6.0,-33.52768559605033
4.0,6.0,-33.52313104205379
4.25,6.0,-33.67002201735165
4.5,6.0,-33.76178997779439
4.75,6.0,-33.62585524544485
5.0,6.0,-33.43449083689167
5.25,6.0,-33.400865070657574
5.5,6.0,-33.380908384948484
5.75,6.0,-33.325634389231716
6.0,6.0,-33.506164983368016
6.25,6.0,-33.62160433850981
6.5,6.0,-33.418093211890906
6.75,6.0,-33.60473621314482
7.0,6.0,-33.89627979896501
7.25,6.0,-33.75193441001031
7.5,6.0,-33.979807347588974
7.75,6.0,-34.156337894150624
8.0,6.0,-34.05066348134764
8.25,6.0,-34.442857855698065
8.5,6.0,-35.18177228897273
8.75,6.0,-35.81821281232921
10.25,6.0,-46.79588559417794
10.5,6.0,-47.110851699446414
10.75,6.0,-47.138343588693104
11.0,6.0,-47.193570807519606
11.25,6.0,-47.18740966051727
11.5,6.0,-46.99157149853897
11.75,6.0,-47.223663967097494
12.0,6.0,-47.469099469698975
12.25,6.0,-48.19956111327037
13.75,6.0,-50.717372298499264
14.0,6.0,-49.870198619701675
14.25,6.0,-49.51120681757953
14.5,6.0,-49.39397796627886
14.75,6.0,-49.284382800599985
15.0,6.0,-49.551470600449214
15.25,6.0,-50.01776440914117
15.5,6.0,-50.395928870654245
15.75,6.0,-51.55400116359231
17.25,6.0,-60.89369265507375
17.5,6.0,-60.20483039705459
17.75,6.0,-59.632089218433634
18.0,6.0,-59.27352203621972
18.25,6.0,-59.01105227402472
18.5,6.0,-58.89054481419568
18.75,6.0,-58.81533135256892
19.0,6.0,-58.78943329709522
19.25,6.0,-58.882038349344434
19.5,6.0,-59.05947837485464
19.75,6.0,-59.2867991975886
20.0,6.0,-59.63085462780063
20.25,6.0,-60.045678581691234
20.5,6.0,-60.47940858822378
20.75,6.0,-60.98209172710925
21.0,6.0,-61.404420644171545
21.25,6.0,-61.6137705004771
21.5,6.0,-61.61727368688433
21.75,6.0,-61.48866662741082
22.0,6.0,-61.317199776742896
22.25,6.0,-61.15212115738245
22.5,6.0,-61.02652497658752
22.75,6.0,-60.95230300801565
23.0,6.0,-60.92163356936109
1.0,6.25,-36.929136822706816
1.25,6.25,-36.40777184307539
1.5,6.25,-35.88410049917365
1.75,6.25,-35.38811563960551
2.0,6.25,-34.94824557218672
2.25,6.25,-34.58726423499477
2.5,6.25,-34.31601865729127
2.75,6.25,-34.12427298574701
3.0,6.25,-33.972342389232345
3.25,6.25,-33.79767338843953
3.5,6.25,-33.55612293106208
3.75,6.25,-33.283136131001655
4.0,6.25,-33.09924029177091
4.25,6.25,-33.10892074431191
4.5,6.25,-33.25088640317138
4.75,6.25,-33.292784509511996
5.0,6.25,-33.16738726352473
5.25,6.25,-33.09914493005682
5.5,6.25,-33.09170469889956
5.75,6.25,-32.981576240649375
6.0,6.25,-33.06980915589138
6.25,6.25,-33.349730344998946
6.5,6.25,-33.2378424614157
6.75,6.25,-33.25351423317551
7.0,6.25,-33.623373107575894
7.25,6.25,-33.621104173287804
7.5,6.25,-33.74564553748725
7.75,6.25,-33.96346554248159
8.0,6.25,-33.94711331564339
8.25,6.25,-34.2625857483796
8.5,6.25,-35.043267224419445
8.75,6.25,-35.71142128760048
10.25,6.25,-46.528504850858056
10.5,6.25,-46.83726211509185
10.75,6.25,-46.96193889805041
11.0,6.25,-46.89373823773151
11.25,6.25,-46.90378522368586
11.5,6.25,-46.649775455415366
11.75,6.25,-46.9364963341049
12.0,6.25,-47.28407105346218
12.25,6.25,-47.98978726241642
13.75,6.25,-48.94675618761046
14.0,6.25,-48.52772999290855
14.25,6.25,-48.56723484286895
14.5,6.25,-48.67433320233043
14.75,6.25,-48.70950259269915
15.0,6.25,-48.81472783462982
15.25,6.25,-49.262457577216566
15.5,6.25,-49.43390160838865
15.75,6.25,-50.46484348366744
17.25,6.25,-59.29001454336883
17.5,6.25,-58.943483467009806
17.75,6.25,-58.63592062709341
18.0,6.25,-58.41521432151475
18.25,6.25,-58.2971086678453
18.5,6.25,-58.31508672418448
18.75,6.25,-58.36023385780727
19.0,6.25,-58.408426459512945
19.25,6.25,-58.48459196723732
19.5,6.25,-58.63104361290826
19.75,6.25,-58.88504513868451
20.0,6.25,-59.265385349954165
20.25,6.25,-59.665278398874754
20.5,6.25,-60.04972730761075
20.75,6.25,-60.412651400145904
21.0,6.25,-60.61877025638695
21.25,6.25,-60.68038112410325
21.5,6.25,-60.64585864381747
21.75,6.25,-60.56519476454415
22.0,6.25,-60.47042174125934
22.25,6.25,-60.37604118255593
22.5,6.25,-60.30630446745392
22.75,6.25,-60.267559351437626
23.0,6.25,-60.25314305155402
1.0,6.5,-37.19133573987152
1.25,6.5,-36.754076705581426
1.5,6.5,-36.265008480189614
1.75,6.5,-35.750745432877444
2.0,6.5,-35.24330473375396
2.25,6.5,-34.77615922611627
2.5,6.5,-34.37896550788412
2.75,6.5,-34.069637746065794
3.0,6.5,-33.842644953883216
3.25,6.5,-33.65740261808097
3.5,6.5,-33.44488673606678
3.75,6.5,-33.15920304021086
4.0,6.5,-32.851877784092565
4.25,6.5,-32.66401156043853
4.5,6.5,-32.683310562377606
4.75,6.5,-32.78781616789994
5.0,6.5,-32.76982759937651
5.25,6.5,-32.71569633273009
5.5,6.5,-32.766314169982834
5.75,6.5,-32.69697349637231
6.0,6.5,-32.63999845387511
6.25,6.5,-32.93778223308338
6.5,6.5,-33.03756409099056
6.75,6.5,-32.968651879671185
7.0,6.5,-33.28268092360681
7.25,6.5,-33.44454564863312
7.5,6.5,-33.55126709952087
7.75,6.5,-33.74195011015397
8.0,6.5,-33.84046659708473
8.25,6.5,-34.10934356967697
8.5,6.5,-34.88914091742364
8.75,6.5,-35.61781560246312
10.25,6.5,-46.24255857310266
10.5,6.5,-46.52876099387268
10.75,6.5,-46.678819898825054
11.0,6.5,-46.54174352311196
11.25,6.5,-46.570746225854826
11.5,6.5,-46.40200687822713
11.75,6.5,-46.69904377839841
12.0,6.5,-47.08166176440818
12.25,6.5,-47.62337329871965
13.75,6.5,-47.99297528250959
14.0,6.5,-47.81779317194839
14.25,6.5,-47.985499976224915
14.5,6.5,-47.924135854499085
14.75,6.5,-48.05446316049903
15.0,6.5,-47.73558675150312
15.25,6.5,-48.02191924244297
15.5,6.5,-48.19980064978077
15.75,6.5,-49.03481836820616
17.25,6.5,-57.95916619552769
17.5,6.5,-57.977371133682915
17.75,6.5,-57.93517742489246
18.0,6.5,-57.867425384566246
18.25,6.5,-57.8661908727228
18.5,6.5,-57.88188519771118
18.75,6.5,-57.9759272611535
19.0,6.5,-58.12064085051506
19.25,6.5,-58.2910551396975
19.5,6.5,-58.501886241638076
19.75,6.5,-58.71957424257329
20.0,6.5,-58.969589731871096
20.25,6.5,-59.188430285844056
20.5,6.5,-59.36569201385281
20.75,6.5,-59.46788970824157
21.0,6.5,-59.474919468636045
21.25,6.5,-59.4780079548168
21.5,6.5,-59.497191588090026
21.75,6.5,-59.54643883080911
22.0,6.5,-59.60124906154273
22.25,6.5,-59.64994901752122
22.5,6.5,-59.6862040526716
22.75,6.5,-59.702771641323736
23.0,6.5,-59.70844507254897
1.0,6.75,-37.12131145279193
1.25,6.75,-36.827269207983676
1.5,6.75,-36.45457033331943
1.75,6.75,-36.01286492275169
2.0,6.75,-35.52335684121898
2.25,6.75,-35.01726917791129
2.5,6.75,-34.53194162356416
2.75,6.75,-34.104475560545495
3.0,6.75,-33.76169075542772
3.25,6.75,-33.5047605397939
3.5,6.75,-33.29264640246904
3.75,6.75,-33.04803720949417
4.0,6.75,-32.72327283315771
4.25,6.75,-32.3909982704138
4.5,6.75,-32.2098387522449
4.75,6.75,-32.225150115270516
5.0,6.75,-32.256351817727634
5.25,6.75,-32.21704325719477
5.5,6.75,-32.30789496252025
5.75,6.75,-32.398387712950594
6.0,6.75,-32.29186762547225
6.25,6.75,-32.45512173828509
6.5,6.75,-32.72114691557515
6.75,6.75,-32.730385318641915
7.0,6.75,-32.95579666049519
7.25,6.75,-33.196997741040654
7.5,6.75,-33.37640533753296
7.75,6.75,-33.51673755172539
8.0,6.75,-33.71437442820132
8.25,6.75,-33.99321100576993
8.5,6.75,-34.72581696647127
8.75,6.75,-35.53134432664925
10.25,6.75,-45.90529069068067
10.5,6.75,-46.15474620279025
10.75,6.75,-46.22926830073038
11.0,6.75,-46.1346712874593
11.25,6.75,-46.2275935318769
11.5,6.75,-46.21370855667938
11.75,6.75,-46.502802680589184
12.0,6.75,-46.790734668614185
12.25,6.75,-47.015669808703635
12.5,6.75,-47.06118891149262
12.75,6.75,-47.033921287932465
13.0,6.75,-47.26337520353517
13.25,6.75,-47.391901215702106
13.5,6.75,-47.412806087198156
13.75,6.75,-47.58059425594059
14.0,6.75,-47.30494012711931
14.25,6.75,-47.352516263165825
14.5,6.75,-46.97324334018787
14.75,6.75,-47.05636880640397
15.0,6.75,-46.592573012572814
15.25,6.75,-46.85007196921978
15.5,6.75,-47.19784904034946
15.75,6.75,-47.94834758702636
17.25,6.75,-57.14771186146549
17.5,6.75,-57.433514193944326
17.75,6.75,-57.489736431615405
18.0,6.75,-57.44712037646484
18.25,6.75,-57.50118719662183
18.5,6.75,-57.521354971590924
18.75,6.75,-57.628815638690824
19.0,6.75,-57.80403402450678
19.25,6.75,-58.10119027246436
19.5,6.75,-58.41936909890698
19.75,6.75,-58.63883174270682
20.0,6.75,-58.795929306077255
20.25,6.75,-58.841548785681994
20.5,6.75,-58.824368365818096
20.75,6.75,-58.752456011864965
21.0,6.75,-58.68716052015854
21.25,6.75,-58.677063869984885
21.5,6.75,-58.70880350686245
21.75,6.75,-58.791914891874555
22.0,6.75,-58.89770214110737
22.25,6.75,-59.01806462142821
22.5,6.75,-59.12252569904333
22.75,6.75,-59.204676701027665
23.0,6.75,-59.26867184480865
1.0,7.0,-36.72357750001699
1.25,7.0,-36.557325080969186
1.5,7.0,-36.32166022086836
1.75,7.0,-36.00840704641962
2.0,7.0,-35.61811595819051
2.25,7.0,-35.16351356039924
2.5,7.0,-34.67078423505263
2.75,7.0,-34.17762891811573
3.0,7.0,-33.727183210496364
3.25,7.0,-33.35613091714052
3.5,7.0,-33.07468169015482
3.75,7.0,-32.84274575753602
4.0,7.0,-32.57421946357789
4.25,7.0,-32.222422237355474
4.5,7.0,-31.887432543126344
4.75,7.0,-31.730748423924613
5.0,7.0,-31.717669109211624
5.25,7.0,-31.66386390373207
5.5,7.0,-31.699972706793865
5.75,7.0,-31.93345950580224
6.0,7.0,-31.971380933047598
6.25,7.0,-32.01442578669907
6.5,7.0,-32.301433494192906
6.75,7.0,-32.46204467158296
7.0,7.0,-32.67882559910316
7.25,7.0,-32.905194274162454
7.5,7.0,-33.190989448431594
7.75,7.0,-33.31598800190757
8.0,7.0,-33.55289465309001
8.25,7.0,-33.90169515632303
8.5,7.0,-34.56875370500417
8.75,7.0,-35.44568746112717
10.25,7.0,-45.534389204239424
10.5,7.0,-45.74218621784291
10.75,7.0,-45.738843602559875
11.0,7.0,-45.73657713460645
11.25,7.0,-45.94094478493743
11.5,7.0,-46.01104991510114
11.75,7.0,-46.24961336298596
12.0,7.0,-46.301526910916984
12.25,7.0,-46.346216335156036
12.5,7.0,-46.28082019952083
12.75,7.0,-46.43348788470874
13.0,7.0,-46.65377678188001
13.25,7.0,-46.97739847480956
13.5,7.0,-47.0530809144368
13.75,7.0,-47.16164316554162
14.0,7.0,-46.712991263052
14.25,7.0,-46.543407393720145
14.5,7.0,-46.19503307669568
14.75,7.0,-46.12224822317232
15.0,7.0,-45.772409070944
15.25,7.0,-46.16342630276218
15.5,7.0,-46.653533066397834
15.75,7.0,-47.4445140192669
17.25,7.0,-56.704731331609594
17.5,7.0,-57.08483930095831
17.75,7.0,-57.12530814844726
18.0,7.0,-57.02709475382926
18.25,7.0,-57.07211703059822
18.5,7.0,-57.16961056492353
18.75,7.0,-57.37192790297278
19.0,7.0,-57.57902528404514
19.25,7.0,-57.87395652557269
19.5,7.0,-58.140468758293224
19.75,7.0,-58.35340062943885
20.0,7.0,-58.49130120456969
20.25,7.0,-58.50215426661579
20.5,7.0,-58.45703660435223
20.75,7.0,-58.38102663540447
21.0,7.0,-58.35516438431577
21.25,7.0,-58.35401090592707
21.5,7.0,-58.37252065890002
21.75,7.0,-58.42273292142488
22.0,7.0,-58.49409077592022
22.25,7.0,-58.592435594409764
22.5,7.0,-58.69795075724526
22.75,7.0,-58.82320313465732
23.0,7.0,-58.95262140425601
1.0,7.25,-36.128763436995335
1.25,7.25,-36.03078867351196
1.5,7.25,-35.89085565266787
1.75,7.25,-35.69567541390269
2.0,7.25,-35.432656784681804
2.25,7.25,-35.09378251445227
2.5,7.25,-34.68075321963245
2.75,7.25,-34.20995629333969
3.0,7.25,-33.714714922935876
3.25,7.25,-33.24182518756119
3.5,7.25,-32.83880287357579
3.75,7.25,-32.528047868837675
4.0,7.25,-32.27293645231006
4.25,7.25,-31.980417347724828
4.5,7.25,-31.613726085083623
4.75,7.25,-31.30718105094106
5.0,7.25,-31.189663903214818
5.25,7.25,-31.123499431212736
5.5,7.25,-31.06256901239254
5.75,7.25,-31.282937307089064
6.0,7.25,-31.536431942259497
6.25,7.25,-31.61520376319522
6.5,7.25,-31.860456909526587
6.75,7.25,-32.1197796038289
7.0,7.25,-32.427455991946246
7.25,7.25,-32.61794256003289
7.5,7.25,-32.9681179307063
7.75,7.25,-33.150121985053794
8.0,7.25,-33.373000394170504
8.25,7.25,-33.81223885399062
8.5,7.25,-34.42038236612646
8.75,7.25,-35.35247686805711
10.25,7.25,-45.1820128693986
10.5,7.25,-45.36936354232985
10.75,7.25,-45.383772852450804
11.0,7.25,-45.444640952302905
11.25,7.25,-45.72769874196145
11.5,7.25,-45.7536338415349
11.75,7.25,-45.86432370178387
12.0,7.25,-45.65161632685544
12.25,7.25,-45.82805855907832
12.5,7.25,-45.83325724153618
12.75,7.25,-46.22313351654408
13.0,7.25,-46.37901991018221
13.25,7.25,-46.67065455370949
13.5,7.25,-46.37933628880427
13.75,7.25,-46.35005807774809
14.0,7.25,-46.029421537265605
14.25,7.25,-45.756667530691
14.5,7.25,-45.64497660933406
14.75,7.25,-45.56025483881009
15.0,7.25,-45.401943740248086
15.25,7.25,-45.902174082987
15.5,7.25,-46.39202736784008
15.75,7.25,-47.24312911569284
17.25,7.25,-56.44417751445787
17.5,7.25,-56.86615187577238
17.75,7.25,-56.92937366937294
18.0,7.25,-56.85664759729731
18.25,7.25,-56.93063442944609
18.5,7.25,-57.150922981445376
18.75,7.25,-57.47447202612619
19.0,7.25,-57.72750755255281
19.25,7.25,-57.9277917442453
19.5,7.25,-58.017139553207386
19.75,7.25,-58.10392407452316
20.0,7.25,-58.161997404484936
20.25,7.25,-58.20164112863385
20.5,7.25,-58.22544430160502
20.75,7.25,-58.25595588047424
21.0,7.25,-58.32336968401122
21.25,7.25,-58.35510918937902
21.5,7.25,-58.38904990743644
21.75,7.25,-58.419151239783304
22.0,7.25,-58.45689462748369
22.25,7.25,-58.51407421091025
22.5,7.25,-58.60152808344893
22.75,7.25,-58.73879081789214
23.0,7.25,-58.89894367379382
1.0,7.5,-35.482102841049695
1.25,7.5,-35.39923594135747
1.5,7.5,-35.29652153289213
1.75,7.5,-35.16438300496889
2.0,7.5,-34.990177078478666
2.25,7.5,-34.75909474689868
2.5,7.5,-34.456981831089735
2.75,7.5,-34.07575071603969
3.0,7.5,-33.620859569363844
3.25,7.5,-33.118299145759515
3.5,7.5,-32.61592189263968
3.75,7.5,-32.17190367013482
4.0,7.5,-31.82263772745143
4.25,7.5,-31.53582371077453
4.5,7.5,-31.214940800975796
4.75,7.5,-30.851228151326158
5.0,7.5,-30.614040376885136
5.25,7.5,-30.540506263143577
5.5,7.5,-30.45484959536911
5.75,7.5,-30.56282106208087
6.0,7.5,-30.922569967703375
6.25,7.5,-31.16721557212033
6.5,7.5,-31.4482961209908
6.75,7.5,-31.726312097125067
7.0,7.5,-32.14640389393496
7.25,7.5,-32.373025888088506
7.5,7.5,-32.72474134092972
7.75,7.5,-33.004082874108704
8.0,7.5,-33.19334592361034
8.25,7.5,-33.712305443776565
8.5,7.5,-34.28201203377533
8.75,7.5,-35.250071455403884
10.25,7.5,-44.922981987275435
10.5,7.5,-45.13339302078713
10.75,7.5,-45.1959458794563
11.0,7.5,-45.20388729783785
11.25,7.5,-45.47498631835659
11.5,7.5,-45.35167314633646
11.75,7.5,-45.53072612542283
12.0,7.5,-45.259461843142574
12.25,7.5,-45.63881598563906
12.5,7.5,-45.641783676661014
12.75,7.5,-46.05230989145014
13.0,7.5,-45.956559220912524
13.25,7.5,-46.0059559817074
13.5,7.5,-45.549760742601165
13.75,7.5,-45.38361939755619
14.0,7.5,-45.27079857080129
14.25,7.5,-45.1499636014144
14.5,7.5,-45.287224497242164
14.75,7.5,-45.39026969108684
15.0,7.5,-45.3386399569049
15.25,7.5,-45.855642038016995
15.5,7.5,-46.28881551288805
15.75,7.5,-47.05914227725633
17.25,7.5,-56.435491482548194
17.5,7.5,-56.84631856010428
17.75,7.5,-56.98735806257801
18.0,7.5,-57.0906312713317
18.25,7.5,-57.347672365903875
18.5,7.5,-57.688710085601436
18.75,7.5,-57.97865103041595
19.0,7.5,-58.17797907229877
19.25,7.5,-58.25283070460513
19.5,7.5,-58.20879098012705
19.75,7.5,-58.15914724122628
20.0,7.5,-58.11498552282151
20.25,7.5,-58.15153372059494
20.5,7.5,-58.22409458066304
20.75,7.5,-58.35793810008081
21.0,7.5,-58.48248013874346
21.25,7.5,-58.564371529800674
21.5,7.5,-58.66094856510658
21.75,7.5,-58.729297942678386
22.0,7.5,-58.80044963051041
22.25,7.5,-58.8745684555318
22.5,7.5,-58.98045334732665
22.75,7.5,-59.11316406834608
23.0,7.5,-59.258377234090446
1.0,7.75,-34.88633038519285
1.25,7.75,-34.78860455353551
1.5,7.75,-34.6800158576749
1.75,7.75,-34.55533821104848
2.0,7.75,-34.40711626537379
2.25,7.75,-34.22508506465182
2.5,7.75,-33.99594960303516
2.75,7.75,-33.70433363216513
3.0,7.75,-33.33619474919569
3.25,7.75,-32.886182343118826
3.5,7.75,-32.368569907522186
3.75,7.75,-31.826355227003155
4.0,7.75,-31.325360346522643
4.25,7.75,-30.916208820663968
4.5,7.75,-30.571195889981176
6.0,7.75,-30.204732002127926
6.25,7.75,-30.593921570459052
6.5,7.75,-31.035203177906237
6.75,7.75,-31.347783970864086
7.0,7.75,-31.81588034790822
7.25,7.75,-32.16040569676991
7.5,7.75,-32.48588288193309
7.75,7.75,-32.8674783214155
8.0,7.75,-33.03243732073432
8.25,7.75,-33.60439539906607
8.5,7.75,-34.157270383712365
8.75,7.75,-35.14832414554984
10.25,7.75,-44.781868136849255
10.5,7.75,-45.01207439091742
10.75,7.75,-45.073555986234595
11.0,7.75,-44.92768617498597
11.25,7.75,-45.17535667179676
11.5,7.75,-44.99645522633993
11.75,7.75,-45.330050590677246
12.0,7.75,-45.23122372242996
12.25,7.75,-45.67636740689334
12.5,7.75,-45.541307755735986
12.75,7.75,-45.6962628362783
13.0,7.75,-45.312494557571554
13.25,7.75,-45.23943883670091
13.5,7.75,-44.92589608394692
13.75,7.75,-44.87484232057043
14.0,7.75,-44.93739423167287
14.25,7.75,-45.07782070760261
14.5,7.75,-45.23958213632191
14.75,7.75,-45.527160701339525
15.0,7.75,-45.43664392600018
15.25,7.75,-45.80371612341898
15.5,7.75,-46.20008175827437
15.75,7.75,-46.83762692021357
17.25,7.75,-56.83735450720094
17.5,7.75,-57.25886905858678
17.75,7.75,-57.42536635111837
18.0,7.75,-57.6542229793224
18.25,7.75,-58.04811578397292
18.5,7.75,-58.40835446690461
18.75,7.75,-58.55268629036826
19.0,7.75,-58.63788490498553
19.25,7.75,-58.614607471339795
19.5,7.75,-58.59569846715614
19.75,7.75,-58.552763349939795
20.0,7.75,-58.52936536588267
20.25,7.75,-58.58294732904948
20.5,7.75,-58.65805624404146
20.75,7.75,-58.78284650099385
21.0,7.75,-58.873445853438724
21.25,7.75,-59.00268069877959
21.5,7.75,-59.162366848845295
21.75,7.75,-59.305091952959934
22.0,7.75,-59.470399239897446
22.25,7.75,-59.627615758677436
22.5,7.75,-59.78574122379168
22.75,7.75,-59.90682070566357
23.0,7.75,-60.01138102015329
1.0,8.0,-34.39312346847535
1.25,8.0,-34.26820312281927
1.5,8.0,-34.133022697188004
1.75,8.0,-33.98481977942832
2.0,8.0,-33.82035895816068
2.25,8.0,-33.63524208255949
2.5,8.0,-33.42272962248394
2.75,8.0,-33.17225368128922
3.0,8.0,-32.86827845088929
3.25,8.0,-32.491236634650086
3.5,8.0,-32.02360544104109
3.75,8.0,-31.464138419259356
4.0,8.0,-30.84672836703581
4.25,8.0,-30.243044770143147
6.5,8.0,-30.56148167577691
6.75,8.0,-31.006194678838376
7.0,8.0,-31.470015745473425
7.25,8.0,-31.96510169206693
7.5,8.0,-32.26550110210262
7.75,8.0,-32.730320198615544
8.0,8.0,-32.90361406188301
8.25,8.0,-33.50167281022837
8.5,8.0,-34.05259691987042
8.75,8.0,-35.054204958769304
10.25,8.0,-44.72719542152308
10.5,8.0,-44.89742699393793
10.75,8.0,-44.917690976329034
11.0,8.0,-44.71281602215918
11.25,8.0,-44.974726718150116
11.5,8.0,-44.91284507917654
11.75,8.0,-45.27343293201433
12.0,8.0,-45.219743388320964
12.25,8.0,-45.467282875302374
12.5,8.0,-45.237933222647094
12.75,8.0,-45.153136779751264
13.0,8.0,-44.75718169333867
13.25,8.0,-44.81547240513656
13.5,8.0,-44.713507082428556
13.75,8.0,-44.997292714931746
14.0,8.0,-45.094368776232116
14.25,8.0,-45.4123578106745
14.5,8.0,-45.37192820312555
14.75,8.0,-45.60615265133835
15.0,8.0,-45.45567209766806
15.25,8.0,-45.618998439616036
15.5,8.0,-46.04762752420716
15.75,8.0,-46.690340396194124
17.25,8.0,-57.51722480614564
17.5,8.0,-58.0615107585148
17.75,8.0,-58.332779539678455
18.0,8.0,-58.56608630304389
18.25,8.0,-58.81062474368457
18.5,8.0,-58.97930143350151
18.75,8.0,-59.00711977885458
19.0,8.0,-59.069066212143525
19.25,8.0,-59.085497805516596
19.5,8.0,-59.217530943174296
19.75,8.0,-59.31709681134368
20.0,8.0,-59.470545543950294
20.25,8.0,-59.57952235869814
20.5,8.0,-59.64501230689541
20.75,8.0,-59.70344278879181
21.0,8.0,-59.75233279131622
21.25,8.0,-59.90318047334949
21.5,8.0,-60.05970660408971
21.75,8.0,-60.24721389930505
22.0,8.0,-60.47656809737536
22.25,8.0,-60.68453045630313
22.5,8.0,-60.854684974971214
22.75,8.0,-60.955667705297635
23.0,8.0,-61.0238501808991
1.0,8.25,-34.01064497338158
1.25,8.25,-33.855312832936335
1.5,8.25,-33.68881805632138
1.75,8.25,-33.50915504450398
2.0,8.25,-33.31442891313482
2.25,8.25,-33.10241018635609
2.5,8.25,-32.86965672514108
2.75,8.25,-32.610198425214605
3.0,8.25,-32.31381915803679
3.25,8.25,-31.96416314484879
3.5,8.25,-31.537594270207265
3.75,8.25,-31.005941195092305
4.0,8.25,-30.349333479566077
6.75,8.25,-30.68917167608719
7.0,8.25,-31.16035942617834
7.25,8.25,-31.77663943128534
7.5,8.25,-32.07698480467579
7.75,8.25,-32.595278215780986
8.0,8.25,-32.80303370241434
8.25,8.25,-33.41029435948742
8.5,8.25,-33.97418654597476
8.75,8.25,-34.97783037171434
10.25,8.25,-44.68420019860207
10.5,8.25,-44.79332518780383
10.75,8.25,-44.79586617126466
11.0,8.25,-44.70195863665293
11.25,8.25,-44.97338546112423
11.5,8.25,-44.992998325362535
11.75,8.25,-45.20057001376007
12.0,8.25,-45.056597138551936
12.25,8.25,-45.01259291540915
12.5,8.25,-44.79689253352393
12.75,8.25,-44.783216444152444
13.0,8.25,-44.62091508872217
13.25,8.25,-44.89851332465625
13.5,8.25,-44.87946747389432
13.75,8.25,-45.39027151366204
14.0,8.25,-45.290592816881286
14.25,8.25,-45.5510272912099
14.5,8.25,-45.32293550993491
14.75,8.25,-45.407318768768334
15.0,8.25,-45.29944433648286
15.25,8.25,-45.419823857973576
15.5,8.25,-45.953426171017114
15.75,8.25,-46.71748147346827
17.25,8.25,-58.03289251191898
17.5,8.25,-58.694247895910806
17.75,8.25,-59.15250453500424
18.0,8.25,-59.451641632587695
18.25,8.25,-59.48986813968952
18.5,8.25,-59.476186659248064
18.75,8.25,-59.5087531722369
19.0,8.25,-59.65528331629805
19.25,8.25,-59.83032851911232
19.5,8.25,-60.141828323908186
19.75,8.25,-60.43930838834014
20.0,8.25,-60.78666390504068
20.25,8.25,-60.95743675169318
20.5,8.25,-61.122447937007784
20.75,8.25,-61.20965808225054
21.0,8.25,-61.31458176059433
21.25,8.25,-61.46797461732267
21.5,8.25,-61.57283023425919
21.75,8.25,-61.73808317611103
22.0,8.25,-61.90448798613915
22.25,8.25,-62.03229191493815
22.5,8.25,-62.1178681719021
22.75,8.25,-62.18119521785361
23.0,8.25,-62.23533144074479
1.0,8.5,-33.73135174927471
1.25,8.5,-33.54796414973209
1.5,8.5,-33.35423132312262
1.75,8.5,-33.147722024079314
2.0,8.5,-32.92550752826006
2.25,8.5,-32.6841139418788
2.5,8.5,-32.41941853403917
2.75,8.5,-32.12635886762583
3.0,8.5,-31.798179818832715
3.25,8.5,-31.42474456217579
3.5,8.5,-30.989190194619635
3.75,8.5,-30.462358039736838
6.75,8.5,-30.39553363407169
7.0,8.5,-30.927020499312793
7.25,8.5,-31.59993499916205
7.5,8.5,-31.93127325992535
7.75,8.5,-32.48205184825239
8.0,8.5,-32.72255369438905
8.25,8.5,-33.32595349324389
8.5,8.5,-33.92264285876756
8.75,8.5,-34.91923345320586
10.25,8.5,-44.59569751823076
10.5,8.5,-44.77825435909474
10.75,8.5,-44.83482625957911
11.0,8.5,-44.82624183126725
11.25,8.5,-45.008722467239394
11.5,8.5,-44.977339459618555
11.75,8.5,-45.00113239733244
12.0,8.5,-44.850026077139205
12.25,8.5,-44.74396901369367
12.5,8.5,-44.602861156452036
12.75,8.5,-44.74940347328432
13.0,8.5,-44.766833466451246
13.25,8.5,-45.207155752942015
13.5,8.5,-45.134768123665616
13.75,8.5,-45.43054116029941
14.0,8.5,-45.206338994078436
14.25,8.5,-45.311742141958725
14.5,8.5,-45.089946043302305
14.75,8.5,-45.19851223721247
15.0,8.5,-45.17454158622158
15.25,8.5,-45.43286651333929
15.5,8.5,-46.06530825121959
15.75,8.5,-46.90511474225175
17.25,8.5,-58.19061528346042
17.5,8.5,-59.02207484370603
17.75,8.5,-59.52791824897513
18.0,8.5,-59.80651064325685
18.25,8.5,-60.14386374896857
18.5,8.5,-60.32620337002713
18.75,8.5,-60.463806688672264
19.0,8.5,-60.72509704489076
19.25,8.5,-61.052567405466604
19.5,8.5,-61.45356364615069
19.75,8.5,-61.856585497677095
20.0,8.5,-62.22081492092423
20.25,8.5,-62.45907437810028
20.5,8.5,-62.77163347917062
20.75,8.5,-62.98543448501634
21.0,8.5,-63.28279494329368
21.25,8.5,-63.47815748938182
21.5,8.5,-63.603235871943184
21.75,8.5,-63.70628639703077
22.0,8.5,-63.715350262184316
22.25,8.5,-63.67796274303239
22.5,8.5,-63.680964540542845
22.75,8.5,-63.70972138463537
23.0,8.5,-63.763833557399906
1.0,8.75,-33.55479868277017
1.25,8.75,-33.34962804767058
1.5,8.75,-33.13559168455686
1.75,8.75,-32.90957446206482
2.0,8.75,-32.66720367777134
2.25,8.75,-32.40310847898197
2.5,8.75,-32.11137166628015
2.75,8.75,-31.785895689526416
3.0,8.75,-31.420221158771483
3.25,8.75,-31.006198763817167
3.5,8.75,-30.530694626530583
3.75,8.75,-29.96863867529997
7.0,8.75,-30.771161429618886
7.25,8.75,-31.462861006997013
7.5,8.75,-31.841988424913712
7.75,8.75,-32.40641099335385
8.0,8.75,-32.66138298121691
8.25,8.75,-33.25521028811841
8.5,8.75,-33.888503401620596
8.75,8.75,-34.880561584233554
10.25,8.75,-44.558653418633455
10.5,8.75,-44.83589714819034
10.75,8.75,-44.93327874649802
11.0,8.75,-44.8542474332006
11.25,8.75,-44.90708566743103
11.5,8.75,-44.82885717350699
11.75,8.75,-44.822392411782026
12.0,8.75,-44.7898833403418
12.25,8.75,-44.86850063079029
12.5,8.75,-44.86696386106723
12.75,8.75,-45.1194664032845
13.0,8.75,-45.055762610998855
13.25,8.75,-45.27849032371002
13.5,8.75,-45.0876246271708
13.75,8.75,-45.00911200847183
14.0,8.75,-44.86032280971724
14.25,8.75,-44.89204327237899
14.5,8.75,-44.88969069714309
14.75,8.75,-45.138598949514915
15.0,8.75,-45.17344864022246
15.25,8.75,-45.656028662128904
15.5,8.75,-46.29464355254179
15.75,8.75,-47.15855197709406
17.25,8.75,-58.12364621160738
17.5,8.75,-59.129346056904204
17.75,8.75,-59.77981600197766
18.0,8.75,-60.21867026920639
18.25,8.75,-60.94875934928645
18.5,8.75,-61.71115855228591
18.75,8.75,-62.299499725442715
19.0,8.75,-62.69394558950302
19.25,8.75,-63.061774017885604
19.5,8.75,-63.3799929809972
19.75,8.75,-63.6202415363596
20.0,8.75,-63.81862105681699
20.25,8.75,-64.08805465740167
20.5,8.75,-64.36382770954017
20.75,8.75,-64.67122666682452
21.0,8.75,-65.10781943073081
21.25,8.75,-65.36611471177652
21.5,8.75,-65.63657073457338
21.75,8.75,-65.70361920347706
22.0,8.75,-65.79261224849529
22.25,8.75,-65.86002157000823
22.5,8.75,-65.8386455877916
22.75,8.75,-65.88334766589932
23.0,8.75,-65.96114726424254
1.0,9.0,-33.4821066920501
1.25,9.0,-33.26276357023536
1.5,9.0,-33.03434660953635
1.75,9.0,-32.79380020284052
2.0,9.0,-32.53678322731732
2.25,9.0,-32.25785172489318
2.5,9.0,-31.950774755492176
2.75,9.0,-31.60875182790032
3.0,9.0,-31.224179219514397
3.25,9.0,-30.787510295901015
3.5,9.0,-30.28453718553511
3.75,9.0,-29.690280508656848
7.0,9.0,-30.690562535477042
7.25,9.0,-31.39704783465472
7.5,9.0,-31.80643553687767
7.75,9.0,-32.3695668763725
8.0,9.0,-32.6313098557754
8.25,9.0,-33.22381720714213
8.5,9.0,-33.87778166251559
8.75,9.0,-34.8524562804632
10.25,9.0,-44.61498760482054
10.5,9.0,-44.832778595578795
10.75,9.0,-44.84611041796727
11.0,9.0,-44.674752105371184
11.25,9.0,-44.770966912314364
11.5,9.0,-44.794710156344635
11.75,9.0,-44.89866886208923
12.0,9.0,-44.934354886886965
12.25,9.0,-45.12637576594334
12.5,9.0,-45.12979016224563
12.75,9.0,-45.28176070897584
13.0,9.0,-45.0652047004452
13.25,9.0,-44.91127873223717
13.5,9.0,-44.72661061296143
13.75,9.0,-44.576475166777556
14.0,9.0,-44.59873169085668
14.25,9.0,-44.671341211668235
14.5,9.0,-44.85656953841092
14.75,9.0,-45.17439277915999
15.0,9.0,-45.239147480287414
15.25,9.0,-45.86475201409221
15.5,9.0,-46.38472313134774
15.75,9.0,-47.274857636801535
20.25,9.0,-66.10225171559149
20.5,9.0,-66.11071811508998
20.75,9.0,-66.2650789197128
21.0,9.0,-66.4460625114109
21.25,9.0,-66.65475792764279
1.0,9.25,-33.5010155457511
1.25,9.25,-33.27519270762969
1.5,9.25,-33.038298865076776
1.75,9.25,-32.78832203988521
2.0,9.25,-32.522675427242966
2.25,9.25,-32.237983350627076
2.5,9.25,-31.92975798892175
2.75,9.25,-31.591958716804236
3.0,9.25,-31.21640013024537
3.25,9.25,-30.791801855498285
3.5,9.25,-30.301793529703097
3.75,9.25,-29.719713088979155
7.0,9.25,-30.70273025343419
7.25,9.25,-31.409130294826504
7.5,9.25,-31.81106375375524
7.75,9.25,-32.37521289004852
8.0,9.25,-32.63925798574675
8.25,9.25,-33.242223414284396
8.5,9.25,-33.884086522935426
8.75,9.25,-34.840205159324206
10.25,9.25,-44.60352454607798
10.5,9.25,-44.69372603139278
10.75,9.25,-44.688033268103865
11.0,9.25,-44.576752252763406
11.25,9.25,-44.822695383027366
11.5,9.25,-44.898995237976955
11.75,9.25,-45.0516851465581
12.0,9.25,-45.007948371184
12.25,9.25,-45.08120518587965
12.5,9.25,-44.93866732181721
12.75,9.25,-44.85039820716725
13.0,9.25,-44.650392518798185
13.25,9.25,-44.475498210093946
13.5,9.25,-44.50173117928833
13.75,9.25,-44.55538884629953
14.0,9.25,-44.747723680239446
14.25,9.25,-44.95985735947744
14.5,9.25,-45.10452616757834
14.75,9.25,-45.374111037314165
15.0,9.25,-45.353236421050944
15.25,9.25,-45.89351497195712
15.5,9.25,-46.322652451333816
15.75,9.25,-47.16637859355119
20.25,9.25,-68.25765206457005
20.5,9.25,-67.66939519272245
20.75,9.25,-67.28266340685292
21.0,9.25,-67.07235008963316
21.25,9.25,-67.20059539112555
1.0,9.5,-33.59169971266517
1.25,9.5,-33.36787362614013
1.5,9.5,-33.13161350376848
1.75,9.5,-32.88216724678191
2.0,9.5,-32.61892195143671
2.25,9.5,-32.34087716771094
2.5,9.5,-32.04583241028298
2.75,9.5,-31.72941453246124
3.0,9.5,-31.384062700299896
3.25,9.5,-30.997853049130732
3.5,9.5,-30.552419757376
3.75,9.5,-30.017881615220546
6.75,9.5,-30.19980245374711
7.0,9.5,-30.802857746422827
7.25,9.5,-31.48428991242369
7.5,9.5,-31.868428924556458
7.75,9.5,-32.42701677136133
8.0,9.5,-32.67201984565815
8.25,9.5,-33.283598316177134
8.5,9.5,-33.904581370911984
8.75,9.5,-34.87348705057131
10.25,9.5,-44.51571108795477
10.5,9.5,-44.64397368479645
10.75,9.5,-44.73759516688348
11.0,9.5,-44.63336628882924
11.25,9.5,-44.86951532702398
11.5,9.5,-44.77555552240857
11.75,9.5,-44.80687359774919
12.0,9.5,-44.66084044073534
12.25,9.5,-44.59700113518086
12.5,9.5,-44.395088830032435
12.75,9.5,-44.3008672911551
13.0,9.5,-44.35418983574721
13.25,9.5,-44.46842216836589
13.5,9.5,-44.67696215111018
13.75,9.5,-45.01903321658815
14.0,9.5,-45.1887261422405
14.25,9.5,-45.49333264645321
14.5,9.5,-45.43417849467497
14.75,9.5,-45.593028877079675
15.0,9.5,-45.439171037402424
15.25,9.5,-45.75192737534266
15.5,9.5,-46.19768922037183
15.75,9.5,-46.93850672681904
20.25,9.5,-68.70104753475795
20.5,9.5,-67.91206957230146
20.75,9.5,-67.44982662557211
21.0,9.5,-67.24432046598304
21.25,9.5,-67.30002867653901
1.0,9.75,-33.751670246255074
1.25,9.75,-33.53995702216956
1.5,9.75,-33.317076021092966
1.75,9.75,-33.082819489405
2.0,9.75,-32.83717864188346
2.25,9.75,-32.57987435641653
2.5,9.75,-32.309593887122446
2.75,9.75,-32.02293302819713
3.0,9.75,-31.712972674030166
3.25,9.75,-31.367259987225538
3.5,9.75,-30.96480019121981
3.75,9.75,-30.472108603277654
6.75,9.75,-30.461547290515675
7.0,9.75,-30.970165208756914
7.25,9.75,-31.625394590501532
7.5,9.75,-31.976906513798294
7.75,9.75,-32.50953705099141
8.0,9.75,-32.73385257927258
8.25,9.75,-33.34332592762059
8.5,9.75,-33.93770621126392
8.75,9.75,-34.938529805766485
10.25,9.75,-44.535006884858475
10.5,9.75,-44.73577480484994
10.75,9.75,-44.778317823910214
11.0,9.75,-44.47722391841723
11.25,9.75,-44.541482495047276
11.5,9.75,-44.34901365212291
11.75,9.75,-44.34323435325753
12.0,9.75,-44.2150378660499
12.25,9.75,-44.23385281751223
12.5,9.75,-44.17800602277917
12.75,9.75,-44.26890617844197
13.0,9.75,-44.45281144465768
13.25,9.75,-44.88451034721942
13.5,9.75,-45.026685161344595
13.75,9.75,-45.49327465090448
14.0,9.75,-45.446079553325376
14.25,9.75,-45.70487254284409
14.5,9.75,-45.535909455874275
14.75,9.75,-45.60201877394836
15.0,9.75,-45.47634822543151
15.25,9.75,-45.63376513831487
15.5,9.75,-46.12676603230141
15.75,9.75,-46.84913041037386
20.25,9.75,-66.85796189142884
20.5,9.75,-66.69014531105161
20.75,9.75,-66.68805990156807
21.0,9.75,-66.81918225004958
21.25,9.75,-66.92618526658607
1.0,10.0,-34.00445410684957
1.25,10.0,-33.816504300506324
1.5,10.0,-33.62060096774603
1.75,10.0,-33.4161945382603
2.0,10.0,-33.20230833760589
2.25,10.0,-32.977231545783795
2.5,10.0,-32.73799375610142
2.75,10.0,-32.479422068835035
3.0,10.0,-32.19253815577181
3.25,10.0,-31.86237476648968
3.5,10.0,-31.466433296321558
3.75,10.0,-30.97777009675557
4.0,10.0,-30.379492966455558
6.5,10.0,-30.137066954639945
6.75,10.0,-30.760002489700675
7.0,10.0,-31.223768941772256
7.25,10.0,-31.81286618172299
7.5,10.0,-32.107716229280435
7.75,10.0,-32.629370681744376
8.0,10.0,-32.83393066702944
8.25,10.0,-33.420218285518175
8.5,10.0,-34.00200061561899
8.75,10.0,-34.99974721006539
10.25,10.0,-44.59195911558776
10.5,10.0,-44.650300142989046
10.75,10.0,-44.53049539534055
11.0,10.0,-44.213881680002736
11.25,10.0,-44.26103179583762
11.5,10.0,-44.16794645117964
11.75,10.0,-44.240707054268746
12.0,10.0,-44.13288504501735
12.25,10.0,-44.29182704514958
12.5,10.0,-44.37432168570982
12.75,10.0,-44.78110347302655
13.0,10.0,-44.81485719745173
13.25,10.0,-45.29909443359453
13.5,10.0,-45.18819140254563
13.75,10.0,-45.48740679825442
14.0,10.0,-45.34425799011602
14.25,10.0,-45.53602525171503
14.5,10.0,-45.51853701112286
14.75,10.0,-45.65743986764343
15.0,10.0,-45.695011758404966
15.25,10.0,-45.88028229678413
15.5,10.0,-46.42067474452035
15.75,10.0,-47.205470524128536
20.25,10.0,-64.84284891861103
20.5,10.0,-65.08667859799542
20.75,10.0,-65.36246259050199
21.0,10.0,-65.69665712956503
21.25,10.0,-65.91778319032242
1.0,10.25,-34.36939864610131
1.25,10.25,-34.215334303416014
1.5,10.25,-34.05577284903018
1.75,10.25,-33.889136610640605
2.0,10.25,-33.712481820158324
2.25,10.25,-33.520984317101885
2.5,10.25,-33.307280936597266
2.75,10.25,-33.0606957824547
3.0,10.25,-32.76673989629735
3.25,10.25,-32.408346118135974
3.5,10.25,-31.971680629468615
3.75,10.25,-31.4592057433941
4.0,10.25,-30.905655427197583
4.25,10.25,-30.3758245051171
6.5,10.25,-30.66245105864166
6.75,10.25,-31.081778317039877
7.0,10.25,-31.55380828556269
7.25,10.25,-32.003514875384866
7.5,10.25,-32.29586086156071
7.75,10.25,-32.779575185249776
8.0,10.25,-32.93581943697403
8.25,10.25,-33.519277714229226
8.5,10.25,-34.093864832907485
8.75,10.25,-35.07993008442296
10.25,10.25,-44.53264037975971
10.5,10.25,-44.6080265539226
10.75,10.25,-44.49530561553526
11.0,10.25,-44.38008991675232
11.25,10.25,-44.43800554356808
11.5,10.25,-44.337111126245645
11.75,10.25,-44.44069690962092
12.0,10.25,-44.32027562723484
12.25,10.25,-44.6323006721996
12.5,10.25,-44.59153322605022
12.75,10.25,-45.058417686449175
13.0,10.25,-44.89744542229548
13.25,10.25,-45.18291223728233
13.5,10.25,-45.029002708962686
13.75,10.25,-45.19857946034527
14.0,10.25,-45.20286599298787
14.25,10.25,-45.425075571111854
14.5,10.25,-45.62073972254568
14.75,10.25,-45.95245273958598
15.0,10.25,-46.16077884471991
15.25,10.25,-46.57444982045769
15.5,10.25,-47.16181696738065
15.75,10.25,-48.040023889255394
17.25,10.25,-58.87578653874765
17.5,10.25,-59.56631188680814
17.75,10.25,-59.960599021927834
18.0,10.25,-60.23616755806734
18.25,10.25,-60.60271318179798
18.5,10.25,-61.048813119120766
18.75,10.25,-61.48595840587551
19.0,10.25,-61.88205038822025
19.25,10.25,-62.245754734353646
19.5,10.25,-62.60344718250143
19.75,10.25,-62.91207963183642
20.0,10.25,-63.26223134750186
20.25,10.25,-63.63847274658964
20.5,10.25,-63.96560780361825
20.75,10.25,-64.2690706313222
21.0,10.25,-64.55596874003872
21.25,10.25,-64.88346302689644
21.5,10.25,-65.15131313422786
21.75,10.25,-65.51116657941898
22.0,10.25,-65.94451558800465
22.25,10.25,-66.22605205105937
22.5,10.25,-66.54543091560616
22.75,10.25,-67.0001068154225
23.0,10.25,-67.5112181645233
1.0,10.5,-34.826320387378786
1.25,10.5,-34.7074704173629
1.5,10.5,-34.581782960917586
1.75,10.5,-34.44551641906094
2.0,10.5,-34.29266301573156
2.25,10.5,-34.11415730595551
2.5,10.5,-33.89737672211372
2.75,10.5,-33.626872327318075
3.0,10.5,-33.28786899193487
3.25,10.5,-32.874172051179315
3.5,10.5,-32.39969138999938
3.75,10.5,-31.90688882384441
4.0,10.5,-31.457735176517335
4.25,10.5,-31.09155830545964
4.5,10.5,-30.765982472831382
4.75,10.5,-30.397360481706492
6.0,10.5,-30.342455949659886
6.25,10.5,-30.713716853764765
6.5,10.5,-31.13649650474748
6.75,10.5,-31.42814311458227
7.0,10.5,-31.89843689010233
7.25,10.5,-32.209427147443186
7.5,10.5,-32.54442020015742
7.75,10.5,-32.90885031707264
8.0,10.5,-33.064699916988786
8.25,10.5,-33.63379840725544
8.5,10.5,-34.18440654972572
8.75,10.5,-35.17708181537233
10.25,10.5,-44.74137331716048
10.5,10.5,-44.93503764975223
10.75,10.5,-44.78566257322549
11.0,10.5,-44.678592603945006
11.25,10.5,-44.59672411363993
11.5,10.5,-44.347815916412415
11.75,10.5,-44.50973121169135
12.0,10.5,-44.382163911870435
12.25,10.5,-44.698495780393095
12.5,10.5,-44.58078239898463
12.75,10.5,-44.8320216758239
13.0,10.5,-44.735485113651585
13.25,10.5,-44.9461726528936
13.5,10.5,-45.039583822931206
13.75,10.5,-45.30818284131971
14.0,10.5,-45.5064752435499
14.25,10.5,-45.8388864781925
14.5,10.5,-46.07307906751047
14.75,10.5,-46.49346997487919
15.0,10.5,-46.7112620436273
15.25,10.5,-47.364050430661315
15.5,10.5,-47.94327742853739
15.75,10.5,-48.91074665918768
17.25,10.5,-58.73029038084536
17.5,10.5,-59.39436828583381
17.75,10.5,-59.704745602982435
18.0,10.5,-59.89518114858007
18.25,10.5,-60.25965152912111
18.5,10.5,-60.58935808689931
18.75,10.5,-60.86593022067043
19.0,10.5,-61.24516667310523
19.25,10.5,-61.592082806718494
19.5,10.5,-61.93882861335127
19.75,10.5,-62.29659354541396
20.0,10.5,-62.648628605780274
20.25,10.5,-62.990403673054544
20.5,10.5,-63.26630106105307
20.75,10.5,-63.57587016925037
21.0,10.5,-63.87325815428631
21.25,10.5,-64.24333563562617
21.5,10.5,-64.64106034982532
21.75,10.5,-65.04580136337074
22.0,10.5,-65.52663602830053
22.25,10.5,-65.93527716978684
22.5,10.5,-66.24509812292241
22.75,10.5,-66.51131243735026
23.0,10.5,-66.7930808555744
1.0,10.75,-35.32978315767125
1.25,10.75,-35.23333689370453
1.5,10.75,-35.122983027477915
1.75,10.75,-34.991149093516974
2.0,10.75,-34.82763693147339
2.25,10.75,-34.61978374397076
2.5,10.75,-34.35415975631358
2.75,10.75,-34.02103050265742
3.0,10.75,-33.621887576798606
3.25,10.75,-33.17775520872364
3.5,10.75,-32.731918691662614
3.75,10.75,-32.33774263658117
4.0,10.75,-32.02346886967845
4.25,10.75,-31.7452694190214
4.5,10.75,-31.405946027634567
4.75,10.75,-31.020370709182735
5.0,10.75,-30.77376137572545
5.25,10.75,-30.69048324268717
5.5,10.75,-30.59891696564606
5.75,10.75,-30.701354095289936
6.0,10.75,-31.037406629677143
6.25,10.75,-31.269804732545246
6.5,10.75,-31.530981009279113
6.75,10.75,-31.80722824107093
7.0,10.75,-32.21470148008846
7.25,10.75,-32.41892429598007
7.5,10.75,-32.777067728333556
7.75,10.75,-33.03855794913971
8.0,10.75,-33.243920477521954
8.25,10.75,-33.71648758610937
8.5,10.75,-34.27621712432118
8.75,10.75,-35.255767622076675
10.25,10.75,-44.84478988797196
10.5,10.75,-44.94446950327557
10.75,10.75,-44.67417528431764
11.0,10.75,-44.43196722802238
11.25,10.75,-44.408590118200664
11.5,10.75,-44.205841362641856
11.75,10.75,-44.41874186159957
12.0,10.75,-44.40314285476326
12.25,10.75,-44.540773465107996
12.5,10.75,-44.52729327033264
12.75,10.75,-44.70198357888605
13.0,10.75,-44.89585956192835
13.25,10.75,-45.26059449624012
13.5,10.75,-45.6186676548683
13.75,10.75,-46.08241792965386
14.0,10.75,-46.39032710983293
14.25,10.75,-46.79232580805105
14.5,10.75,-46.87149180900592
14.75,10.75,-47.22795904513856
15.0,10.75,-47.229746348878685
15.25,10.75,-47.884723445651325
15.5,10.75,-48.37384087243767
15.75,10.75,-49.328198489366386
17.25,10.75,-58.73493496398466
17.5,10.75,-59.36053776419021
17.75,10.75,-59.68057778699094
18.0,10.75,-59.86872388939722
18.25,10.75,-60.09681840091103
18.5,10.75,-60.36462103093345
18.75,10.75,-60.647354622458096
19.0,10.75,-60.957152035948134
19.25,10.75,-61.2673160203905
19.5,10.75,-61.58553528418316
19.75,10.75,-61.92027639869704
20.0,10.75,-62.23793757696454
20.25,10.75,-62.59912406544792
20.5,10.75,-62.88240168010653
20.75,10.75,-63.15912458816019
21.0,10.75,-63.490344872417374
21.25,10.75,-63.897700168519805
21.5,10.75,-64.38274899736018
21.75,10.75,-64.82794542853492
22.0,10.75,-65.31065453122004
22.25,10.75,-65.77484675221994
22.5,10.75,-66.05992517861496
22.75,10.75,-66.26207548621947
23.0,10.75,-66.43925927873397
1.0,11.0,-35.8576362178059
1.25,11.0,-35.75873479438371
1.5,11.0,-35.63205846774998
1.75,11.0,-35.46581419057718
2.0,11.0,-35.247196642353785
2.25,11.0,-34.9653677313973
2.5,11.0,-34.616571372168394
2.75,11.0,-34.21047831529265
3.0,11.0,-33.77471007818656
3.25,11.0,-33.35285757127022
3.5,11.0,-32.99077836799033
3.75,11.0,-32.70747563089307
4.0,11.0,-32.45935177527025
4.25,11.0,-32.15072237666692
4.5,11.0,-31.760301034207075
4.75,11.0,-31.441478324411
5.0,11.0,-31.315593295684963
5.25,11.0,-31.23728433591998
5.5,11.0,-31.18832913704059
5.75,11.0,-31.424388761770658
6.0,11.0,-31.63473689780313
6.25,11.0,-31.66953219953969
6.5,11.0,-31.9342089799285
6.75,11.0,-32.20380051125829
7.0,11.0,-32.464101684342545
7.25,11.0,-32.64777983650352
7.5,11.0,-32.988976519402435
7.75,11.0,-33.16759267094686
8.0,11.0,-33.388491375826824
8.25,11.0,-33.78358044007868
8.5,11.0,-34.42209652093215
8.75,11.0,-35.34793373125416
10.25,11.0,-44.563525699007144
10.5,11.0,-44.52894826319589
10.75,11.0,-44.36430952212633
11.0,11.0,-44.22893314123678
11.25,11.0,-44.37270761195759
11.5,11.0,-44.36530521624395
11.75,11.0,-44.39850011249884
12.0,11.0,-44.46879593607112
12.25,11.0,-44.64009643157094
12.5,11.0,-44.87901495194849
12.75,11.0,-45.22808741303665
13.0,11.0,-45.661677727366666
13.25,11.0,-46.13076887537215
13.5,11.0,-46.49177523158463
13.75,11.0,-46.96813456613911
14.0,11.0,-47.197959596051476
14.25,11.0,-47.52184396051107
14.5,11.0,-47.44475611541095
14.75,11.0,-47.65123592763111
15.0,11.0,-47.4470382748565
15.25,11.0,-47.94720466869788
15.5,11.0,-48.38857186237574
15.75,11.0,-49.28315464893576
17.25,11.0,-58.90489008785473
17.5,11.0,-59.41508460508105
17.75,11.0,-59.615232593058266
18.0,11.0,-59.73525130047907
18.25,11.0,-59.96463721666174
18.5,11.0,-60.20838012069599
18.75,11.0,-60.43722874488684
19.0,11.0,-60.63966282318301
19.25,11.0,-60.87080927645574
19.5,11.0,-61.14309518753928
19.75,11.0,-61.51547681441013
20.0,11.0,-61.8866421305636
20.25,11.0,-62.24139307551865
20.5,11.0,-62.58004390744684
20.75,11.0,-62.87218023331534
21.0,11.0,-63.15357251214426
21.25,11.0,-63.51855824969657
21.5,11.0,-64.00594866562588
21.75,11.0,-64.48536849383773
22.0,11.0,-64.96845085770224
22.25,11.0,-65.51113152785938
22.5,11.0,-65.90849802095231
22.75,11.0,-66.19193046562687
23.0,11.0,-66.39583185052126
1.0,11.25,-36.397857047110854
1.25,11.25,-36.257232140374924
1.5,11.25,-36.06639399315136
1.75,11.25,-35.81375037193247
2.0,11.25,-35.4926772968403
2.25,11.25,-35.10670396323772
2.5,11.25,-34.67401615928001
2.75,11.25,-34.22846883798632
3.0,11.25,-33.81425443775989
3.25,11.25,-33.47183208320793
3.5,11.25,-33.21354497016746
3.75,11.25,-32.995763322397835
4.0,11.25,-32.72594261253716
4.25,11.25,-32.361744160355045
4.5,11.25,-32.02093849394799
4.75,11.25,-31.86939514562617
5.0,11.25,-31.853853467821374
5.25,11.25,-31.795859299085194
5.5,11.25,-31.84736034431946
5.75,11.25,-32.048984111654946
6.0,11.25,-32.0016928670013
6.25,11.25,-32.06010134648679
6.5,11.25,-32.39555402668104
6.75,11.25,-32.51119393245113
7.0,11.25,-32.713826535237146
7.25,11.25,-32.93219079628217
7.5,11.25,-33.17357786576252
7.75,11.25,-33.313264757130504
8.0,11.25,-33.5471896782322
8.25,11.25,-33.89567559785718
8.5,11.25,-34.56710863408655
8.75,11.25,-35.40178451234974
10.25,11.25,-44.51337285135777
10.5,11.25,-44.53603475761134
10.75,11.25,-44.55764003955337
11.0,11.25,-44.50602517774429
11.25,11.25,-44.46094723339188
11.5,11.25,-44.513016309134194
11.75,11.25,-44.53097783353873
12.0,11.25,-44.68031759420113
12.25,11.25,-45.04850334734746
12.5,11.25,-45.43834220651628
12.75,11.25,-45.9416799086442
13.0,11.25,-46.313693409525655
13.25,11.25,-46.63403889171939
13.5,11.25,-46.753355056030664
13.75,11.25,-46.97770533259617
14.0,11.25,-47.0363927097964
14.25,11.25,-47.27238611861338
14.5,11.25,-47.27730077429976
14.75,11.25,-47.40267270413426
15.0,11.25,-47.26183442992615
15.25,11.25,-47.578052286011584
15.5,11.25,-48.03698591540435
15.75,11.25,-48.9483417266856
17.25,11.25,-59.06534468134364
17.5,11.25,-59.3814497352807
17.75,11.25,-59.47175158171271
18.0,11.25,-59.58340840553923
18.25,11.25,-59.79674807638456
18.5,11.25,-59.965712366772365
18.75,11.25,-60.09918679069542
19.0,11.25,-60.23032670900093
19.25,11.25,-60.441556189819615
19.5,11.25,-60.71570976143475
19.75,11.25,-61.04356248674595
20.0,11.25,-61.37337262553004
20.25,11.25,-61.647094346306204
20.5,11.25,-61.92695995719069
20.75,11.25,-62.277431051752
21.0,11.25,-62.630584639171396
21.25,11.25,-62.98129860269868
21.5,11.25,-63.42194112772388
21.75,11.25,-63.86830264438422
22.0,11.25,-64.28950219355295
22.25,11.25,-64.8607175188455
22.5,11.25,-65.47038612481057
22.75,11.25,-65.96923826716413
23.0,11.25,-66.29770231561388
1.0,11.5,-36.85188904204012
1.25,11.5,-36.60844211141284
1.5,11.5,-36.29298597272877
1.75,11.5,-35.907884814171645
2.0,11.5,-35.46788450880771
2.25,11.5,-35.001277520028474
2.5,11.5,-34.54726329756791
2.75,11.5,-34.148600743654185
3.0,11.5,-33.838370013343024
3.25,11.5,-33.619515929797835
3.5,11.5,-33.44282649233024
3.75,11.5,-33.214640164190115
4.0,11.5,-32.882033140700585
4.25,11.5,-32.539535034297266
4.5,11.5,-32.36734535992065
4.75,11.5,-32.39102644953219
5.0,11.5,-32.392475885789864
5.25,11.5,-32.31641828587789
5.5,11.5,-32.3929138256359
5.75,11.5,-32.43885031578838
6.0,11.5,-32.31666184265421
6.25,11.5,-32.52789451050437
6.5,11.5,-32.76267967355511
6.75,11.5,-32.75759023383287
7.0,11.5,-33.017851737887966
7.25,11.5,-33.18571756901308
7.5,11.5,-33.36230232468163
7.75,11.5,-33.5415345556373
8.0,11.5,-33.739486523832866
8.25,11.5,-34.02087714468836
8.5,11.5,-34.73101373074024
8.75,11.5,-35.503682585790955
10.25,11.5,-44.6527019290567
10.5,11.5,-44.7968859861772
10.75,11.5,-44.68284878853497
11.0,11.5,-44.56080288017872
11.25,11.5,-44.37455870040139
11.5,11.5,-44.39476036360737
11.75,11.5,-44.64151062010232
12.0,11.5,-44.839630184847
12.25,11.5,-45.23627713726342
12.5,11.5,-45.46707493415133
12.75,11.5,-45.735933282428135
13.0,11.5,-45.84474046622023
13.25,11.5,-46.03435460654826
13.5,11.5,-46.07248875972953
13.75,11.5,-46.172209172868996
14.0,11.5,-46.22627897309782
14.25,11.5,-46.45518022642502
14.5,11.5,-46.60375066421356
14.75,11.5,-46.85484157476366
15.0,11.5,-46.93807338974197
15.25,11.5,-47.15518453698298
15.5,11.5,-47.59845527864553
15.75,11.5,-48.517562789624016
17.25,11.5,-59.08604618638545
17.5,11.5,-59.32801727106458
17.75,11.5,-59.36859108132886
18.0,11.5,-59.399321530823876
18.25,11.5,-59.51500200602969
18.5,11.5,-59.6397921424183
18.75,11.5,-59.78874776876261
19.0,11.5,-59.96936954449188
19.25,11.5,-60.17406997001471
19.5,11.5,-60.34405747568372
19.75,11.5,-60.4717898784653
20.0,11.5,-60.622654362906914
20.25,11.5,-60.82516156889612
20.5,11.5,-61.06944724984185
20.75,11.5,-61.41450288722011
21.0,11.5,-61.836605177129485
21.25,11.5,-62.20001210121589
21.5,11.5,-62.57004591174567
21.75,11.5,-62.95994549432414
22.0,11.5,-63.28874154962694
22.25,11.5,-63.70195288886657
22.5,11.5,-64.27466427913772
22.75,11.5,-64.9051526432164
23.0,11.5,-65.40703071555758
1.0,11.75,-37.00242203345731
1.25,11.75,-36.609264590080684
1.5,11.75,-36.15655699607657
1.75,11.75,-35.67061658805627
2.0,11.75,-35.18690340561306
2.25,11.75,-34.74525911990324
2.5,11.75,-34.38243281077711
2.75,11.75,-34.120485119342725
3.0,11.75,-33.949738885580075
3.25,11.75,-33.81232224681302
3.5,11.75,-33.61460164694529
3.75,11.75,-33.30571920621413
4.0,11.75,-32.97117344682037
4.25,11.75,-32.789208197501324
4.5,11.75,-32.83039915839099
4.75,11.75,-32.90396000123443
5.0,11.75,-32.806297739868064
5.25,11.75,-32.73069699877194
5.5,11.75,-32.80202882229956
5.75,11.75,-32.70997746396486
6.0,11.75,-32.655289582552506
6.25,11.75,-32.95943716398718
6.5,11.75,-33.02715306333847
6.75,11.75,-33.01450194391403
7.0,11.75,-33.3110300052407
7.25,11.75,-33.41286719446049
7.5,11.75,-33.56779348428657
7.75,11.75,-33.77370603093047
8.0,11.75,-33.92871837632125
8.25,11.75,-34.20335195412723
8.5,11.75,-34.92487164093802
8.75,11.75,-35.52775279572216
10.25,11.75,-44.532514743192394
10.5,11.75,-44.65225793418827
10.75,11.75,-44.44747157682711
11.0,11.75,-44.33965315959564
11.25,11.75,-44.27823529689462
11.5,11.75,-44.27834301048007
11.75,11.75,-44.5171397788268
12.0,11.75,-44.57352507210436
12.25,11.75,-44.72829557020645
12.5,11.75,-44.838797519687645
12.75,11.75,-44.94529761201497
13.0,11.75,-45.03315465107261
13.25,11.75,-45.23483743442961
13.5,11.75,-45.34734898994135
13.75,11.75,-45.50081754544757
14.0,11.75,-45.583685475972786
14.25,11.75,-45.80821392444895
14.5,11.75,-45.94009823777294
14.75,11.75,-46.32509447158462
15.0,11.75,-46.48817721071492
15.25,11.75,-46.82084887017042
15.5,11.75,-47.25826689224439
15.75,11.75,-48.15133774118471
17.25,11.75,-58.70653402241892
17.5,11.75,-59.02286416897113
17.75,11.75,-59.075920393564616
18.0,11.75,-59.07621653799106
18.25,11.75,-59.147755983461266
18.5,11.75,-59.279008538406124
18.75,11.75,-59.46314454901074
19.0,11.75,-59.62805517495375
19.25,11.75,-59.74206213184404
19.5,11.75,-59.788938022423025
19.75,11.75,-59.81708314953019
20.0,11.75,-59.904873185964675
20.25,11.75,-60.0890694739431
20.5,11.75,-60.31632288635559
20.75,11.75,-60.53817902057742
21.0,11.75,-60.826892291618094
21.25,11.75,-61.09752988595481
21.5,11.75,-61.33901218142222
21.75,11.75,-61.6337557394906
22.0,11.75,-61.907158208129204
22.25,11.75,-62.16557115520352
22.5,11.75,-62.506230955853184
22.75,11.75,-62.989692393926575
23.0,11.75,-63.50413384415983
1.0,12.0,-36.71337716781964
1.25,12.0,-36.216639100503286
1.5,12.0,-35.717373029432075
1.75,12.0,-35.250975792066804
2.0,12.0,-34.851639177401815
2.25,12.0,-34.546014179711115
2.5,12.0,-34.343358912945064
2.75,12.0,-34.22164665359829
3.0,12.0,-34.117228606143456
3.25,12.0,-33.94337299890904
3.5,12.0,-33.661642408624814
3.75,12.0,-33.35457727631261
4.0,12.0,-33.18589198737392
4.25,12.0,-33.23959606099042
4.5,12.0,-33.36542305364641
4.75,12.0,-33.298789831359436
5.0,12.0,-33.11020544160796
5.25,12.0,-33.07942704741486
5.5,12.0,-33.07098451019264
5.75,12.0,-32.9266546375284
6.0,12.0,-33.06026132151976
6.25,12.0,-33.339754060172446
6.5,12.0,-33.21016010782873
6.75,12.0,-33.29058094663892
7.0,12.0,-33.632192131916085
7.25,12.0,-33.63287527732466
7.5,12.0,-33.77642420966832
7.75,12.0,-34.0547954917393
8.0,12.0,-34.11926977615802
8.25,12.0,-34.37338975855931
8.5,12.0,-35.03905954514171
8.75,12.0,-35.53111970265151
10.25,12.0,-43.69523399565223
10.5,12.0,-43.99103129389327
10.75,12.0,-44.181903602763
11.0,12.0,-44.22130182128587
11.25,12.0,-44.18135341216435
11.5,12.0,-44.137389240387705
11.75,12.0,-44.1631874286098
12.0,12.0,-44.28049209823654
12.25,12.0,-44.34276151784686
12.5,12.0,-44.4920069753219
12.75,12.0,-44.61459702460403
13.0,12.0,-44.762035546677865
13.25,12.0,-44.93965167727709
13.5,12.0,-45.06721827191215
13.75,12.0,-45.29191166251273
14.0,12.0,-45.327488728839214
14.25,12.0,-45.56989942662871
14.5,12.0,-45.557561878358186
14.75,12.0,-45.927235278746934
15.0,12.0,-45.9474309474085
15.25,12.0,-46.46288250610852
15.5,12.0,-46.91391393665876
15.75,12.0,-47.81606149915487
17.25,12.0,-57.97891660664505
17.5,12.0,-58.381969739348456
17.75,12.0,-58.505564786965024
18.0,12.0,-58.56123353313198
18.25,12.0,-58.68561168201185
18.5,12.0,-58.78703581913071
18.75,12.0,-58.891467994918834
19.0,12.0,-58.96069711733263
19.25,12.0,-59.02503594060991
19.5,12.0,-59.10578919492438
19.75,12.0,-59.18888586674336
20.0,12.0,-59.2892067115707
20.25,12.0,-59.4025776972878
20.5,12.0,-59.537211672308715
20.75,12.0,-59.61786748675813
21.0,12.0,-59.72076279928469
21.25,12.0,-59.87775624152661
21.5,12.0,-60.02159239815343
21.75,12.0,-60.21501122341067
22.0,12.0,-60.44791663688852
22.25,12.0,-60.66703162875264
22.5,12.0,-60.87085009171386
22.75,12.0,-61.16285989091804
23.0,12.0,-61.55440929759863
1.0,12.25,-36.152325866778845
1.25,12.25,-35.67553211214833
1.5,12.25,-35.25656668247032
1.75,12.25,-34.92071639600325
2.0,12.25,-34.68360110335768
2.25,12.25,-34.542783362839806
2.5,12.25,-34.46709292056477
2.75,12.25,-34.39230171709532
3.0,12.25,-34.243902932474654
3.25,12.25,-33.99801239038213
3.5,12.25,-33.73209918274168
3.75,12.25,-33.58695685562024
4.0,12.25,-33.64157001443235
4.25,12.25,-33.783095430175315
4.5,12.25,-33.752912345538846
4.75,12.25,-33.515462238912164
5.0,12.25,-33.355398879524486
5.25,12.25,-33.35713691165042
5.5,12.25,-33.295144389301164
5.75,12.25,-33.2782858041665
6.0,12.25,-33.5219598882123
6.25,12.25,-33.56264281779966
6.5,12.25,-33.40015675877708
6.75,12.25,-33.682775124029824
7.0,12.25,-33.928928649495205
7.25,12.25,-33.82006010081599
7.5,12.25,-34.07867403907082
7.75,12.25,-34.36597593271928
8.0,12.25,-34.26698754947641
8.25,12.25,-34.57273091352483
8.5,12.25,-35.16401081652049
8.75,12.25,-35.56624995023893
9.0,12.25,-36.526469281175565
9.25,12.25,-37.35543382597295
9.5,12.25,-38.33370771131263
9.75,12.25,-40.266810793803614
10.0,12.25,-42.007586984405535
10.25,12.25,-42.99924448861691
10.5,12.25,-43.50106588040467
10.75,12.25,-43.89253809299117
11.0,12.25,-44.092324687346846
11.25,12.25,-44.0780631562093
11.5,12.25,-44.27186061610958
11.75,12.25,-44.24496098305195
12.0,12.25,-44.535492604765246
12.25,12.25,-44.618997002453675
12.5,12.25,-44.79354195898698
12.75,12.25,-44.87255985706936
13.0,12.25,-44.95060577213788
13.25,12.25,-45.04998935007086
13.5,12.25,-45.063484581506366
13.75,12.25,-45.29949879016732
14.0,12.25,-45.246773086446765
14.25,12.25,-45.505534908229926
14.5,12.25,-45.36343821046225
14.75,12.25,-45.65646346583093
15.0,12.25,-45.51434294800408
15.25,12.25,-46.10322057092458
15.5,12.25,-46.548227047739886
15.75,12.25,-47.47758058546759
17.25,12.25,-57.24371714695113
17.5,12.25,-57.708285845525744
17.75,12.25,-57.884178047501685
18.0,12.25,-57.93899974991659
18.25,12.25,-58.07683761391608
18.5,12.25,-58.136674758886315
18.75,12.25,-58.19128527685109
19.0,12.25,-58.26571085178743
19.25,12.25,-58.35518438533266
19.5,12.25,-58.47830560717298
19.75,12.25,-58.57420659159701
20.0,12.25,-58.643444824683904
20.25,12.25,-58.67708682383224
20.5,12.25,-58.72735421539629
20.75,12.25,-58.76424291596682
21.0,12.25,-58.78803185157233
21.25,12.25,-58.88408928973014
21.5,12.25,-58.99461260364526
21.75,12.25,-59.120181506647654
22.0,12.25,-59.29140992126786
22.25,12.25,-59.499380623049085
22.5,12.25,-59.686142781132304
22.75,12.25,-59.88159523928236
23.0,12.25,-60.14609017000112
1.0,12.5,-35.63018949421035
1.25,12.5,-35.274733761781576
1.5,12.5,-35.008826758191475
1.75,12.5,-34.838443506279
2.0,12.5,-34.75217732003717
2.25,12.5,-34.71379598062728
2.5,12.5,-34.66294779955181
2.75,12.5,-34.53907311248069
3.0,12.5,-34.329978018866186
3.25,12.5,-34.104409279392705
3.5,12.5,-33.97792475053147
3.75,12.5,-34.01882403035208
4.0,12.5,-34.1485040611822
4.25,12.5,-34.15011059404718
4.5,12.5,-33.924110991011624
4.75,12.5,-33.67759764130251
5.0,12.5,-33.61575261338394
5.25,12.5,-33.641958818949576
5.5,12.5,-33.62967616409368
5.75,12.5,-33.720872866394956
6.0,12.5,-33.848545666559076
6.25,12.5,-33.74357922028346
6.5,12.5,-33.756238493101165
6.75,12.5,-34.085053143096616
7.0,12.5,-34.14252557565248
7.25,12.5,-34.071758398520984
7.5,12.5,-34.41057517532526
7.75,12.5,-34.59479246988166
8.0,12.5,-34.48153400992388
8.25,12.5,-34.82818062774703
8.5,12.5,-35.19796893064036
8.75,12.5,-35.55365771273172
9.0,12.5,-36.450315516645574
9.25,12.5,-37.18551914440108
9.5,12.5,-38.121373504122545
9.75,12.5,-39.59629245010104
10.0,12.5,-41.22520656903765
10.25,12.5,-42.41479856985974
10.5,12.5,-43.24219852402898
10.75,12.5,-43.67790358965863
11.0,12.5,-44.23686085249149
11.25,12.5,-44.45719900648402
11.5,12.5,-44.93276998578344
11.75,12.5,-44.941297661367294
12.0,12.5,-45.15754690139582
12.25,12.5,-45.10928983526775
12.5,12.5,-45.17015636626227
12.75,12.5,-45.14989909071645
13.0,12.5,-45.116712249826854
13.25,12.5,-45.160815195605075
13.5,12.5,-45.07225283367831
13.75,12.5,-45.27744338412183
14.0,12.5,-45.168399186013914
14.25,12.5,-45.3939765199602
14.5,12.5,-45.22787818168193
14.75,12.5,-45.45378201679054
15.0,12.5,-45.24824406733184
15.25,12.5,-45.832385316492605
15.5,12.5,-46.27678577922361
15.75,12.5,-47.21257072785679
17.25,12.5,-56.79020556937707
17.5,12.5,-57.25681686810652
17.75,12.5,-57.405603597215375
18.0,12.5,-57.41238998593845
18.25,12.5,-57.54695826745258
18.5,12.5,-57.652785949257314
18.75,12.5,-57.74244669082482
19.0,12.5,-57.843690454972375
19.25,12.5,-57.91154722391028
19.5,12.5,-57.98819738681689
19.75,12.5,-58.05499366132938
20.0,12.5,-58.10819082108764
20.25,12.5,-58.136348597755614
20.5,12.5,-58.16295281863789
20.75,12.5,-58.20251887980771
21.0,12.5,-58.20156644857593
21.25,12.5,-58.24051732733115
21.5,12.5,-58.32801134633837
21.75,12.5,-58.43146525405345
22.0,12.5,-58.55370107800639
22.25,12.5,-58.71748725858137
22.5,12.5,-58.89269720167894
22.75,12.5,-59.04340911766313
23.0,12.5,-59.205045984679224
1.0,12.75,-35.32387029139319
1.25,12.75,-35.121361366684006
1.5,12.75,-35.00559539881034
1.75,12.75,-34.959569262684596
2.0,12.75,-34.94630353519724
2.25,12.75,-34.912912373295995
2.5,12.75,-34.812546343939104
2.75,12.75,-34.64048088614884
3.0,12.75,-34.45388402365994
3.25,12.75,-34.344249977515275
3.5,12.75,-34.3693271841654
3.75,12.75,-34.479433734832845
4.0,12.75,-34.50641153744662
4.25,12.75,-34.32069716322983
4.5,12.75,-34.03215939306193
4.75,12.75,-33.873500752051
5.0,12.75,-33.907123754367184
5.25,12.75,-33.98677306123435
5.5,12.75,-34.02640340920414
5.75,12.75,-34.077830580095004
6.0,12.75,-34.077227476857075
6.25,12.75,-34.01866191227675
6.5,12.75,-34.15431253678005
6.75,12.75,-34.40781744753166
7.0,12.75,-34.37917433692873
7.25,12.75,-34.37457749574973
7.5,12.75,-34.72714211244774
7.75,12.75,-34.834840532347506
8.0,12.75,-34.76101163461334
8.25,12.75,-35.05361955390267
8.5,12.75,-35.27003344236468
8.75,12.75,-35.652640647609815
9.0,12.75,-36.362912994325576
9.25,12.75,-36.87920495764526
9.5,12.75,-37.48373390471423
9.75,12.75,-38.52272351297759
10.0,12.75,-39.963547422561014
10.25,12.75,-41.16846136016843
10.5,12.75,-42.33737828176924
10.75,12.75,-43.13454279092288
11.0,12.75,-44.15216902282605
11.25,12.75,-44.754269067474375
11.5,12.75,-45.27256159235377
11.75,12.75,-45.28684284650018
12.0,12.75,-45.335213999943946
12.25,12.75,-45.2318355283404
12.5,12.75,-45.222709451746866
12.75,12.75,-45.187151198632456
13.0,12.75,-45.1501903210371
13.25,12.75,-45.15022879094974
13.5,12.75,-45.07901004379177
13.75,12.75,-45.2162470444522
14.0,12.75,-45.14752433951489
14.25,12.75,-45.360121572042345
14.5,12.75,-45.24594393475187
14.75,12.75,-45.423286931375586
15.0,12.75,-45.20843824653375
15.25,12.75,-45.71931085658866
15.5,12.75,-46.16920400526897
15.75,12.75,-47.09353463374307
17.25,12.75,-56.69638885110156
17.5,12.75,-57.102810971547896
17.75,12.75,-57.20432152699439
18.0,12.75,-57.21413310269718
18.25,12.75,-57.374760418148874
18.5,12.75,-57.53712720045807
18.75,12.75,-57.631305736022654
19.0,12.75,-57.69800532343639
19.25,12.75,-57.73328324173364
19.5,12.75,-57.77830740942402
19.75,12.75,-57.8480230261103
20.0,12.75,-57.91209158942773
20.25,12.75,-57.947300215876716
20.5,12.75,-57.952156267189395
20.75,12.75,-57.98973885517481
21.0,12.75,-58.00056800535957
21.25,12.75,-57.99641170380429
21.5,12.75,-58.02699536032431
21.75,12.75,-58.0846721466468
22.0,12.75,-58.153757735693226
22.25,12.75,-58.24372266181565
22.5,12.75,-58.36202122371819
22.75,12.75,-58.47133872274668
23.0,12.75,-58.56648287394964
1.0,13.0,-35.23763358253643
1.25,13.0,-35.163692331421615
1.5,13.0,-35.14770407998065
1.75,13.0,-35.15561883644324
2.0,13.0,-35.143409858572035
2.25,13.0,-35.07476791462485
2.5,13.0,-34.94667548921138
2.75,13.0,-34.802268154402746
3.0,13.0,-34.71149640554037
3.25,13.0,-34.723173335797604
3.5,13.0,-34.8098896630111
3.75,13.0,-34.84664398677822
4.0,13.0,-34.698865776141496
4.25,13.0,-34.39771459981457
4.5,13.0,-34.151858736310594
4.75,13.0,-34.13150810723409
5.0,13.0,-34.28668008599774
5.25,13.0,-34.396479086305916
5.5,13.0,-34.36367848643131
5.75,13.0,-34.3081536939063
6.0,13.0,-34.29631854694543
6.25,13.0,-34.34398278158533
6.5,13.0,-34.528002940489955
6.75,13.0,-34.67207174718958
7.0,13.0,-34.59268048780417
7.25,13.0,-34.71398175196618
7.5,13.0,-35.055110402299775
7.75,13.0,-35.05956456136535
8.0,13.0,-35.10885250061786
8.25,13.0,-35.30598609453404
8.5,13.0,-35.30107942266781
8.75,13.0,-35.59705181190481
9.0,13.0,-36.100585316384894
9.25,13.0,-36.521807540613466
9.5,13.0,-36.98342638549973
9.75,13.0,-37.74031641980973
10.0,13.0,-38.87884855747335
10.25,13.0,-39.97012216578098
10.5,13.0,-41.17758691817346
10.75,13.0,-42.11709697995309
11.0,13.0,-43.06598881375896
11.25,13.0,-43.82752638149291
11.5,13.0,-44.55115416001174
11.75,13.0,-44.913816926565005
12.0,13.0,-45.16417724324228
12.25,13.0,-45.22359178026322
12.5,13.0,-45.32029258121406
12.75,13.0,-45.291697550454074
13.0,13.0,-45.3405208670818
13.25,13.0,-45.32503225111647
13.5,13.0,-45.32448334370517
13.75,13.0,-45.34073154716444
14.0,13.0,-45.34392206956842
14.25,13.0,-45.529846881257185
14.5,13.0,-45.47681215196831
14.75,13.0,-45.66306093079113
15.0,13.0,-45.48092821572216
15.25,13.0,-45.83626840083881
15.5,13.0,-46.270367853020254
15.75,13.0,-47.17000136744021
17.25,13.0,-56.93977726129174
17.5,13.0,-57.29179066665245
17.75,13.0,-57.36615275075276
18.0,13.0,-57.3853466681059
18.25,13.0,-57.52629269628286
18.5,13.0,-57.67035841814195
18.75,13.0,-57.76057666131954
19.0,13.0,-57.838815009464106
19.25,13.0,-57.919477109416675
19.5,13.0,-57.9740866762275
19.75,13.0,-58.01626643593308
20.0,13.0,-58.052985395897664
20.25,13.0,-58.08678401137432
20.5,13.0,-58.08003444168789
20.75,13.0,-58.10335436973091
21.0,13.0,-58.13826921940535
21.25,13.0,-58.121490701040614
21.5,13.0,-58.081045221442736
21.75,13.0,-58.04477726901019
22.0,13.0,-58.02126157842534
22.25,13.0,-58.01942401061288
22.5,13.0,-58.060554229020944
22.75,13.0,-58.12918973396809
23.0,13.0,-58.20352044706854
1.0,13.25,-35.319615588811295
1.25,13.25,-35.33693350608614
1.5,13.25,-35.37647307859031
1.75,13.25,-35.40086479785528
2.0,13.25,-35.378306811139886
2.25,13.25,-35.301341486319615
2.5,13.25,-35.197857526498204
2.75,13.25,-35.120024254499526
3.0,13.25,-35.11067398128756
3.25,13.25,-35.160256053682374
3.5,13.25,-35.18072696012845
3.75,13.25,-35.050614626928606
4.0,13.25,-34.753044350207894
4.25,13.25,-34.452830820567726
4.5,13.25,-34.36542134009474
4.75,13.25,-34.543933324984614
5.0,13.25,-34.766668364141196
5.25,13.25,-34.74644954199837
5.5,13.25,-34.565678051714485
5.75,13.25,-34.51015070149885
6.0,13.25,-34.60639485100228
6.25,13.25,-34.73218448580992
6.5,13.25,-34.84035603773941
6.75,13.25,-34.84606082803823
7.0,13.25,-34.868223254065484
7.25,13.25,-35.107099715876444
7.5,13.25,-35.24372132405015
7.75,13.25,-35.267699632238134
8.0,13.25,-35.488725227727784
8.25,13.25,-35.487120942555684
8.5,13.25,-35.38562304690297
8.75,13.25,-35.6567775834985
9.0,13.25,-36.09953631293464
9.25,13.25,-36.51602465567982
9.5,13.25,-36.891672648592944
9.75,13.25,-37.55023188711864
10.0,13.25,-38.45456128716955
10.25,13.25,-39.43075637614266
10.5,13.25,-40.34931763137213
10.75,13.25,-41.140942552487054
11.0,13.25,-42.012284727186405
11.25,13.25,-42.79208122455532
11.5,13.25,-43.75867642376225
11.75,13.25,-44.493391126690994
12.0,13.25,-45.12314406192285
12.25,13.25,-45.3595018487684
12.5,13.25,-45.65208864606313
12.75,13.25,-45.614274050206106
13.0,13.25,-45.77782643371411
13.25,13.25,-45.77776763465294
13.5,13.25,-45.85851090631842
13.75,13.25,-45.77086404988794
14.0,13.25,-45.786803175721936
14.25,13.25,-45.84372223142685
14.5,13.25,-45.82286142191712
14.75,13.25,-46.02926357803153
15.0,13.25,-45.947275470939786
15.25,13.25,-46.169987571116735
15.5,13.25,-46.562536364587
15.75,13.25,-47.43174923772665
17.25,13.25,-57.40479690599578
17.5,13.25,-57.70758569502093
17.75,13.25,-57.73118551894659
18.0,13.25,-57.71497587711843
18.25,13.25,-57.79923922836766
18.5,13.25,-57.931075570669385
18.75,13.25,-58.09443879137682
19.0,13.25,-58.24406356056903
19.25,13.25,-58.35777218212482
19.5,13.25,-58.40146464245596
19.75,13.25,-58.39507052903806
20.0,13.25,-58.39214791566317
20.25,13.25,-58.44667450672301
20.5,13.25,-58.4757547745609
20.75,13.25,-58.478354948879655
21.0,13.25,-58.498244939928064
21.25,13.25,-58.47351726643271
21.5,13.25,-58.38841951937149
21.75,13.25,-58.28098828695572
22.0,13.25,-58.18047643133677
22.25,13.25,-58.10297498434987
22.5,13.25,-58.07698107188663
22.75,13.25,-58.104603101975314
23.0,13.25,-58.16584578701621
1.0,13.5,-35.55772472631215
1.25,13.5,-35.643147707529195
1.5,13.5,-35.71738346534875
1.75,13.5,-35.74724851011534
2.0,13.5,-35.716900236598576
2.25,13.5,-35.64020300991728
2.5,13.5,-35.556973461174096
2.75,13.5,-35.508844835607434
3.0,13.5,-35.50330946568413
3.25,13.5,-35.48557079603552
3.5,13.5,-35.357936107981615
3.75,13.5,-35.08072234232212
4.0,13.5,-34.76996930443315
4.25,13.5,-34.63678213369553
4.5,13.5,-34.798015989129105
4.75,13.5,-35.098915659167396
5.0,13.5,-35.16447989848314
5.25,13.5,-34.91294569772374
5.5,13.5,-34.725668273689706
5.75,13.5,-34.82802011018867
6.0,13.5,-35.02679955272849
6.25,13.5,-35.090446930232375
6.5,13.5,-35.05542257608694
6.75,13.5,-35.08358010688638
7.0,13.5,-35.266425406004124
7.25,13.5,-35.392436162751444
7.5,13.5,-35.37413248273154
7.75,13.5,-35.55132450873368
8.0,13.5,-35.75441655483126
8.25,13.5,-35.69009411521031
8.5,13.5,-35.628505665090096
8.75,13.5,-35.82220419162451
9.0,13.5,-36.25328036262231
9.25,13.5,-36.69464825327656
9.5,13.5,-37.044250346173996
9.75,13.5,-37.64943390500141
10.0,13.5,-38.39637221487755
10.25,13.5,-39.211064176374386
10.5,13.5,-39.992578267731645
10.75,13.5,-40.77519204826645
11.0,13.5,-41.6242118187239
11.25,13.5,-42.310640987026495
11.5,13.5,-43.27314438074684
11.75,13.5,-44.01569116128989
12.0,13.5,-44.8648980284198
12.25,13.5,-45.25185651261889
12.5,13.5,-45.7751922220607
12.75,13.5,-45.86120760092779
13.0,13.5,-46.14204745409047
13.25,13.5,-46.11409871958469
13.5,13.5,-46.27529698301075
13.75,13.5,-46.170512298239174
14.0,13.5,-46.18595789859472
14.25,13.5,-46.120608856599084
14.5,13.5,-46.09698841270607
14.75,13.5,-46.259556799808394
15.0,13.5,-46.27500495209897
15.25,13.5,-46.503266267593986
15.5,13.5,-46.86519856541977
15.75,13.5,-47.71896933002927
17.25,13.5,-57.77366493531993
17.5,13.5,-58.02247503931951
17.75,13.5,-58.03827125632101
18.0,13.5,-58.033674641810286
18.25,13.5,-58.119826962987275
18.5,13.5,-58.255772452475725
18.75,13.5,-58.43371630394212
19.0,13.5,-58.5821543189317
19.25,13.5,-58.676883546602554
19.5,13.5,-58.74826540214511
19.75,13.5,-58.81003778835311
20.0,13.5,-58.84515262611898
20.25,13.5,-58.92142460798679
20.5,13.5,-58.989992516728755
20.75,13.5,-58.976389127104426
21.0,13.5,-58.95708165985874
21.25,13.5,-58.95062024923333
21.5,13.5,-58.91116734711367
21.75,13.5,-58.835412069957314
22.0,13.5,-58.741949196756266
22.25,13.5,-58.63421634520206
22.5,13.5,-58.54287945832685
22.75,13.5,-58.49767961298052
23.0,13.5,-58.49569877786527
1.0,13.75,-35.970911214667595
1.25,13.75,-36.0973125859661
1.5,13.75,-36.17250249220028
1.75,13.75,-36.171211741638224
2.0,13.75,-36.09693595674939
2.25,13.75,-35.98401581553014
2.5,13.75,-35.87872683192687
2.75,13.75,-35.80641202565857
3.0,13.75,-35.742390633159815
3.25,13.75,-35.61605662710909
3.5,13.75,-35.37948328024951
3.75,13.75,-35.10043993581737
4.0,13.75,-34.95299472891142
4.25,13.75,-35.074312604987995
4.5,13.75,-35.38434291982787
4.75,13.75,-35.53456527775963
5.0,13.75,-35.30345803742192
5.25,13.75,-35.00133084107402
5.5,13.75,-35.006328959653416
5.75,13.75,-35.261024775018036
6.0,13.75,-35.40722061302834
6.25,13.75,-35.32435651384022
6.5,13.75,-35.25923592321719
6.75,13.75,-35.409348397761164
7.0,13.75,-35.60640055543871
7.25,13.75,-35.579935230737966
7.5,13.75,-35.57248603707648
7.75,13.75,-35.769602970364666
8.0,13.75,-35.96145075905993
8.25,13.75,-35.99707588850664
8.5,13.75,-35.92568253008182
8.75,13.75,-36.12313660207057
9.0,13.75,-36.62662781367027
9.25,13.75,-37.06873076234562
9.5,13.75,-37.404563739756185
9.75,13.75,-37.88900092730242
10.0,13.75,-38.449616664456244
10.25,13.75,-39.37790690578877
10.5,13.75,-40.09450514514456
10.75,13.75,-40.85202702848315
11.0,13.75,-41.53652548478672
11.25,13.75,-41.98598867097971
11.5,13.75,-42.74618225261041
11.75,13.75,-43.30318013909854
12.0,13.75,-44.165958425378776
12.25,13.75,-44.634376937858974
12.5,13.75,-45.290776095211484
12.75,13.75,-45.57009505968507
13.0,13.75,-45.960379233034686
13.25,13.75,-45.94442006299878
13.5,13.75,-46.16254262638921
13.75,13.75,-46.11764169342532
14.0,13.75,-46.18880639928581
14.25,13.75,-46.14084414305011
14.5,13.75,-46.09531513709981
14.75,13.75,-46.20355023734226
15.0,13.75,-46.20227204514688
15.25,13.75,-46.52231415791492
15.5,13.75,-46.905208156764886
15.75,13.75,-47.76730267965432
17.25,13.75,-57.78385307179924
17.5,13.75,-58.06972457620412
17.75,13.75,-58.15027936041008
18.0,13.75,-58.1834940512737
18.25,13.75,-58.275155718636285
18.5,13.75,-58.34977955104734
18.75,13.75,-58.437264166377865
19.0,13.75,-58.572718857304096
19.25,13.75,-58.74534791161498
19.5,13.75,-58.945356008111666
19.75,13.75,-59.16009451348893
20.0,13.75,-59.281969343365255
20.25,13.75,-59.351262455382766
20.5,13.75,-59.4427648066597
20.75,13.75,-59.48857361219933
21.0,13.75,-59.500710263765804
21.25,13.75,-59.548139972352054
21.5,13.75,-59.60972868645754
21.75,13.75,-59.63612932344083
22.0,13.75,-59.61915060323051
22.25,13.75,-59.53529415046218
22.5,13.75,-59.38853597102405
22.75,13.75,-59.23450209955982
23.0,13.75,-59.10854971624402
1.0,14.0,-36.54018862712582
1.25,14.0,-36.64463641957854
1.5,14.0,-36.64778609274855
1.75,14.0,-36.548014513593124
2.0,14.0,-36.38176713170628
2.25,14.0,-36.20553994386625
2.5,14.0,-36.06276544800901
2.75,14.0,-35.95426015027017
3.0,14.0,-35.833610016985936
3.25,14.0,-35.650598637964194
3.5,14.0,-35.428826968304016
3.75,14.0,-35.2895485006298
4.0,14.0,-35.3603120932436
4.25,14.0,-35.621474893650586
4.5,14.0,-35.815799004619755
4.75,14.0,-35.67440751907867
5.0,14.0,-35.34583798715171
5.25,14.0,-35.217123573711916
5.5,14.0,-35.402600083864385
5.75,14.0,-35.641958990953285
6.0,14.0,-35.645708178598504
6.25,14.0,-35.49253883806242
6.5,14.0,-35.48338139638653
6.75,14.0,-35.70327600290392
7.0,14.0,-35.84468293712634
7.25,14.0,-35.748123813090885
7.5,14.0,-35.73125571153196
7.75,14.0,-35.917283948622185
8.0,14.0,-36.20163231083942
8.25,14.0,-36.25751922646037
8.5,14.0,-36.24417021621272
8.75,14.0,-36.585143119929185
10.25,14.0,-39.85674286715171
10.5,14.0,-40.45244483794509
10.75,14.0,-40.99601532824263
11.0,14.0,-41.473546935344736
11.25,14.0,-41.72086781127517
11.5,14.0,-42.240903680653126
11.75,14.0,-42.62597112509694
12.0,14.0,-43.381390399970236
12.25,14.0,-43.80751003576591
12.5,14.0,-44.475473023224986
12.75,14.0,-44.82062288359694
13.0,14.0,-45.2891111766283
13.25,14.0,-45.38509730012717
13.5,14.0,-45.63288752277969
13.75,14.0,-45.694110633967135
14.0,14.0,-45.80510249435743
14.25,14.0,-45.8461565436704
14.5,14.0,-45.80392842284179
14.75,14.0,-45.88296252821861
15.0,14.0,-45.789154838906605
15.25,14.0,-46.199299819496616
15.5,14.0,-46.62227806590263
15.75,14.0,-47.510530055637986
17.25,14.0,-57.49622108581959
17.5,14.0,-57.83984229095934
17.75,14.0,-57.92851132331363
18.0,14.0,-57.95593671827747
18.25,14.0,-58.05391692790576
18.5,14.0,-58.13466205989375
18.75,14.0,-58.243682532333516
19.0,14.0,-58.439129119200636
19.25,14.0,-58.698761522245476
19.5,14.0,-58.94749121403329
19.75,14.0,-59.20850818836324
20.0,14.0,-59.412080210952176
20.25,14.0,-59.52665462820703
20.5,14.0,-59.666546799803406
20.75,14.0,-59.83386915933905
21.0,14.0,-59.96469159455587
21.25,14.0,-60.08287785691857
21.5,14.0,-60.20684543833288
21.75,14.0,-60.289424765992536
22.0,14.0,-60.32695370497696
22.25,14.0,-60.307650699506546
22.5,14.0,-60.186677348015024
22.75,14.0,-59.98898557142027
23.0,14.0,-59.77071050114106
1.0,14.25,-37.14026523267945
1.25,14.25,-37.11898211755282
1.5,14.25,-36.96610743062188
1.75,14.25,-36.72829922918737
2.0,14.25,-36.47649649202616
2.25,14.25,-36.27026532502154
2.5,14.25,-36.12881450951565
2.75,14.25,-36.02245249691697
3.0,14.25,-35.89875902502741
3.25,14.25,-35.74372428947387
3.5,14.25,-35.62453720074259
3.75,14.25,-35.64518499300951
4.0,14.25,-35.8288966796127
4.25,14.25,-36.021276109789525
4.5,14.25,-35.982438843461196
4.75,14.25,-35.70863693233027
5.0,14.25,-35.48339764045506
5.25,14.25,-35.52088127123605
5.5,14.25,-35.752582360634115
5.75,14.25,-35.912798500341125
6.0,14.25,-35.82470784218308
6.25,14.25,-35.643675025894524
6.5,14.25,-35.68778387112229
6.75,14.25,-35.96126099114513
7.0,14.25,-36.05126822218619
7.25,14.25,-35.89145305186816
7.5,14.25,-35.88617742227923
7.75,14.25,-36.112163222734914
8.0,14.25,-36.39725785325558
8.25,14.25,-36.499117636337765
8.5,14.25,-36.67431084719212
8.75,14.25,-37.08208222790777
10.25,14.25,-40.21904881193967
10.5,14.25,-40.78319726990627
10.75,14.25,-41.25925670003524
11.0,14.25,-41.549064614895926
11.25,14.25,-41.667517194049765
11.5,14.25,-41.956028636768636
11.75,14.25,-42.19791500716301
12.0,14.25,-42.78990238163285
12.25,14.25,-43.119094241685644
12.5,14.25,-43.75054520657331
12.75,14.25,-44.076740251631094
13.0,14.25,-44.58633696570425
13.25,14.25,-44.77397653240178
13.5,14.25,-45.04748626936967
13.75,14.25,-45.19476858862846
14.0,14.25,-45.306262042590326
14.25,14.25,-45.434462043635186
14.5,14.25,-45.41725781400167
14.75,14.25,-45.49254358280101
15.0,14.25,-45.32954902440572
15.25,14.25,-45.78669969887243
15.5,14.25,-46.211125298976974
15.75,14.25,-47.128859527011706
17.25,14.25,-57.016965579412584
17.5,14.25,-57.35739790648434
17.75,14.25,-57.4441462990786
18.0,14.25,-57.485368376420396
18.25,14.25,-57.66032674035172
18.5,14.25,-57.839802646038876
18.75,14.25,-58.005092371272326
19.0,14.25,-58.16949254238562
19.25,14.25,-58.36779600194174
19.5,14.25,-58.552565807354114
19.75,14.25,-58.77433365176768
20.0,14.25,-59.044904546804716
20.25,14.25,-59.27455693335338
20.5,14.25,-59.4864017363712
20.75,14.25,-59.72330213139651
21.0,14.25,-59.931298881370324
21.25,14.25,-60.08971644222904
21.5,14.25,-60.24386558407678
21.75,14.25,-60.366103981356105
22.0,14.25,-60.44324301655006
22.25,14.25,-60.51196440888393
22.5,14.25,-60.53337846973434
22.75,14.25,-60.46317563807727
23.0,14.25,-60.31203827679215
1.0,14.5,-37.53624143301208
1.25,14.5,-37.311021359228384
1.5,14.5,-36.99801306163837
1.75,14.5,-36.6823258857408
2.0,14.5,-36.433415804225135
2.25,14.5,-36.279240295934436
2.5,14.5,-36.19772132319942
2.75,14.5,-36.1326865614649
3.0,14.5,-36.04156070016442
3.25,14.5,-35.946667750534615
3.5,14.5,-35.926306840889914
3.75,14.5,-36.03033498864659
4.0,14.5,-36.1878460971904
4.25,14.5,-36.22042113203679
4.5,14.5,-36.0372468468665
4.75,14.5,-35.784889308726314
5.0,14.5,-35.68608015841286
5.25,14.5,-35.82030241933816
5.5,14.5,-36.06293687957197
5.75,14.5,-36.14811433369036
6.0,14.5,-35.9498837818109
6.25,14.5,-35.76046652774647
6.5,14.5,-35.9246337730709
6.75,14.5,-36.24777511584885
7.0,14.5,-36.22273877838583
7.25,14.5,-36.034969719265966
7.5,14.5,-36.10459963842766
7.75,14.5,-36.29865872442587
8.0,14.5,-36.514659276831416
8.25,14.5,-36.753005987294976
8.5,14.5,-37.047828558826424
8.75,14.5,-37.53389992579097
10.25,14.5,-41.368003354828566
10.5,14.5,-41.73797075144678
10.75,14.5,-41.89847533581741
11.0,14.5,-41.98402758986277
11.25,14.5,-41.905777948695395
11.5,14.5,-41.98630697468524
11.75,14.5,-42.093928437542615
12.0,14.5,-42.51353958136609
12.25,14.5,-42.748426775878045
12.5,14.5,-43.29625414093924
12.75,14.5,-43.56874064369422
13.0,14.5,-44.08242953035575
13.25,14.5,-44.3042435167862
13.5,14.5,-44.618612573558075
13.75,14.5,-44.789485659011376
14.0,14.5,-44.92391918587017
14.25,14.5,-45.1170785101685
14.5,14.5,-45.103269952705
14.75,14.5,-45.23806528887988
15.0,14.5,-45.0411992307729
15.25,14.5,-45.47966526900339
15.5,14.5,-45.8797493178566
15.75,14.5,-46.7973324875196
17.25,14.5,-56.51474385653253
17.5,14.5,-56.873102373922464
17.75,14.5,-56.9830896372882
18.0,14.5,-57.02596635226685
18.25,14.5,-57.21012035230568
18.5,14.5,-57.37973286040586
18.75,14.5,-57.508534387931945
19.0,14.5,-57.59778203413549
19.25,14.5,-57.72897874815129
19.5,14.5,-57.89147707284602
19.75,14.5,-58.09005260526402
20.0,14.5,-58.36555706193966
20.25,14.5,-58.64627380549383
20.5,14.5,-58.88372713451429
20.75,14.5,-59.12430088173866
21.0,14.5,-59.36734785365477
21.25,14.5,-59.566571160042194
21.5,14.5,-59.7624345669821
21.75,14.5,-59.96877302223577
22.0,14.5,-60.138299596388165
22.25,14.5,-60.30083297221517
22.5,14.5,-60.475210521133704
22.75,14.5,-60.611335962731296
23.0,14.5,-60.66467240366024
1.0,14.75,-37.56883094999756
1.25,14.75,-37.194729731558425
1.5,14.75,-36.83900934687124
1.75,14.75,-36.57200577849839
2.0,14.75,-36.42151598062793
2.25,14.75,-36.366588020120325
2.5,14.75,-36.34830339454578
2.75,14.75,-36.30753386197788
3.0,14.75,-36.23662558092685
3.25,14.75,-36.19153999391282
3.5,14.75,-36.23339432508122
3.75,14.75,-36.3455207083055
4.0,14.75,-36.41044314784905
4.25,14.75,-36.31394582722145
4.5,14.75,-36.09431723776421
4.75,14.75,-35.92008174700305
5.0,14.75,-35.93298413165308
5.25,14.75,-36.14143331884425
5.5,14.75,-36.36326715042887
5.75,14.75,-36.312407140567586
6.0,14.75,-36.02398882267077
6.25,14.75,-35.937528631453304
6.5,14.75,-36.241323259984526
6.75,14.75,-36.48752875885077
7.0,14.75,-36.337674126931645
7.25,14.75,-36.22844227096663
7.5,14.75,-36.341146018640316
7.75,14.75,-36.41543806351359
8.0,14.75,-36.57757965461373
8.25,14.75,-36.90205490251572
8.5,14.75,-37.240778621700834
8.75,14.75,-37.97596850077363
10.25,14.75,-43.63778427866456
10.5,14.75,-43.29943833580701
10.75,14.75,-42.99179223117855
11.0,14.75,-42.81411883282238
11.25,14.75,-42.453245580926186
11.5,14.75,-42.34440270560687
11.75,14.75,-42.27895574326165
12.0,14.75,-42.51985154667832
12.25,14.75,-42.63140275589621
12.5,14.75,-43.06514299199076
12.75,14.75,-43.25708823102766
13.0,14.75,-43.75848702350372
13.25,14.75,-44.010403058318
13.5,14.75,-44.36780151008604
13.75,14.75,-44.54243832876741
14.0,14.75,-44.707532477145364
14.25,14.75,-44.91492079627789
14.5,14.75,-44.89830448419798
14.75,14.75,-45.13247594341565
15.0,14.75,-44.92713724712236
15.25,14.75,-45.32308671638502
15.5,14.75,-45.69547208958498
15.75,14.75,-46.58047320422051
17.25,14.75,-56.19207607872475
17.5,14.75,-56.5384824349717
17.75,14.75,-56.597066468258966
18.0,14.75,-56.55895980328377
18.25,14.75,-56.64784235230874
18.5,14.75,-56.756282667938365
18.75,14.75,-56.89020025095089
19.0,14.75,-57.00829266668967
19.25,14.75,-57.14257411833745
19.5,14.75,-57.298262870006596
19.75,14.75,-57.4510880069431
20.0,14.75,-57.657139695964005
20.25,14.75,-57.91705475284353
20.5,14.75,-58.16554075145121
20.75,14.75,-58.40659093681826
21.0,14.75,-58.678978513389836
21.25,14.75,-58.943195176545224
21.5,14.75,-59.19146411646122
21.75,14.75,-59.46626937666059
22.0,14.75,-59.73039809240891
22.25,14.75,-59.96379400232934
22.5,14.75,-60.207520576106496
22.75,14.75,-60.46241410853416
23.0,14.75,-60.69241039244317
1.0,15.0,-37.34771160615962
1.25,15.0,-36.97361549463011
1.5,15.0,-36.70367366405912
1.75,15.0,-36.5607478601763
2.0,15.0,-36.52326425549568
2.25,15.0,-36.53385273432181
2.5,15.0,-36.52935659512009
2.75,15.0,-36.48624343725371
3.0,15.0,-36.44050634826635
3.25,15.0,-36.44886118059854
3.5,15.0,-36.52050433681999
3.75,15.0,-36.58455022330997
4.0,15.0,-36.542885542482374
4.25,15.0,-36.37885001487977
4.5,15.0,-36.19077218150548
4.75,15.0,-36.11275622610596
5.0,15.0,-36.225605330512856
5.25,15.0,-36.47371408690405
5.5,15.0,-36.60172759181556
5.75,15.0,-36.39799748015173
6.0,15.0,-36.12243062750589
6.25,15.0,-36.19460085367763
6.5,15.0,-36.53849018096548
6.75,15.0,-36.63509756161148
7.0,15.0,-36.4649526861757
7.25,15.0,-36.449040451111365
7.5,15.0,-36.51610248022349
7.75,15.0,-36.498087068105896
8.0,15.0,-36.63380041572505
8.25,15.0,-36.921278471419264
8.5,15.0,-37.391673903313574
8.75,15.0,-38.21711840132103
10.25,15.0,-45.61640685890529
10.5,15.0,-44.8501564862747
10.75,15.0,-44.46900966873538
11.0,15.0,-43.86464818466919
11.25,15.0,-43.27667197990661
11.5,15.0,-42.94299502374547
11.75,15.0,-42.65344815888567
12.0,15.0,-42.70424724968444
12.25,15.0,-42.65990442736884
12.5,15.0,-42.99337437700175
12.75,15.0,-43.08810925790267
13.0,15.0,-43.560166904555224
13.25,15.0,-43.81095306353616
13.5,15.0,-44.20096704622289
13.75,15.0,-44.40204742565223
14.0,15.0,-44.58541129189008
14.25,15.0,-44.78951186174476
14.5,15.0,-44.784104203757806
14.75,15.0,-45.08941651188426
15.0,15.0,-44.92622482762936
15.25,15.0,-45.296610821856696
15.5,15.0,-45.65275829643974
15.75,15.0,-46.515438413137375
17.25,15.0,-56.017906949517425
17.5,15.0,-56.28907657055788
17.75,15.0,-56.2710955231189
18.0,15.0,-56.17898457616127
18.25,15.0,-56.22485486272136
18.5,15.0,-56.326004610504214
18.75,15.0,-56.47705138225177
19.0,15.0,-56.60932633312366
19.25,15.0,-56.717604905612305
19.5,15.0,-56.842738041976816
19.75,15.0,-56.96135897017677
20.0,15.0,-57.101828161386585
20.25,15.0,-57.31372420879925
20.5,15.0,-57.56339390990101
20.75,15.0,-57.80755252955737
21.0,15.0,-58.07491376012539
21.25,15.0,-58.36020779153003
21.5,15.0,-58.62635656972351
21.75,15.0,-58.90704660509505
22.0,15.0,-59.2061802841432
22.25,15.0,-59.48033667186677
22.5,15.0,-59.739587744141204
22.75,15.0,-60.012071525287325
23.0,15.0,-60.3018798474001
1.0,15.25,-37.10037970641184
1.25,15.25,-36.832175051200736
1.5,15.25,-36.69330897128131
1.75,15.25,-36.66326554795625
2.0,15.25,-36.69109591414872
2.25,15.25,-36.71810861647407
2.5,15.25,-36.712834507021896
2.75,15.25,-36.690660004871766
3.0,15.25,-36.69111468358815
3.25,15.25,-36.7288364303063
3.5,15.25,-36.76565470692125
3.75,15.25,-36.73779565028163
4.0,15.25,-36.6204616910724
4.25,15.25,-36.46002730805583
4.5,15.25,-36.34625702240898
4.75,15.25,-36.368600010759316
5.0,15.25,-36.55519087402487
5.25,15.25,-36.76834219699332
5.5,15.25,-36.734181592719494
5.75,15.25,-36.44183663867246
6.0,15.25,-36.28003334241794
6.25,15.25,-36.48268296784315
6.5,15.25,-36.76071290372951
6.75,15.25,-36.73565047297437
7.0,15.25,-36.60865213870386
7.25,15.25,-36.642010287017705
7.5,15.25,-36.66619382591852
7.75,15.25,-36.60588021920312
8.0,15.25,-36.672860060940025
8.25,15.25,-36.88394158130786
8.5,15.25,-37.437370793751626
8.75,15.25,-38.38988176024701
10.25,15.25,-47.283463438144324
10.5,15.25,-46.38743590315916
10.75,15.25,-45.99637020867733
11.0,15.25,-44.96838135555409
11.25,15.25,-44.261332053909356
11.5,15.25,-43.70017210322044
11.75,15.25,-43.19716940249297
12.0,15.25,-43.05364938575627
12.25,15.25,-42.87786575797361
12.5,15.25,-43.080279482884265
12.75,15.25,-43.07406646145427
13.0,15.25,-43.47590710105516
13.25,15.25,-43.63391066734384
13.5,15.25,-44.06987884787169
13.75,15.25,-44.27764877772273
14.0,15.25,-44.502534704152275
14.25,15.25,-44.734247986149754
14.5,15.25,-44.7487443432241
14.75,15.25,-45.094155865281024
15.0,15.25,-45.0134268073657
15.25,15.25,-45.39138063338905
15.5,15.25,-45.74669920229252
15.75,15.25,-46.617470003449185
17.25,15.25,-55.9685972648133
17.5,15.25,-56.21013338103678
17.75,15.25,-56.19111801038022
18.0,15.25,-56.108802684513364
18.25,15.25,-56.138893483916064
18.5,15.25,-56.17225419677143
18.75,15.25,-56.2402475143429
19.0,15.25,-56.3293300763597
19.25,15.25,-56.40924041420462
19.5,15.25,-56.51440638095796
19.75,15.25,-56.62638998487811
20.0,15.25,-56.724456963688326
20.25,15.25,-56.85910653915377
20.5,15.25,-57.04896983774033
20.75,15.25,-57.24946980804373
21.0,15.25,-57.463246899087466
21.25,15.25,-57.71026473429657
21.5,15.25,-57.953607329446825
21.75,15.25,-58.19692860181938
22.0,15.25,-58.4710740487244
22.25,15.25,-58.751334719123314
22.5,15.25,-59.01721933120389
22.75,15.25,-59.28230646066642
23.0,15.25,-59.56665978774633
1.0,15.5,-36.955696057354324
1.25,15.5,-36.81825061007666
1.5,15.5,-36.79179683295681
1.75,15.5,-36.83419377231645
2.0,15.5,-36.89394130211647
2.25,15.5,-36.934214224351074
2.5,15.5,-36.94951877708933
2.75,15.5,-36.95644866074346
3.0,15.5,-36.96485135932649
3.25,15.5,-36.95975692169567
3.5,15.5,-36.914981500173255
3.75,15.5,-36.8230557629964
4.0,15.5,-36.70602451474336
4.25,15.5,-36.60523575167958
4.5,15.5,-36.57677753636158
4.75,15.5,-36.67306715933143
5.0,15.5,-36.861991424560955
5.25,15.5,-36.95502132250937
5.5,15.5,-36.78748253480628
5.75,15.5,-36.531034347630595
6.0,15.5,-36.50674542906839
6.25,15.5,-36.7375911776518
6.5,15.5,-36.904321755083934
6.75,15.5,-36.83650713617689
7.0,15.5,-36.76322782766954
7.25,15.5,-36.82077906649527
7.5,15.5,-36.83025281413912
7.75,15.5,-36.709140144369194
8.0,15.5,-36.68206713008003
8.25,15.5,-36.87722155944107
8.5,15.5,-37.460255374465284
8.75,15.5,-38.37841082215056
10.25,15.5,-48.51063123433117
10.5,15.5,-47.93813120623446
10.75,15.5,-47.247152405807086
11.0,15.5,-46.0106185871461
11.25,15.5,-45.30512751496846
11.5,15.5,-44.569495443705016
11.75,15.5,-43.90051223169168
12.0,15.5,-43.565872971571466
12.25,15.5,-43.268828612080085
12.5,15.5,-43.27188440416306
12.75,15.5,-43.18344744141642
13.0,15.5,-43.46992020267163
13.25,15.5,-43.49731454146091
13.5,15.5,-43.97531940741107
13.75,15.5,-44.148649499217086
14.0,15.5,-44.46804741755032
14.25,15.5,-44.72913051982667
14.5,15.5,-44.79572956986963
14.75,15.5,-45.147911919150545
15.0,15.5,-45.127064610149496
15.25,15.5,-45.57221576307903
15.5,15.5,-45.966169071054004
15.75,15.5,-46.869391166349594
17.25,15.5,-56.127750248284364
17.5,15.5,-56.359597908126304
17.75,15.5,-56.32745548545585
18.0,15.5,-56.2216639175636
18.25,15.5,-56.17770001626954
18.5,15.5,-56.11589114210524
18.75,15.5,-56.100408288980645
19.0,15.5,-56.15462931361207
19.25,15.5,-56.216819385989865
19.5,15.5,-56.2846005918542
19.75,15.5,-56.362292756932916
20.0,15.5,-56.410472986795185
20.25,15.5,-56.452082886161314
20.5,15.5,-56.54597553513114
20.75,15.5,-56.67639759551172
21.0,15.5,-56.82039815076762
21.25,15.5,-57.004593041419554
21.5,15.5,-57.21239359860044
21.75,15.5,-57.41802077480464
22.0,15.5,-57.64649987548233
22.25,15.5,-57.90151121208271
22.5,15.5,-58.1596550328215
22.75,15.5,-58.41395725586655
23.0,15.5,-58.67317217180815
1.0,15.75,-36.938568402979236
1.25,15.75,-36.915808813991724
1.5,15.75,-36.97269604479776
1.75,15.75,-37.064339509155914
2.0,15.75,-37.14988501559661
2.25,15.75,-37.20592321624988
2.5,15.75,-37.22707755160987
2.75,15.75,-37.214402530019626
3.0,15.75,-37.16738606285419
3.25,15.75,-37.090124931884475
3.5,15.75,-36.99927771409701
3.75,15.75,-36.91579703440734
4.0,15.75,-36.85116590318878
4.25,15.75,-36.81665380799843
4.5,15.75,-36.84339972271039
4.75,15.75,-36.9531921516417
5.0,15.75,-37.07630196081673
5.25,15.75,-37.05581448712865
5.5,15.75,-36.85507333518301
5.75,15.75,-36.676416617509524
6.0,15.75,-36.720359121827066
6.25,15.75,-36.92959914045234
6.5,15.75,-37.039005051239116
6.75,15.75,-36.94962811035007
7.0,15.75,-36.89110321360487
7.25,15.75,-36.99610451190481
7.5,15.75,-37.00874834578777
7.75,15.75,-36.782072672624075
8.0,15.75,-36.670083019449436
8.25,15.75,-36.87587388473129
8.5,15.75,-37.48619570313108
8.75,15.75,-38.30054247012632
10.25,15.75,-49.33366940866857
10.5,15.75,-49.02189055394394
10.75,15.75,-48.307309261636334
11.0,15.75,-47.100169068808796
11.25,15.75,-46.48820605192589
11.5,15.75,-45.46543273906345
11.75,15.75,-44.70231794486722
12.0,15.75,-44.202395435071566
12.25,15.75,-43.749472749718414
12.5,15.75,-43.57344701987028
12.75,15.75,-43.40261327627812
13.0,15.75,-43.54356492954562
13.25,15.75,-43.47080065827519
13.5,15.75,-43.912242241218834
13.75,15.75,-44.040958435755506
14.0,15.75,-44.4454735636408
14.25,15.75,-44.71121336557688
14.5,15.75,-44.88572518223286
14.75,15.75,-45.18281375028387
15.0,15.75,-45.20925158259623
15.25,15.75,-45.757746849474195
15.5,15.75,-46.19097644841476
15.75,15.75,-47.15595228756258
17.25,15.75,-56.39881198728429
17.5,15.75,-56.572940360268916
17.75,15.75,-56.48562301825342
18.0,15.75,-56.327101481459714
18.25,15.75,-56.25825573071681
18.5,15.75,-56.194748845120955
18.75,15.75,-56.13625157405079
19.0,15.75,-56.11935721838059
19.25,15.75,-56.11249517648495
19.5,15.75,-56.101376624375575
19.75,15.75,-56.12042888867586
20.0,15.75,-56.14426267059017
20.25,15.75,-56.14069464091091
20.5,15.75,-56.15907840589915
20.75,15.75,-56.22764438642492
21.0,15.75,-56.315509997818936
21.25,15.75,-56.43224824491881
21.5,15.75,-56.58840821059051
21.75,15.75,-56.75405787140019
22.0,15.75,-56.93069084163521
22.25,15.75,-57.135884209230554
22.5,15.75,-57.360063455829675
22.75,15.75,-57.589006127793894
23.0,15.75,-57.81505910437808
1.0,16.0,-37.03658716430754
1.25,16.0,-37.106460610096654
1.5,16.0,-37.2258712250298
1.75,16.0,-37.352105579475605
2.0,16.0,-37.44905545085004
2.25,16.0,-37.49302830203422
2.5,16.0,-37.473250211535294
2.75,16.0,-37.393351925000935
3.0,16.0,-37.276380902696125
3.25,16.0,-37.16223213240635
3.5,16.0,-37.08710028353913
3.75,16.0,-37.05782715226759
4.0,16.0,-37.052019682110185
4.25,16.0,-37.05507431991634
4.5,16.0,-37.087536822809795
4.75,16.0,-37.16272787298476
5.0,16.0,-37.21496576937282
5.25,16.0,-37.135620287583635
5.5,16.0,-36.94138610323494
5.75,16.0,-36.81755499859647
6.0,16.0,-36.91165247733735
6.25,16.0,-37.12311387034342
6.5,16.0,-37.16715122038359
6.75,16.0,-37.021060222160244
7.0,16.0,-37.016509451278964
7.25,16.0,-37.211420679798735
7.5,16.0,-37.164498158303026
7.75,16.0,-36.802754270110796
8.0,16.0,-36.65918130999049
8.25,16.0,-36.90909224759469
8.5,16.0,-37.50992488156118
8.75,16.0,-38.257947466522765
10.25,16.0,-49.69160760936559
10.5,16.0,-49.612883944035325
10.75,16.0,-49.12596826559011
11.0,16.0,-48.17849798506036
11.25,16.0,-47.67216173989776
11.5,16.0,-46.369311558697234
11.75,16.0,-45.64871686206108
12.0,16.0,-44.9978171386464
12.25,16.0,-44.3991341837462
12.5,16.0,-44.078235928981556
12.75,16.0,-43.78849270525698
13.0,16.0,-43.77369651240073
13.25,16.0,-43.60523538518506
13.5,16.0,-43.91885247038147
13.75,16.0,-43.97290739258711
14.0,16.0,-44.378263565996356
14.25,16.0,-44.62973380096928
14.5,16.0,-44.91295801081243
14.75,16.0,-45.143480490736
15.0,16.0,-45.24878172925736
15.25,16.0,-45.826062971351746
15.5,16.0,-46.31427321287071
15.75,16.0,-47.35857025718579
17.25,16.0,-56.68155196342714
17.5,16.0,-56.799143239735734
17.75,16.0,-56.69563146258149
18.0,16.0,-56.54496197601244
18.25,16.0,-56.510124852621956
18.5,16.0,-56.451472008002085
18.75,16.0,-56.332604797444326
19.0,16.0,-56.222016691762036
19.25,16.0,-56.15205184612955
19.5,16.0,-56.09361305116902
19.75,16.0,-56.066782809546034
20.0,16.0,-56.080690041052144
20.25,16.0,-56.07855150817605
20.5,16.0,-56.053901291151476
20.75,16.0,-56.05768392997546
21.0,16.0,-56.08664679813974
21.25,16.0,-56.13093852182895
21.5,16.0,-56.21120132464313
21.75,16.0,-56.31603492511602
22.0,16.0,-56.430161463085575
22.25,16.0,-56.56659399023424
22.5,16.0,-56.7297951603726
22.75,16.0,-56.91099200045529
23.0,16.0,-57.09741829617311
1.0,16.25,-37.233958091472836
1.25,16.25,-37.37763771580292
1.5,16.25,-37.54140981005737
1.75,16.25,-37.681248755684436
2.0,16.25,-37.757985302943965
2.25,16.25,-37.7453303768753
2.5,16.25,-37.641592976154115
2.75,16.25,-37.48006762016327
3.0,16.25,-37.32285908973431
3.25,16.25,-37.23062447898202
3.5,16.25,-37.223509151708654
3.75,16.25,-37.26356107167794
4.0,16.25,-37.28734431895477
4.25,16.25,-37.2754848943465
4.5,16.25,-37.27275636095926
4.75,16.25,-37.3091770506024
5.0,16.25,-37.32100175987624
5.25,16.25,-37.21351728647931
5.5,16.25,-37.031914239384406
5.75,16.25,-36.966600759457215
6.0,16.25,-37.12021271886675
6.25,16.25,-37.30955542745668
6.5,16.25,-37.253480824796696
6.75,16.25,-37.088355257033086
7.0,16.25,-37.185086632491476
7.25,16.25,-37.42723549290342
7.5,16.25,-37.27277765929645
7.75,16.25,-36.82174755267032
8.0,16.25,-36.6697590023018
8.25,16.25,-36.93988007382842
8.5,16.25,-37.51052274638707
8.75,16.25,-38.182399892554066
10.25,16.25,-49.81715985169728
10.5,16.25,-49.892461212122335
10.75,16.25,-49.671258806884396
11.0,16.25,-49.19679850191174
11.25,16.25,-48.73102004319672
11.5,16.25,-47.456852764117116
11.75,16.25,-46.80318479829464
12.0,16.25,-45.912839383949375
12.25,16.25,-45.229914934373966
12.5,16.25,-44.740211212148026
12.75,16.25,-44.33743638995428
13.0,16.25,-44.165366736612825
13.25,16.25,-43.904853552977045
13.5,16.25,-44.04868567484991
13.75,16.25,-43.98357113588545
14.0,16.25,-44.329254150672014
14.25,16.25,-44.496136323599686
14.5,16.25,-44.84224901007486
14.75,16.25,-45.05485763162005
15.0,16.25,-45.227087634367685
15.25,16.25,-45.777510282586036
15.5,16.25,-46.339679488887185
15.75,16.25,-47.41356317944862
17.25,16.25,-57.03114188487109
17.5,16.25,-57.18873925353083
17.75,16.25,-57.11413712043412
18.0,16.25,-56.97289750209695
18.25,16.25,-56.8891686883392
18.5,16.25,-56.80376579704951
18.75,16.25,-56.69196464221932
19.0,16.25,-56.572310402484234
19.25,16.25,-56.4901855222445
19.5,16.25,-56.418410731611175
19.75,16.25,-56.3451531029865
20.0,16.25,-56.30772848724086
20.25,16.25,-56.2837399142599
20.5,16.25,-56.22591919191034
20.75,16.25,-56.162613486498216
21.0,16.25,-56.12150251477159
21.25,16.25,-56.09302245409736
21.5,16.25,-56.08965580984681
21.75,16.25,-56.11769309977593
22.0,16.25,-56.16181623136727
22.25,16.25,-56.22396905893925
22.5,16.25,-56.313107595711
22.75,16.25,-56.428096303689806
23.0,16.25,-56.56194580293188
1.0,16.5,-37.525671270612996
1.25,16.5,-37.72612883778653
1.5,16.5,-37.91097192406707
1.75,16.5,-38.027129658869406
2.0,16.5,-38.03016013646845
2.25,16.5,-37.90755442167512
2.5,16.5,-37.69897887799732
2.75,16.5,-37.488211507959065
3.0,16.5,-37.362005559702745
3.25,16.5,-37.35972294994212
3.5,16.5,-37.442385982784344
3.75,16.5,-37.51163956899858
4.0,16.5,-37.49588706391701
4.25,16.5,-37.42872471984101
4.5,16.5,-37.40085364773399
4.75,16.5,-37.43173215844841
5.0,16.5,-37.424216329380315
5.25,16.5,-37.291851372728765
5.5,16.5,-37.12787190514745
5.75,16.5,-37.13301655733768
6.0,16.5,-37.34049216932555
6.25,16.5,-37.47187555141515
6.5,16.5,-37.307044822235866
6.75,16.5,-37.15628920116573
7.0,16.5,-37.36328693912165
7.25,16.5,-37.62303165150169
7.5,16.5,-37.352044238252134
7.75,16.5,-36.826017607296535
8.0,16.5,-36.67233198071174
8.25,16.5,-36.96855520472021
8.5,16.5,-37.52070903596466
8.75,16.5,-38.12895711706795
10.25,16.5,-49.74568073392803
10.5,16.5,-49.764264790233995
10.75,16.5,-49.745557525493034
11.0,16.5,-49.78070485783988
11.25,16.5,-49.41355464231727
11.5,16.5,-48.60399366926339
11.75,16.5,-48.046466510117796
12.0,16.5,-46.8665290143036
12.25,16.5,-46.13551071517364
12.5,16.5,-45.49171859394485
12.75,16.5,-44.988097900871715
13.0,16.5,-44.673965694091606
13.25,16.5,-44.36801467628974
13.5,16.5,-44.31936489737219
13.75,16.5,-44.14710396158804
14.0,16.5,-44.386661717453784
14.25,16.5,-44.39727971243776
14.5,16.5,-44.76883906998793
14.75,16.5,-44.942306826705206
15.0,16.5,-45.14574690479506
15.25,16.5,-45.64878599572691
15.5,16.5,-46.25389365330364
15.75,16.5,-47.301394180435715
17.25,16.5,-57.40647978018159
17.5,16.5,-57.59913033787713
17.75,16.5,-57.52581668861177
18.0,16.5,-57.37641667318642
18.25,16.5,-57.290227551109815
18.5,16.5,-57.261038474105625
18.75,16.5,-57.234999485852455
19.0,16.5,-57.150481175333674
19.25,16.5,-57.04824714646256
19.5,16.5,-56.94449278672826
19.75,16.5,-56.81711990244898
20.0,16.5,-56.70475513991573
20.25,16.5,-56.630700642263
20.5,16.5,-56.54606106076478
20.75,16.5,-56.43864973493437
21.0,16.5,-56.339418596500444
21.25,16.5,-56.25194464720475
21.5,16.5,-56.18124897271244
21.75,16.5,-56.13917849272301
22.0,16.5,-56.1169820277094
22.25,16.5,-56.1102765503496
22.5,16.5,-56.12794892113193
22.75,16.5,-56.17348011543125
23.0,16.5,-56.24518062918671
1.0,16.75,-37.91256839247858
1.25,16.75,-38.14113658994911
1.5,16.75,-38.29717996116924
1.75,16.75,-38.318147804874535
2.0,16.75,-38.17961494012288
2.25,16.75,-37.926480816225016
2.5,16.75,-37.6617971168417
2.75,16.75,-37.49374820248495
3.0,16.75,-37.47831201220999
3.25,16.75,-37.58419293948242
3.5,16.75,-37.70021670615645
3.75,16.75,-37.71442594977661
4.0,16.75,-37.62330565315731
4.25,16.75,-37.53063039668076
4.5,16.75,-37.52115910925827
4.75,16.75,-37.558809162610146
5.0,16.75,-37.51779008580578
5.25,16.75,-37.3561718342938
5.5,16.75,-37.23243563734301
5.75,16.75,-37.33418623198146
6.0,16.75,-37.575770966722295
6.25,16.75,-37.5850886697261
6.5,16.75,-37.312529600372876
6.75,16.75,-37.239284023957026
7.0,16.75,-37.571838264173394
7.25,16.75,-37.787820012992334
7.5,16.75,-37.38805409252614
7.75,16.75,-36.83552748341708
8.0,16.75,-36.70355669281153
8.25,16.75,-37.003644481890035
8.5,16.75,-37.5108340515242
8.75,16.75,-38.064263091868376
10.25,16.75,-49.75819835695842
10.5,16.75,-49.65270588485115
10.75,16.75,-49.82411729256677
11.0,16.75,-49.85409381331401
11.25,16.75,-49.813586339122686
11.5,16.75,-49.76691881222159
11.75,16.75,-49.3440903394867
12.0,16.75,-47.98183966517225
12.25,16.75,-47.223531952737744
12.5,16.75,-46.420986722073145
12.75,16.75,-45.737182428216414
13.0,16.75,-45.33035892551322
13.25,16.75,-44.96241516213745
13.5,16.75,-44.72770692403181
13.75,16.75,-44.49411104531993
14.0,16.75,-44.5611214540493
14.25,16.75,-44.43601244460229
14.5,16.75,-44.74693377243837
14.75,16.75,-44.838155330098076
15.0,16.75,-45.05920736962122
15.25,16.75,-45.457658903040546
15.5,16.75,-46.066831151012565
15.75,16.75,-47.05169329606789
17.25,16.75,-57.35584758313
17.5,16.75,-57.60641609026309
17.75,16.75,-57.63105166819741
18.0,16.75,-57.61413716474307
18.25,16.75,-57.634358702958
18.5,16.75,-57.65535059880229
18.75,16.75,-57.66700907195074
19.0,16.75,-57.604399535246806
19.25,16.75,-57.489520973986004
19.5,16.75,-57.37834832052219
19.75,16.75,-57.24818285180079
20.0,16.75,-57.10749711601679
20.25,16.75,-57.00764858283061
20.5,16.75,-56.92472705332201
20.75,16.75,-56.817589571175176
21.0,16.75,-56.69842374848222
21.25,16.75,-56.57780612267901
21.5,16.75,-56.462342119534455
21.75,16.75,-56.36947597200699
22.0,16.75,-56.29660985673998
22.25,16.75,-56.233249548069594
22.5,16.75,-56.18646274719637
22.75,16.75,-56.16637741770581
23.0,16.75,-56.17597528221141
1.0,17.0,-38.366434615312535
1.25,17.0,-38.55806741492284
1.5,17.0,-38.59635853468666
1.75,17.0,-38.446384089256114
2.0,17.0,-38.15697886921558
2.25,17.0,-37.84528766438576
2.5,17.0,-37.6333556329135
2.75,17.0,-37.58848575376411
3.0,17.0,-37.69154351253539
3.25,17.0,-37.839283073864834
3.5,17.0,-37.90361724469748
3.75,17.0,-37.8365580044557
4.0,17.0,-37.711020098138626
4.25,17.0,-37.636843289516875
4.5,17.0,-37.65042982804926
4.75,17.0,-37.67230433441588
5.0,17.0,-37.58490982287513
5.25,17.0,-37.41709318082724
5.5,17.0,-37.377402414209755
5.75,17.0,-37.58142893153166
6.0,17.0,-37.778172783978256
6.25,17.0,-37.61317537382223
6.5,17.0,-37.31366740486078
6.75,17.0,-37.376003131039205
7.0,17.0,-37.77484107597538
7.25,17.0,-37.904653621355976
7.5,17.0,-37.43759504289563
7.75,17.0,-36.86147980315286
8.0,17.0,-36.71764387050266
8.25,17.0,-37.02868518768019
8.5,17.0,-37.49894358206535
8.75,17.0,-38.0046548309142
10.25,17.0,-49.62017086742443
10.5,17.0,-49.58212633371852
10.75,17.0,-49.73110725957631
11.0,17.0,-49.666742064193656
11.25,17.0,-50.12076872516409
11.5,17.0,-50.816369835824574
11.75,17.0,-50.40689114628815
12.0,17.0,-49.22070396456185
12.25,17.0,-48.54152106756902
12.5,17.0,-47.48465106282648
12.75,17.0,-46.596747740636175
13.0,17.0,-46.12655306071623
13.25,17.0,-45.59917959107386
13.5,17.0,-45.26316585745245
13.75,17.0,-44.95265621303563
14.0,17.0,-44.840642189469264
14.25,17.0,-44.627685428290384
14.5,17.0,-44.78323998253953
14.75,17.0,-44.81134420684895
15.0,17.0,-44.97621277241845
15.25,17.0,-45.25896472658067
15.5,17.0,-45.88687877367217
15.75,17.0,-46.774063219942725
17.25,17.0,-57.085413268359915
17.5,17.0,-57.406274167378825
17.75,17.0,-57.48452043869498
18.0,17.0,-57.57521593100022
18.25,17.0,-57.61784703898727
18.5,17.0,-57.61628163779304
18.75,17.0,-57.65451825038609
19.0,17.0,-57.68863649177676
19.25,17.0,-57.66361261458293
19.5,17.0,-57.62376138362821
19.75,17.0,-57.57029077556702
20.0,17.0,-57.472869839983424
20.25,17.0,-57.38463812089701
20.5,17.0,-57.328220450667715
20.75,17.0,-57.25925580601688
21.0,17.0,-57.16656581125224
21.25,17.0,-57.05380434526476
21.5,17.0,-56.921012841858875
21.75,17.0,-56.79427228918321
22.0,17.0,-56.68877722740486
22.25,17.0,-56.59034550846655
22.5,17.0,-56.49392714887058
22.75,17.0,-56.41275380042379
23.0,17.0,-56.360266748406325
