x,y,truth_db
1.0,1.0,-38.410480904598074
1.25,1.0,-38.35917983307383
1.5,1.0,-38.31004494078245
1.75,1.0,-38.26322710898328
2.0,1.0,-38.21887334514917
2.25,1.0,-38.177125517695394
2.5,1.0,-38.13811983894339
2.75,1.0,-38.10198537895263
3.0,1.0,-38.06884218516644
3.25,1.0,-38.03880099809659
3.5,1.0,-38.01196363276023
3.75,1.0,-37.98842155254091
4.0,1.0,-37.96825373769779
4.25,1.0,-37.95152684045615
4.5,1.0,-37.93829674069372
4.75,1.0,-37.928608322288
5.0,1.0,-37.92249392755255
5.25,1.0,-37.91997321527201
5.5,1.0,-37.921054037091125
5.75,1.0,-37.92573260361454
6.0,1.0,-37.93399380526982
6.25,1.0,-37.945811550589376
6.5,1.0,-37.96114687656262
6.75,1.0,-37.97994672469888
7.0,1.0,-38.00214730989509
7.25,1.0,-38.027675817453414
7.5,1.0,-38.05644666616428
7.75,1.0,-38.08836175484472
8.0,1.0,-38.12331440618196
8.25,1.0,-38.161187686207185
8.5,1.0,-38.20185447551966
8.75,1.0,-38.2451822159986
10.25,1.0,-38.55290753850635
10.5,1.0,-38.610744934006135
10.75,1.0,-38.670051342714785
11.0,1.0,-38.73068173109
11.25,1.0,-38.792495677949475
11.5,1.0,-38.85535774227464
11.75,1.0,-38.919138169637925
12.0,1.0,-38.98371367568002
12.25,1.0,-39.04896611555565
12.5,1.0,-39.1147850575469
12.75,1.0,-39.181065607627204
13.0,1.0,-39.247709778466216
13.25,1.0,-39.314627344852504
13.5,1.0,-39.381732948446086
13.75,1.0,-39.44895043040591
14.0,1.0,-39.516207615389256
14.25,1.0,-39.58343994008363
14.5,1.0,-39.65058806319229
14.75,1.0,-39.71759662334104
15.0,1.0,-39.78441756305241
15.25,1.0,-39.85100394579758
15.5,1.0,-39.917316922997436
15.75,1.0,-39.98331846818545
17.25,1.0,-40.37122303928534
17.5,1.0,-40.434323488318896
17.75,1.0,-40.49694039569958
18.0,1.0,-40.55906116872385
18.25,1.0,-40.62067768330959
18.5,1.0,-40.68178238843032
18.75,1.0,-40.742368865229835
19.0,1.0,-40.80243414719781
19.25,1.0,-40.861973036086056
19.5,1.0,-40.92098596299841
19.75,1.0,-40.979468943352195
20.0,1.0,-41.03742439191768
20.25,1.0,-41.09485000534724
20.5,1.0,-41.15174900549143
20.75,1.0,-41.20812142215517
21.0,1.0,-41.2639704791426
21.25,1.0,-41.31929891163993
21.5,1.0,-41.37410945054421
21.75,1.0,-41.428407337794795
22.0,1.0,-41.48219462594519
22.25,1.0,-41.53547836426577
22.5,1.0,-41.58826014295656
22.75,1.0,-41.640547911503546
23.0,1.0,-41.69234341863085
1.0,1.25,-38.30291640975145
1.25,1.25,-38.248841201796765
1.5,1.25,-38.19698861324313
1.75,1.25,-38.14752511696676
2.0,1.25,-38.1006139323306
2.25,1.25,-38.05641391746105
2.5,1.25,-38.01507822916351
2.75,1.25,-37.9767520169357
3.0,1.25,-37.94157046803121
3.25,1.25,-37.9096587420339
3.5,1.25,-37.881132141948065
3.75,1.25,-37.85609416445471
4.0,1.25,-37.83463425260144
4.25,1.25,-37.81682835079455
4.5,1.25,-37.80274056392992
4.75,1.25,-37.79242217373794
5.0,1.25,-37.78590928241274
5.25,1.25,-37.783223359464216
5.5,1.25,-37.78437387212649
5.75,1.25,-37.78935813480319
6.0,1.25,-37.798158833419336
6.25,1.25,-37.81074420871552
6.5,1.25,-37.82706972696418
6.75,1.25,-37.84707693891565
7.0,1.25,-37.870693245229695
7.25,1.25,-37.897834842988594
7.5,1.25,-37.92840569154111
7.75,1.25,-37.96229465802832
8.0,1.25,-37.9993793465093
8.25,1.25,-38.03952866338391
8.5,1.25,-38.082600530409835
8.75,1.25,-38.12844499682843
10.25,1.25,-38.45270931458284
10.5,1.25,-38.513399470316315
10.75,1.25,-38.57555031955472
11.0,1.25,-38.63900559712733
11.25,1.25,-38.70361489537517
11.5,1.25,-38.76923424357903
11.75,1.25,-38.83572579458465
12.0,1.25,-38.90295992770511
12.25,1.25,-38.97081302894507
12.5,1.25,-39.039169674247425
12.75,1.25,-39.10792219981743
13.0,1.25,-39.17696926156754
13.25,1.25,-39.24621938532021
13.5,1.25,-39.31558606861987
13.75,1.25,-39.38499220429187
14.0,1.25,-39.45436633597916
14.25,1.25,-39.523643089653916
14.5,1.25,-39.592764652679044
14.75,1.25,-39.661675719620874
15.0,1.25,-39.73032971384526
15.25,1.25,-39.798681234582034
15.5,1.25,-39.86669258252513
15.75,1.25,-39.93432851317554
17.25,1.25,-40.330796204744004
17.5,1.25,-40.39513567010139
17.75,1.25,-40.45894267500799
18.0,1.25,-40.52220744952456
18.25,1.25,-40.58492295431856
18.5,1.25,-40.64708449536623
18.75,1.25,-40.70868666352985
19.0,1.25,-40.76972891485765
19.25,1.25,-40.83020718184379
19.5,1.25,-40.890123699086736
19.75,1.25,-40.94947589834841
20.0,1.25,-41.008267476325535
20.25,1.25,-41.0664978675933
20.5,1.25,-41.12417124780513
20.75,1.25,-41.181289548234986
21.0,1.25,-41.237856759954035
21.25,1.25,-41.29387741333646
21.5,1.25,-41.34935490647354
21.75,1.25,-41.404295964760124
22.0,1.25,-41.458703299588166
22.25,1.25,-41.51258510213053
22.5,1.25,-41.565943710879154
22.75,1.25,-41.61878798315213
23.0,1.25,-41.67112053915947
1.0,1.5,-38.19346690690121
1.25,1.5,-38.13640786355199
1.5,1.5,-38.081624527511366
1.75,1.5,-38.02930109184229
2.0,1.5,-37.97961909520557
2.25,1.5,-37.93275620721036
2.5,1.5,-37.88888434273284
2.75,1.5,-37.84816718333956
3.0,1.5,-37.81075806188635
3.25,1.5,-37.776799219899885
3.5,1.5,-37.74642131809598
3.75,1.5,-37.71974158414241
4.0,1.5,-37.69686205881303
4.25,1.5,-37.67786996923665
4.5,1.5,-37.662838605788764
4.75,1.5,-37.651826173477886
5.0,1.5,-37.644873859396434
5.25,1.5,-37.642006312926895
5.5,1.5,-37.643234269259075
5.75,1.5,-37.64855503911169
6.0,1.5,-37.65794934948111
6.25,1.5,-37.67137987583296
6.5,1.5,-37.688794542355346
6.75,1.5,-37.710128105050785
7.0,1.5,-37.73529922935835
7.25,1.5,-37.76421072972275
7.5,1.5,-37.79675235011107
7.75,1.5,-37.83279898648109
8.0,1.5,-37.872211077679985
8.25,1.5,-37.914839647376816
8.5,1.5,-37.96052584514819
8.75,1.5,-38.00910060349473
10.25,1.5,-38.35114199671963
10.5,1.5,-38.41486916604681
10.75,1.5,-38.4800392945685
11.0,1.5,-38.546484482330754
11.25,1.5,-38.61404364780648
11.5,1.5,-38.68256418833867
11.75,1.5,-38.75190037289813
12.0,1.5,-38.82191588127035
12.25,1.5,-38.892482424213405
12.5,1.5,-38.96347964737817
12.75,1.5,-39.03479753905746
13.0,1.5,-39.10633231486443
13.25,1.5,-39.17799111305302
13.5,1.5,-39.24968747354166
13.75,1.5,-39.32134326026892
14.0,1.5,-39.392888442295785
14.25,1.5,-39.4642573779953
14.5,1.5,-39.53539388358971
14.75,1.5,-39.60624381957484
15.0,1.5,-39.67676194948484
15.25,1.5,-39.74690553600436
15.5,1.5,-39.81663802158442
15.75,1.5,-39.88592758510616
17.25,1.5,-40.29101430587468
17.5,1.5,-40.35659469892145
17.75,1.5,-40.42159215869751
18.0,1.5,-40.486000084544
18.25,1.5,-40.54981263690023
18.5,1.5,-40.61302801709623
18.75,1.5,-40.67564205539581
19.0,1.5,-40.73765650648541
19.25,1.5,-40.79906874869457
19.5,1.5,-40.85988269541844
19.75,1.5,-40.92009752679833
20.0,1.5,-40.979718162268924
20.25,1.5,-41.038746025117135
20.5,1.5,-41.09718623090764
20.75,1.5,-41.15504272105012
21.0,1.5,-41.21232025615676
21.25,1.5,-41.26902515320886
21.5,1.5,-41.325161503213494
21.75,1.5,-41.380737472312816
22.0,1.5,-41.435756499834504
22.25,1.5,-41.49022790806282
22.5,1.5,-41.544154884330034
22.75,1.5,-41.59754721694112
23.0,1.5,-41.65040848245668
1.0,1.75,-38.082132730478726
1.25,1.75,-38.02186212623346
1.5,1.75,-37.96391472965674
1.75,1.75,-37.908494969147426
2.0,1.75,-37.85580555372603
2.25,1.75,-37.806045471277514
2.5,1.75,-37.759407590908204
2.75,1.75,-37.716076660865156
3.0,1.75,-37.67622720082248
3.25,1.75,-37.64002162228459
3.5,1.75,-37.60760867094131
3.75,1.75,-37.57912170716867
4.0,1.75,-37.55467771354201
4.25,1.75,-37.534377379427
4.5,1.75,-37.51830461491921
4.75,1.75,-37.50652524858132
5.0,1.75,-37.49908663255124
5.25,1.75,-37.496018344416115
5.5,1.75,-37.497332884617364
5.75,1.75,-37.503025887108215
6.0,1.75,-37.51307502597298
6.25,1.75,-37.5274383311098
6.5,1.75,-37.54605562916925
6.75,1.75,-37.56885176291465
7.0,1.75,-37.59573491632862
7.25,1.75,-37.62659351215833
7.5,1.75,-37.66129941044392
7.75,1.75,-37.699710503277856
8.0,1.75,-37.74166905646451
8.25,1.75,-37.7870048618925
8.5,1.75,-37.83553850124841
8.75,1.75,-37.887079981895354
10.25,1.75,-38.2482442021951
10.5,1.75,-38.3152041900717
10.75,1.75,-38.38357808322523
11.0,1.75,-38.45318613485523
11.25,1.75,-38.523856356115175
11.5,1.75,-38.59542713170528
11.75,1.75,-38.667745512122224
12.0,1.75,-38.74066825547515
12.25,1.75,-38.81406297539697
12.5,1.75,-38.88780507524133
12.75,1.75,-38.96178218003831
13.0,1.75,-39.035889353470736
13.25,1.75,-39.11003221402975
13.5,1.75,-39.18412532503342
13.75,1.75,-39.25808993536919
14.0,1.75,-39.331857727709696
14.25,1.75,-39.405363887180975
14.5,1.75,-39.47855377555608
14.75,1.75,-39.551375744117664
15.0,1.75,-39.6237859078772
15.25,1.75,-39.69574514829032
15.5,1.75,-39.767218373042475
15.75,1.75,-39.83817750699717
17.25,1.75,-40.251922150998205
17.5,1.75,-40.31874315570502
17.75,1.75,-40.38492943346092
18.0,1.75,-40.45047770750057
18.25,1.75,-40.51538354986326
18.5,1.75,-40.57964796866224
18.75,1.75,-40.64326834271445
19.0,1.75,-40.70624856793086
19.25,1.75,-40.76858782354469
19.5,1.75,-40.83029159195648
19.75,1.75,-40.89136111463321
20.0,1.75,-40.951802488693744
20.25,1.75,-41.011619315538816
20.5,1.75,-41.07081764213411
20.75,1.75,-41.1294034712808
21.0,1.75,-41.187382351097064
21.25,1.75,-41.24476235792762
21.5,1.75,-41.30154833455619
21.75,1.75,-41.35774986006573
22.0,1.75,-41.413371202139075
22.25,1.75,-41.46842281908558
22.5,1.75,-41.5229088527727
22.75,1.75,-41.57684003829451
23.0,1.75,-41.63022097099547
1.0,2.0,-37.96891849945066
1.25,2.0,-37.90518892613245
1.5,2.0,-37.84382246941522
1.75,2.0,-37.785046258639184
2.0,2.0,-37.72908731452527
2.25,2.0,-37.67616911982094
2.5,2.0,-37.626508594936176
2.75,2.0,-37.580314676887994
3.0,2.0,-37.53778610411102
3.25,2.0,-37.499108563970125
3.5,2.0,-37.46445232320926
3.75,2.0,-37.43397026466776
4.0,2.0,-37.407797072617036
4.25,2.0,-37.38604910921596
4.5,2.0,-37.36882293116391
4.75,2.0,-37.356193615810604
5.0,2.0,-37.3482156579905
5.25,2.0,-37.34492449684701
5.5,2.0,-37.34633534589885
5.75,2.0,-37.35244164873808
6.0,2.0,-37.363216216674545
6.25,2.0,-37.37861204509024
6.5,2.0,-37.3985612178489
6.75,2.0,-37.42297589793609
7.0,2.0,-37.45174968592639
7.25,2.0,-37.48475512422077
7.5,2.0,-37.521844105214285
7.75,2.0,-37.56285311059592
8.0,2.0,-37.60760357979913
8.25,2.0,-37.655901552799726
8.5,2.0,-37.70754241924374
8.75,2.0,-37.762312171380266
10.25,2.0,-38.14406407013844
10.5,2.0,-38.214465466160405
10.75,2.0,-38.286238432656845
11.0,2.0,-38.35919087256489
11.25,2.0,-38.433140193057774
11.5,2.0,-38.507915300539665
11.75,2.0,-38.58335671388679
12.0,2.0,-38.65931470209742
12.25,2.0,-38.73565299516151
12.5,2.0,-38.81224413183873
12.75,2.0,-38.888973341828695
13.0,2.0,-38.96573587966881
13.25,2.0,-39.04243622877996
13.5,2.0,-39.1189905512703
13.75,2.0,-39.19532053768667
14.0,2.0,-39.2713595604702
14.25,2.0,-39.34704504165712
14.5,2.0,-39.42232384975576
14.75,2.0,-39.49714800767904
15.0,2.0,-39.571475282126144
15.25,2.0,-39.64527073431383
15.5,2.0,-39.71850138971668
15.75,2.0,-39.79114292074401
17.25,2.0,-40.213566655572286
17.5,2.0,-40.28162534259892
17.75,2.0,-40.348996375374284
18.0,2.0,-40.41567980479404
18.25,2.0,-40.481672940929286
18.5,2.0,-40.546979448076584
18.75,2.0,-40.611598631772104
19.0,2.0,-40.6755363756935
19.25,2.0,-40.73879401733069
19.5,2.0,-40.8013785151728
19.75,2.0,-40.86329342694494
20.0,2.0,-40.924545988834765
20.25,2.0,-40.98514209366229
20.5,2.0,-41.04508871917031
20.75,2.0,-41.104393931913435
21.0,2.0,-41.16306410851585
21.25,2.0,-41.221109048529634
21.5,2.0,-41.27853443455961
21.75,2.0,-41.33535123945515
22.0,2.0,-41.39156467182456
22.25,2.0,-41.44718632814096
22.5,2.0,-41.50222139489089
22.75,2.0,-41.55668154940348
23.0,2.0,-41.610572439981595
1.0,2.25,-37.853845769988126
1.25,2.25,-37.78638906134706
1.5,2.25,-37.721325506389746
1.75,2.25,-37.65890725794719
2.0,2.25,-37.59938865388355
2.25,2.25,-37.543021143672426
2.5,2.25,-37.490049794209234
2.75,2.25,-37.44071199527126
3.0,2.25,-37.39523436548301
3.25,2.25,-37.35382927090424
3.5,2.25,-37.31669245983484
3.75,2.25,-37.28400056645119
4.0,2.25,-37.25590944020481
4.25,2.25,-37.232553620644694
4.5,2.25,-37.2140447638455
4.75,2.25,-37.20046986587989
5.0,2.25,-37.19189217425184
5.25,2.25,-37.18835302551983
5.5,2.25,-37.18987051303166
5.75,2.25,-37.19643672121603
6.0,2.25,-37.208018899402965
6.25,2.25,-37.224562819328455
6.5,2.25,-37.245991728365404
6.75,2.25,-37.27220355450908
7.0,2.25,-37.3030728574127
7.25,2.25,-37.33845264206444
7.5,2.25,-37.37817321338976
7.75,2.25,-37.42204552808016
8.0,2.25,-37.46986511513618
8.25,2.25,-37.52141115984132
8.5,2.25,-37.57644963543818
8.75,2.25,-37.63473800289441
10.25,2.25,-38.038666270873065
10.5,2.25,-38.11272943433505
10.75,2.25,-38.188106684012425
11.0,2.25,-38.264592878699816
11.25,2.25,-38.34199539710005
11.5,2.25,-38.42013365479985
11.75,2.25,-38.498841901981706
12.0,2.25,-38.57796506765736
12.25,2.25,-38.65736293397467
12.5,2.25,-38.73690671498244
12.75,2.25,-38.81647958458646
13.0,2.25,-38.895977928628454
13.25,2.25,-38.975306201121924
13.5,2.25,-39.0543823759098
13.75,2.25,-39.13313018090528
14.0,2.25,-39.2114847302804
14.25,2.25,-39.289387172183346
14.5,2.25,-39.366786249807376
14.75,2.25,-39.443638538102775
15.0,2.25,-39.519904189812095
15.25,2.25,-39.59555262953758
15.5,2.25,-39.67055393255586
15.75,2.25,-39.74488732625808
17.25,2.25,-40.17599483786143
17.5,2.25,-40.24528584531837
17.75,2.25,-40.313835221833045
18.0,2.25,-40.38164624297621
18.25,2.25,-40.448718381446724
18.5,2.25,-40.51505780163272
18.75,2.25,-40.5806661563549
19.0,2.25,-40.64555119985533
19.25,2.25,-40.7097167605787
19.5,2.25,-40.77317121376736
19.75,2.25,-40.83592062495561
20.0,2.25,-40.89797335706896
20.25,2.25,-40.95933765066678
20.5,2.25,-41.02002144337857
20.75,2.25,-41.08003484216149
21.0,2.25,-41.139385124751385
21.25,2.25,-41.198083774962775
21.5,2.25,-41.25613742046933
21.75,2.25,-41.313558404371804
22.0,2.25,-41.37035297885038
22.25,2.25,-41.42653386133623
22.5,2.25,-41.48210734330091
22.75,2.25,-41.53708601500024
23.0,2.25,-41.59147658604037
1.0,2.5,-37.73694857957652
1.25,2.5,-37.66547252094679
1.5,2.5,-37.59640737207593
1.75,2.5,-37.530032891776656
2.0,2.5,-37.466633639995614
2.25,2.5,-37.40649245778706
2.5,2.5,-37.349887142387985
2.75,2.5,-37.29708868432496
3.0,2.5,-37.24835626081579
3.25,2.5,-37.20393329346685
3.5,2.5,-37.164045616722994
3.75,2.5,-37.12889829081806
4.0,2.5,-37.098672543901394
4.25,2.5,-37.07352450022779
4.5,2.5,-37.05358387768909
4.75,2.5,-37.038952706419764
5.0,2.5,-37.0297054731619
5.25,2.5,-37.0258897818928
5.5,2.5,-37.027525856446005
5.75,2.5,-37.03460505655678
6.0,2.5,-37.04708983982797
6.25,2.5,-37.06491635166976
6.5,2.5,-37.08799523402223
6.75,2.5,-37.116208215277986
7.0,2.5,-37.1494078546631
7.25,2.5,-37.18742243168049
7.5,2.5,-37.230057081997124
7.75,2.5,-37.27709367386789
8.0,2.5,-37.32829564985965
8.25,2.5,-37.38341036613566
8.5,2.5,-37.44217057109944
8.75,2.5,-37.50430030132618
10.25,2.5,-37.932132646871324
10.5,2.5,-38.010090664852385
10.75,2.5,-38.089287395400746
11.0,2.5,-38.16950422148417
11.25,2.5,-38.25053888683529
11.5,2.5,-38.33220225821972
11.75,2.5,-38.41432238820487
12.0,2.5,-38.496740619213895
12.25,2.5,-38.57931315804506
12.5,2.5,-38.661911232687544
12.75,2.5,-38.74441708706336
13.0,2.5,-38.82672867370901
13.25,2.5,-38.90875207225954
13.5,2.5,-38.990407110612125
13.75,2.5,-39.07162120281317
14.0,2.5,-39.152331549784286
14.25,2.5,-39.23248418551866
14.5,2.5,-39.31203057451786
14.75,2.5,-39.39093231757581
15.0,2.5,-39.46915308441541
15.25,2.5,-39.546666646971225
15.5,2.5,-39.62344727574761
15.75,2.5,-39.699477637252244
17.25,2.5,-40.13925332758363
17.5,2.5,-40.20976873287318
17.75,2.5,-40.279487669302945
18.0,2.5,-40.348416456115224
18.25,2.5,-40.416557177994044
18.5,2.5,-40.48391833898708
18.75,2.5,-40.55050432435878
19.0,2.5,-40.6163246637627
19.25,2.5,-40.68138593793864
19.5,2.5,-40.745697912297764
19.75,2.5,-40.80926928721071
20.0,2.5,-40.872109584168314
20.25,2.5,-40.93422941590462
20.5,2.5,-40.99563775761611
20.75,2.5,-41.05634672971223
21.0,2.5,-41.116364619784456
21.25,2.5,-41.175704560315125
21.5,2.5,-41.23437423887217
21.75,2.5,-41.29238733828083
22.0,2.5,-41.349751240822734
22.25,2.5,-41.40647975045315
22.5,2.5,-41.46258029956458
22.75,2.5,-41.518066349143226
23.0,2.5,-41.57294566642625
1.0,2.75,-37.618282208050495
1.25,2.75,-37.54247034510611
1.5,2.75,-37.4690712377328
1.75,2.75,-37.39839520964411
2.0,2.75,-37.33076015908248
2.25,2.75,-37.26648394391111
2.5,2.75,-37.205881976939615
2.75,2.75,-37.149264441891255
3.0,2.75,-37.09692884050442
3.25,2.75,-37.049155731763946
3.5,2.75,-37.00620693706257
3.75,2.75,-36.96832117777058
4.0,2.75,-36.935710041397144
4.25,2.75,-36.908556018835796
4.5,2.75,-36.887010837151436
4.75,2.75,-36.87119466410566
5.0,2.75,-36.8611959139976
5.25,2.75,-36.85707009188205
5.5,2.75,-36.85883934932732
5.75,2.75,-36.86649371521864
6.0,2.75,-36.8799911536047
6.25,2.75,-36.899256741897815
6.5,2.75,-36.92418367224448
6.75,2.75,-36.954633280190336
7.0,2.75,-36.99043375422305
7.25,2.75,-37.03138365790136
7.5,2.75,-37.07725643189066
7.75,2.75,-37.12780001162206
8.0,2.75,-37.18273972825453
8.25,2.75,-37.24178431913185
8.5,2.75,-37.30462856424723
8.75,2.75,-37.370958298901826
10.25,2.75,-37.824563261463354
10.5,2.75,-37.90666121441537
10.75,2.75,-37.989901751406855
11.0,2.75,-38.07405313066584
11.25,2.75,-38.15890339063621
11.5,2.75,-38.24425641554923
11.75,2.75,-38.3299342685355
12.0,2.75,-38.41577634305822
12.25,2.75,-38.501636477428804
12.5,2.75,-38.587386821480266
12.75,2.75,-38.672910673162825
13.0,2.75,-38.75810791449099
13.25,2.75,-38.8428882823183
13.5,2.75,-38.927173939630116
13.75,2.75,-39.01089747267168
14.0,2.75,-39.09399910456645
14.25,2.75,-39.176430450676364
14.5,2.75,-39.25814692439798
14.75,2.75,-39.3391152164017
15.0,2.75,-39.4193037543203
15.25,2.75,-39.49869053128783
15.5,2.75,-39.57725509188053
15.75,2.75,-39.65498358916305
17.25,2.75,-40.10339004280841
17.5,2.75,-40.17511882189294
17.75,2.75,-40.24599568552864
18.0,2.75,-40.316029823080356
18.25,2.75,-40.385226367315624
18.5,2.75,-40.45359601738813
18.75,2.75,-40.521146187431995
19.0,2.75,-40.58788810049859
19.25,2.75,-40.653831247663575
19.5,2.75,-40.71898678146194
19.75,2.75,-40.78336609121837
20.0,2.75,-40.84697992279697
20.25,2.75,-40.9098412498021
20.5,2.75,-40.97196019300617
20.75,2.75,-41.033350846347425
21.0,2.75,-41.09402263086427
21.25,2.75,-41.15399028653171
21.5,2.75,-41.21326267316014
21.75,2.75,-41.27185477722118
22.0,2.75,-41.329775185894434
22.25,2.75,-41.38703875244319
22.5,2.75,-41.44365407883717
22.75,2.75,-41.499635461776876
23.0,2.75,-41.55499172846011
1.0,3.0,-37.497924637379
1.25,3.0,-37.4174337197888
1.5,3.0,-37.33933677414682
1.75,3.0,-37.26397809455032
2.0,3.0,-37.19171263916009
2.25,3.0,-37.12289770717706
2.5,3.0,-37.05789174720072
2.75,3.0,-36.997049874495936
3.0,3.0,-36.94071437612169
3.25,3.0,-36.88921058887681
3.5,3.0,-36.842843776636286
3.75,3.0,-36.80189267425551
4.0,3.0,-36.76660529090698
4.25,3.0,-36.73719666849971
4.5,3.0,-36.71384587788771
4.75,3.0,-36.696694807148916
5.0,3.0,-36.685848250358475
5.25,3.0,-36.68137205782861
5.5,3.0,-36.683291840617905
5.75,3.0,-36.69159534223439
6.0,3.0,-36.70623400062098
6.25,3.0,-36.727120133093656
6.5,3.0,-36.75412572540108
6.75,3.0,-36.78708577473386
7.0,3.0,-36.82579962528133
7.25,3.0,-36.87003134883285
7.5,3.0,-36.91951457836718
7.75,3.0,-36.97395572421535
8.0,3.0,-37.03303586454265
8.25,3.0,-37.096417820969094
8.5,3.0,-37.16375200100553
8.75,3.0,-37.23468089370215
10.25,3.0,-37.7160836230835
10.5,3.0,-37.80257806586047
10.75,3.0,-37.890094316986556
11.0,3.0,-37.97838895622232
11.25,3.0,-38.067240532990866
11.5,3.0,-38.15644788987643
11.75,3.0,-38.24582831247887
12.0,3.0,-38.33522051170406
12.25,3.0,-38.42447806500489
12.5,3.0,-38.51347457789595
12.75,3.0,-38.60209665086733
13.0,3.0,-38.6902466385139
13.25,3.0,-38.77783974118469
13.5,3.0,-38.86480158961199
13.75,3.0,-38.95107106627166
14.0,3.0,-39.03659301807216
14.25,3.0,-39.121325089816786
14.5,3.0,-39.20522824155508
14.75,3.0,-39.28827431237331
15.0,3.0,-39.370437778032176
15.25,3.0,-39.45170091929881
15.5,3.0,-39.532049435823325
15.75,3.0,-39.61147323264922
17.25,3.0,-40.06845311824999
17.5,3.0,-40.14138125046463
17.75,3.0,-40.213401533858246
18.0,3.0,-40.284525915639875
18.25,3.0,-40.35476297547659
18.5,3.0,-40.424125527400264
18.75,3.0,-40.49262423781684
19.0,3.0,-40.56027200389502
19.25,3.0,-40.627081319943585
19.5,3.0,-40.69306477756328
19.75,3.0,-40.758236459907955
20.0,3.0,-40.822608432238674
20.25,3.0,-40.88619597543732
20.5,3.0,-40.94901046261963
20.75,3.0,-41.011067885545444
21.0,3.0,-41.07237890344415
21.25,3.0,-41.132959798220455
21.5,3.0,-41.19282069248702
21.75,3.0,-41.25197782870246
22.0,3.0,-41.310441058582164
22.25,3.0,-41.368226248591796
22.5,3.0,-41.42534319650515
22.75,3.0,-41.48180701264556
23.0,3.0,-41.53762759614516
1.0,3.25,-37.37597850630545
1.25,3.25,-37.290439653540425
1.5,3.25,-37.20724989501783
1.75,3.25,-37.12679054616785
2.0,3.25,-37.04945748609828
2.25,3.25,-36.97565276344936
2.5,3.25,-36.90578421312051
2.75,3.25,-36.84025830494534
3.0,3.25,-36.779469610566636
3.25,3.25,-36.72379726399095
3.5,3.25,-36.67359897344809
3.75,3.25,-36.62920183450978
4.0,3.25,-36.590898333448514
4.25,3.25,-36.55894363793458
4.5,3.25,-36.533550815068935
4.75,3.25,-36.51488849055824
5.0,3.25,-36.5030808476708
5.25,3.25,-36.49820643505231
5.5,3.25,-36.50029676679877
5.75,3.25,-36.50933732186771
6.0,3.25,-36.52526935817483
6.25,3.25,-36.547988564915734
6.5,3.25,-36.5773426871819
6.75,3.25,-36.613134518343145
7.0,3.25,-36.65512668157894
7.25,3.25,-36.70304186072948
7.5,3.25,-36.75656533732105
7.75,3.25,-36.8153519203341
8.0,3.25,-36.879030437181484
8.25,3.25,-36.947210177563264
8.5,3.25,-37.0194892817599
8.75,3.25,-37.09546048035817
10.25,3.25,-37.606841889213214
10.5,3.25,-37.698000085182066
10.75,3.25,-37.790031043308915
11.0,3.25,-37.88268144966719
11.25,3.25,-37.975721342509324
11.5,3.25,-38.06894616285622
11.75,3.25,-38.162170852449385
12.0,3.25,-38.25523457487078
12.25,3.25,-38.347993541489856
12.5,3.25,-38.44032379719686
12.75,3.25,-38.53211755059911
13.0,3.25,-38.62328094718507
13.25,3.25,-38.713736025807336
13.5,3.25,-38.803413611570065
13.75,3.25,-38.89225947700457
14.0,3.25,-38.980224881624295
14.25,3.25,-39.06727368749449
14.5,3.25,-39.153373943312175
14.75,3.25,-39.2385028681503
15.0,3.25,-39.32264216762527
15.25,3.25,-39.40577889967173
15.5,3.25,-39.48790564186689
15.75,3.25,-39.56901668345422
16.0,3.25,-39.64911278485639
16.25,3.25,-39.72819351715506
16.5,3.25,-39.80626545131031
16.75,3.25,-39.883332248498625
17.0,3.25,-39.95940451950303
17.25,3.25,-40.03448939484609
17.5,3.25,-40.10860012955557
17.75,3.25,-40.18174676242456
18.0,3.25,-40.25394389014512
18.25,3.25,-40.3252038088292
18.5,3.25,-40.39554141447249
18.75,3.25,-40.4649707723548
19.0,3.25,-40.53350652435337
19.25,3.25,-40.60116423707612
19.5,3.25,-40.66795807679513
19.75,3.25,-40.73390481179032
20.0,3.25,-40.7990179598839
20.25,3.25,-40.86331503224089
20.5,3.25,-40.92680875922316
20.75,3.25,-40.98951693112692
21.0,3.25,-41.051451531827354
21.25,3.25,-41.11263030388429
21.5,3.25,-41.173064701205284
21.75,3.25,-41.23277216407938
22.0,3.25,-41.29176384734754
22.25,3.25,-41.350056587962
22.5,3.25,-41.40766139148168
22.75,3.25,-41.46459415881545
23.0,3.25,-41.52086586714059
1.0,3.5,-37.25258018035559
1.25,3.5,-37.16159709693463
1.5,3.5,-37.07288552309754
1.75,3.5,-36.98686644437265
2.0,3.5,-36.903980571875785
2.25,3.5,-36.824680798349824
2.5,3.5,-36.74943169149291
2.75,3.5,-36.67869879176814
3.0,3.5,-36.61293811886782
3.25,3.5,-36.55259284537267
3.5,3.5,-36.49808332253362
3.75,3.5,-36.44979570976529
4.0,3.5,-36.40807776057326
4.25,3.5,-36.37323407090039
4.5,3.5,-36.34551962502347
4.75,3.5,-36.32513678370306
5.0,3.5,-36.31223410874842
5.25,3.5,-36.30690544688398
5.5,3.5,-36.30918986433794
5.75,3.5,-36.31907107058167
6.0,3.5,-36.33647698640513
6.25,3.5,-36.36128076420881
6.5,3.5,-36.393300942933905
6.75,3.5,-36.432302232694234
7.0,3.5,-36.47800036346456
7.25,3.5,-36.530065747034335
7.5,3.5,-36.58812561767568
7.75,3.5,-36.651772090766976
8.0,3.5,-36.72057116721818
8.25,3.5,-36.79406974674011
8.5,3.5,-36.87180493378135
8.75,3.5,-36.953311903721904
10.25,3.5,-37.49701865605917
10.5,3.5,-37.593115466509275
10.75,3.5,-37.68990408418608
11.0,3.5,-37.78712329336542
11.25,3.5,-37.884537142326835
11.5,3.5,-37.981939125416766
11.75,3.5,-38.079145051495594
12.0,3.5,-38.175995775461836
12.25,3.5,-38.272352911929005
12.5,3.5,-38.36809661635663
12.75,3.5,-38.46312665746431
13.0,3.5,-38.55735526862834
13.25,3.5,-38.650712541189556
13.5,3.5,-38.74313689545212
13.75,3.5,-38.8345815952816
14.0,3.5,-38.925006193581275
14.25,3.5,-39.01438107732283
14.5,3.5,-39.10268262191512
14.75,3.5,-39.189893866170365
15.0,3.5,-39.27600449601421
15.25,3.5,-39.36100703774363
15.5,3.5,-39.444901281736435
15.75,3.5,-39.52768668721916
16.0,3.5,-39.60937009722878
16.25,3.5,-39.68995597352811
16.5,3.5,-39.76945585093078
16.75,3.5,-39.84787813773899
17.0,3.5,-39.92523750465901
17.25,3.5,-40.00154568141397
17.5,3.5,-40.07681918480153
17.75,3.5,-40.15107231586385
18.0,3.5,-40.22432222047211
18.25,3.5,-40.29658501964009
18.5,3.5,-40.36787768666004
18.75,3.5,-40.43821773382194
19.0,3.5,-40.50762166928379
19.25,3.5,-40.57610814771862
19.5,3.5,-40.64369307734735
19.75,3.5,-40.710395864206966
20.0,3.5,-40.776231618785
20.25,3.5,-40.841219988469895
20.5,3.5,-40.90537517308145
20.75,3.5,-40.96871667459598
21.0,3.5,-41.03125790162771
21.25,3.5,-41.09301799882534
21.5,3.5,-41.15400982420258
21.75,3.5,-41.21425196813358
22.0,3.5,-41.27375691564717
22.25,3.5,-41.33254242771544
22.5,3.5,-41.39062071183966
22.75,3.5,-41.44800842762761
23.0,3.5,-41.504717619932265
1.0,3.75,-37.127898761653285
1.25,3.75,-37.03104845957417
1.5,3.75,-36.93635256465808
1.75,3.75,-36.844273480196144
2.0,3.75,-36.75530003015889
2.25,3.75,-36.66994188462294
2.5,3.75,-36.588727927411064
2.75,3.75,-36.51219195615682
3.0,3.75,-36.44086301544169
3.25,3.75,-36.375260512908476
3.5,3.75,-36.31587961865029
3.75,3.75,-36.26317919028431
4.0,3.75,-36.21757616770199
4.25,3.75,-36.17943647018131
4.5,3.75,-36.149067050552986
4.75,3.75,-36.126713067588796
5.0,3.75,-36.11255485275552
5.25,3.75,-36.10670570486511
5.5,3.75,-36.109213001459686
5.75,3.75,-36.120057895856576
6.0,3.75,-36.139152678889545
6.25,3.75,-36.16634192363924
6.5,3.75,-36.201406430223514
6.75,3.75,-36.244064116680796
7.0,3.75,-36.29397223643659
7.25,3.75,-36.350734392786634
7.5,3.75,-36.41390673791171
7.75,3.75,-36.48300628824613
8.0,3.75,-36.55752314695463
8.25,3.75,-36.63693036095121
8.5,3.75,-36.720694129694984
8.75,3.75,-36.80828368315756
10.25,3.75,-37.38682495060877
10.5,3.75,-37.488141364843045
10.75,3.75,-37.58993280772757
11.0,3.75,-37.6919320343203
11.25,3.75,-37.79390098259823
11.5,3.75,-37.89563326665056
11.75,3.75,-37.99694932081025
12.0,3.75,-38.09769404039824
12.25,3.75,-38.197736980929236
12.5,3.75,-38.29696501931642
12.75,3.75,-38.39528693055491
13.0,3.75,-38.49262372928852
13.25,3.75,-38.588914462650116
13.5,3.75,-38.684107508633346
13.75,3.75,-38.77816437714247
14.0,3.75,-38.87105467228905
14.25,3.75,-38.96275618313241
14.5,3.75,-39.05325476363736
14.75,3.75,-39.14254028848715
15.0,3.75,-39.230610964087575
15.25,3.75,-39.31746570035517
15.5,3.75,-39.40311149153225
15.75,3.75,-39.48755369501182
16.0,3.75,-39.57080501787154
16.25,3.75,-39.65287550469131
16.5,3.75,-39.73378155413257
16.75,3.75,-39.813536992853244
17.0,3.75,-39.89216056658659
17.25,3.75,-39.96966907116533
17.5,3.75,-40.04608228456731
17.75,3.75,-40.12141896801974
18.0,3.75,-40.195698826194985
18.25,3.75,-40.268941861732976
18.5,3.75,-40.3411672292325
18.75,3.75,-40.41239589592508
19.0,3.75,-40.48264639645387
19.25,3.75,-40.551940409836824
19.5,3.75,-40.620295712403134
19.75,3.75,-40.68773421109931
20.0,3.75,-40.754272697323
20.25,3.75,-40.819932822040776
20.5,3.75,-40.884730355934124
20.75,3.75,-40.94868644369931
21.0,3.75,-41.011816034998496
21.25,3.75,-41.074139650676386
21.5,3.75,-41.13567163580526
21.75,3.75,-41.19643170249357
22.0,3.75,-41.25643369127428
22.25,3.75,-41.31569624998231
22.5,3.75,-41.374232779652075
22.75,3.75,-41.43206067334353
23.0,3.75,-41.48919303131348
1.0,4.0,-37.00215062184115
1.25,4.0,-36.89898399776809
1.5,4.0,-36.79780594653407
1.75,4.0,-36.699121346590886
2.0,4.0,-36.60347024699697
2.25,4.0,-36.51142495143831
2.5,4.0,-36.423586301278085
2.75,4.0,-36.34056689947388
3.0,4.0,-36.262982629745665
3.25,4.0,-36.19144365999876
3.5,4.0,-36.126535291317865
3.75,4.0,-36.068806218421464
4.0,4.0,-36.01875951023399
4.25,4.0,-35.97683778675546
4.5,4.0,-35.94341386759723
4.75,4.0,-35.91878740216026
5.0,4.0,-35.9031797283179
5.25,4.0,-35.896729965341045
5.5,4.0,-35.89949548621077
5.75,4.0,-35.91145248284903
6.0,4.0,-35.93249408884854
6.25,4.0,-35.96243034165298
6.5,4.0,-36.00099285291946
6.75,4.0,-36.04783862386768
7.0,4.0,-36.1025519996642
7.25,4.0,-36.16465293936768
7.5,4.0,-36.23360922730652
7.75,4.0,-36.308847370770515
8.0,4.0,-36.38976638122077
8.25,4.0,-36.47575139044403
8.5,4.0,-36.566186101809386
8.75,4.0,-36.66046492849903
10.25,4.0,-37.27650887786609
10.5,4.0,-37.383327392218966
10.75,4.0,-37.490364851742235
11.0,4.0,-37.59735046327188
11.25,4.0,-37.70404843226218
11.5,4.0,-37.81025542087185
11.75,4.0,-37.91579985421251
12.0,4.0,-38.020534141884795
12.25,4.0,-38.12433816321193
12.5,4.0,-38.227109198178006
12.75,4.0,-38.328766754936055
13.0,4.0,-38.42924371528341
13.25,4.0,-38.528489235767374
13.5,4.0,-38.626463608516104
13.75,4.0,-38.723137478325576
14.0,4.0,-38.81849162479928
14.25,4.0,-38.91251235596111
14.5,4.0,-39.005195756995455
14.75,4.0,-39.09653986767016
15.0,4.0,-39.186551805511854
15.25,4.0,-39.275238010056604
15.5,4.0,-39.36261269344571
15.75,4.0,-39.448687963610396
16.0,4.0,-39.5334822977918
16.25,4.0,-39.617011998754094
16.5,4.0,-39.69929829736823
16.75,4.0,-39.78036089686328
17.0,4.0,-39.860222582555274
17.25,4.0,-39.93890539566655
17.5,4.0,-40.01643234900895
17.75,4.0,-40.09282670779673
18.0,4.0,-40.16811085180144
18.25,4.0,-40.24230872422557
18.5,4.0,-40.31544190843207
18.75,4.0,-40.387534849866
19.0,4.0,-40.458608319274234
19.25,4.0,-40.52868690910731
19.5,4.0,-40.59779035415783
19.75,4.0,-40.66594286802575
20.0,4.0,-40.73316297204008
20.25,4.0,-40.799474170416744
20.5,4.0,-40.864893888541204
20.75,4.0,-40.92944484629357
21.0,4.0,-40.99314362765186
21.25,4.0,-41.056012092887485
21.5,4.0,-41.11806612232934
21.75,4.0,-41.1793265071221
22.0,4.0,-41.2398084473537
22.25,4.0,-41.299531445441076
22.5,4.0,-41.35851009321185
22.75,4.0,-41.41676251393167
23.0,4.0,-41.47430286833415
1.0,4.25,-36.87559852529923
1.25,4.25,-36.76564214801311
1.5,4.25,-36.657449942090004
1.75,4.25,-36.55156922459537
2.0,4.25,-36.44859365354616
2.25,4.25,-36.349163116129645
2.5,4.25,-36.253957488414436
2.75,4.25,-36.16367951372828
3.0,4.25,-36.079047221354465
3.25,4.25,-36.000778744809
3.5,4.25,-35.929569598400455
3.75,4.25,-35.86608031673726
4.0,4.25,-35.810921016970894
4.25,4.25,-35.764631269746594
4.5,4.25,-35.727669232771134
4.75,4.25,-35.70040475183114
5.0,4.25,-35.68311142890358
5.25,4.25,-35.6759623602875
5.5,4.25,-35.67902877263603
5.75,4.25,-35.69227959293713
6.0,4.25,-35.71558232128518
6.25,4.25,-35.74870375123205
6.5,4.25,-35.79131238435649
6.75,4.25,-35.842984731647924
7.0,4.25,-35.90321210879644
7.25,4.25,-35.97141065032875
7.5,4.25,-36.04693797273694
7.75,4.25,-36.12910949802404
8.0,4.25,-36.21721474187152
8.25,4.25,-36.31053476705592
8.5,4.25,-36.408357790985264
8.75,4.25,-36.50999429127697
10.25,4.25,-37.16635803208726
10.5,4.25,-37.27895921290269
10.75,4.25,-37.391479367808046
11.0,4.25,-37.50364839183356
11.25,4.25,-37.61523759656757
11.5,4.25,-37.72605134120907
11.75,4.25,-37.8359292576027
12.0,4.25,-37.944735563750875
12.25,4.25,-38.052362646632375
12.5,4.25,-38.15872192611663
12.75,4.25,-38.26374558273291
13.0,4.25,-38.36738126137219
13.25,4.25,-38.46959004139706
13.5,4.25,-38.57034596768394
13.75,4.25,-38.669630475921565
14.0,4.25,-38.76743650696103
14.25,4.25,-38.863760374390765
14.5,4.25,-38.9586087619073
14.75,4.25,-39.05198903021852
15.0,4.25,-39.14391714995536
15.25,4.25,-39.234407950751475
15.5,4.25,-39.32348279115773
15.75,4.25,-39.41116135144532
16.0,4.25,-39.49746805773529
16.25,4.25,-39.58242620341467
16.5,4.25,-39.66606206212693
16.75,4.25,-39.74840155475802
17.0,4.25,-39.82947152101503
17.25,4.25,-39.90929921322713
17.5,4.25,-39.987910861781366
17.75,4.25,-40.06533414815521
18.0,4.25,-40.14159429282981
18.25,4.25,-40.21671917621079
18.5,4.25,-40.29073307440512
18.75,4.25,-40.36366386523185
19.0,4.25,-40.435534733271716
19.25,4.25,-40.506373029521434
19.5,4.25,-40.57620053423751
19.75,4.25,-40.64504360633944
20.0,4.25,-40.71292259087648
20.25,4.25,-40.77986275892159
20.5,4.25,-40.84588329760612
20.75,4.25,-40.911008448101995
21.0,4.25,-40.97525647859811
21.25,4.25,-41.038650507583455
21.5,4.25,-41.101207925952096
21.75,4.25,-41.16295051408257
22.0,4.25,-41.22389479014706
22.25,4.25,-41.28406106605402
22.5,4.25,-41.34346511467204
22.75,4.25,-41.402125796469846
23.0,4.25,-41.46005834477585
1.0,4.5,-36.7485642975016
1.25,4.5,-36.63132616715133
1.5,4.5,-36.51555679381736
1.75,4.5,-36.40184391401329
2.0,4.5,-36.2908360349619
2.25,4.5,-36.18324470029263
2.5,4.5,-36.07983599261404
2.75,4.5,-35.981415204273475
3.0,4.5,-35.888818902977754
3.25,4.5,-35.8028931202043
3.5,4.5,-35.72446881468703
3.75,4.5,-35.65434585284956
4.0,4.5,-35.59326811246701
4.25,4.5,-35.54189924217908
4.5,4.5,-35.50080888941323
4.75,4.5,-35.47045851049166
5.0,4.5,-35.45118950153665
5.25,4.5,-35.44321924036587
5.5,4.5,-35.44663813443655
5.75,4.5,-35.4614067136272
6.0,4.5,-35.487357821333575
6.25,4.5,-35.52420026625973
6.5,4.5,-35.57152067796202
6.75,4.5,-35.628790758804605
7.0,4.5,-35.69538137745848
7.25,4.5,-35.77057819285271
7.5,4.5,-35.85360175383168
7.75,4.5,-35.943630344910716
8.0,4.5,-36.03982149748404
8.25,4.5,-36.14133401122204
8.5,4.5,-36.247346792331065
8.75,4.5,-36.35707653192322
10.25,4.5,-37.05670124137965
10.5,4.5,-37.17535851562917
10.75,4.5,-37.29358700455405
11.0,4.5,-37.411123196300125
11.25,4.5,-37.527750172436654
11.5,4.5,-37.64328589514768
11.75,4.5,-37.75758490812961
12.0,4.5,-37.870528416657415
12.25,4.5,-37.98202438733473
12.5,4.5,-38.092002074027576
12.75,4.5,-38.2004086522487
13.0,4.5,-38.307208563314475
13.25,4.5,-38.41237668383476
13.5,4.5,-38.51590200522942
13.75,4.5,-38.61777877289506
14.0,4.5,-38.71801308794316
14.25,4.5,-38.8166132137942
14.5,4.5,-38.91359697065466
14.75,4.5,-39.008982274523795
15.0,4.5,-39.10279390410884
15.25,4.5,-39.19505571528526
15.5,4.5,-39.285796126847345
15.75,4.5,-39.375042926732895
16.0,4.5,-39.46282666869856
16.25,4.5,-39.54917806911634
16.5,4.5,-39.634128646746404
16.75,4.5,-39.717710662258455
17.0,4.5,-39.79995511790631
17.25,4.5,-39.880894423741516
17.5,4.5,-39.96055821123065
17.75,4.5,-40.03897855275339
18.0,4.5,-40.11618377877869
18.25,4.5,-40.19220564000747
18.5,4.5,-40.267071274590705
18.75,4.5,-40.340811781929176
19.0,4.5,-40.413452799922254
19.25,4.5,-40.48502420217503
19.5,4.5,-40.55554988161542
19.75,4.5,-40.625058240778706
20.0,4.5,-40.69357160818022
20.25,4.5,-40.761117024327774
20.5,4.5,-40.82771557894957
20.75,4.5,-40.893393006172765
21.0,4.5,-40.95816927957644
21.25,4.5,-41.02206867554233
21.5,4.5,-41.08511003186904
21.75,4.5,-41.14731601675366
22.0,4.5,-41.2087044091032
22.25,4.5,-41.26929628674663
22.5,4.5,-41.329108584362984
22.75,4.5,-41.38816089709288
23.0,4.5,-41.446469519957446
1.0,4.75,-36.62143194754087
1.25,4.75,-36.49640611852782
1.5,4.75,-36.372469614021774
1.75,4.75,-36.25024632370013
2.0,4.75,-36.1304385722168
2.25,4.75,-36.013831233163486
2.5,4.75,-35.90128266612496
2.75,4.75,-35.793712995189225
3.0,4.75,-35.6920942907906
3.25,4.75,-35.597423651221916
3.5,4.75,-35.510698103769165
3.75,4.75,-35.432890797407
4.0,4.75,-35.364915066477344
4.25,4.75,-35.307595860945504
4.5,4.75,-35.26164882176866
4.75,4.75,-35.227656166164095
5.0,4.75,-35.20605021816215
5.25,4.75,-35.19710735157788
5.5,4.75,-35.20094309681607
5.75,4.75,-35.21750810080725
6.0,4.75,-35.246589443793745
6.25,4.75,-35.28781625099421
6.5,4.75,-35.34066569833697
6.75,4.75,-35.40447330164996
7.0,4.75,-35.47845350340564
7.25,4.75,-35.561724660427146
7.5,4.75,-35.65333544030929
7.75,4.75,-35.75229505365945
8.0,4.75,-35.85760233919379
8.25,4.75,-35.968273552706464
8.5,4.75,-36.08336492730472
8.75,4.75,-36.20199073021545
10.25,4.75,-36.94791405252586
10.5,4.75,-37.072886688686744
10.75,4.75,-37.197031468592755
11.0,4.75,-37.320099521215106
11.25,4.75,-37.441890958728266
11.5,4.75,-37.56224372882849
11.75,4.75,-37.68103143171747
12.0,4.75,-37.798157181681596
12.25,4.75,-37.913548403570964
12.5,4.75,-38.02715572738589
12.75,4.75,-38.13894459049824
13.0,4.75,-38.248898185311575
13.25,4.75,-38.357007578965856
13.5,4.75,-38.46327762724301
13.75,4.75,-38.56771726007208
14.0,4.75,-38.670346264294565
14.25,4.75,-38.77118630165848
14.5,4.75,-38.87026661832701
14.75,4.75,-38.96761669177286
15.0,4.75,-39.06327037801477
15.25,4.75,-39.157261353584374
15.5,4.75,-39.249625505957944
15.75,4.75,-39.340399275318426
16.0,4.75,-39.42961961411065
16.25,4.75,-39.51732470666639
16.5,4.75,-39.60355130609664
16.75,4.75,-39.68833776289616
17.0,4.75,-39.77171930064007
17.25,4.75,-39.85373339340873
17.5,4.75,-39.93441342034148
17.75,4.75,-40.01379591011151
18.0,4.75,-40.09191265748382
18.25,4.75,-40.16879918819201
18.5,4.75,-40.2444855957464
18.75,4.75,-40.31900590018858
19.0,4.75,-40.392388152290984
19.25,4.75,-40.46466449525012
19.5,4.75,-40.53586098996191
19.75,4.75,-40.606008009112685
20.0,4.75,-40.67513000645822
20.25,4.75,-40.743255784532224
20.5,4.75,-40.8104084171105
20.75,4.75,-40.876615071396884
21.0,4.75,-40.94189740830604
21.25,4.75,-41.00628077618677
21.5,4.75,-41.06978542162765
21.75,4.75,-41.13243486120631
22.0,4.75,-41.1942481285681
22.25,4.75,-41.255247072109505
22.5,4.75,-41.31544978479514
22.75,4.75,-41.37487658903648
23.0,4.75,-41.433544800323844
1.0,5.0,-36.49465507959536
1.25,5.0,-36.36133236504571
1.5,5.0,-36.2286216470245
1.75,5.0,-36.09717468801697
2.0,5.0,-35.9677424261666
2.25,5.0,-35.84118107784531
2.5,5.0,-35.718445531767564
2.75,5.0,-35.60058217473971
3.0,5.0,-35.48871638875375
3.25,5.0,-35.384023406644374
3.5,5.0,-35.28770216326288
3.75,5.0,-35.20094036966036
4.0,5.0,-35.12486821837973
4.25,5.0,-35.0605223217801
4.5,5.0,-35.00881061242409
4.75,5.0,-34.97047670532001
5.0,5.0,-34.94607780837814
5.25,5.0,-34.935971531994895
5.5,5.0,-34.94030655376952
5.75,5.0,-34.95901955040212
6.0,5.0,-34.99183616578125
6.25,5.0,-35.03827666069962
6.5,5.0,-35.097669107497694
6.75,5.0,-35.16916869491819
7.0,5.0,-35.25178576057166
7.25,5.0,-35.344422244980805
7.5,5.0,-35.44590985731939
7.75,5.0,-35.55505031692574
8.0,5.0,-35.67065348823343
8.25,5.0,-35.79157087209143
8.5,5.0,-35.91672271679114
8.75,5.0,-36.04511465177043
10.25,5.0,-36.840418307708106
10.5,5.0,-36.971944490665514
10.75,5.0,-37.10218956633585
11.0,5.0,-37.230928488438025
11.25,5.0,-37.35798515579501
11.5,5.0,-37.48322456516364
11.75,5.0,-37.60654497516618
12.0,5.0,-37.727876031421715
12.25,5.0,-37.847168780112874
12.5,5.0,-37.964397756303036
12.75,5.0,-38.07954980141042
13.0,5.0,-38.192628547002116
13.25,5.0,-38.303644124089885
13.5,5.0,-38.41261874344229
13.75,5.0,-38.519578265131415
14.0,5.0,-38.624556886406936
14.25,5.0,-38.727590640536334
14.5,5.0,-38.82872015766146
14.75,5.0,-38.927986805899984
15.0,5.0,-39.02543368830231
15.25,5.0,-39.12110484426424
15.5,5.0,-39.21504425889608
15.75,5.0,-39.30729749929101
17.25,5.0,-39.82785631953208
17.5,5.0,-39.909513846622374
17.75,5.0,-39.98982106384243
18.0,5.0,-40.06881343763061
18.25,5.0,-40.14653005404787
18.5,5.0,-40.22300398816558
18.75,5.0,-40.29827192998225
19.0,5.0,-40.372364389530105
19.25,5.0,-40.4453156697199
19.5,5.0,-40.51715412376299
19.75,5.0,-40.58791205437711
20.0,5.0,-40.65761609851761
20.25,5.0,-40.72629670750601
20.5,5.0,-40.7939788673925
20.75,5.0,-40.86069101921443
21.0,5.0,-40.92645642076192
21.25,5.0,-40.991301413323136
21.5,5.0,-41.05524764827466
21.75,5.0,-41.118319522350376
22.0,5.0,-41.180537376336105
22.25,5.0,-41.2419238840615
22.5,5.0,-41.30249831330441
22.75,5.0,-41.362281711265034
23.0,5.0,-41.42129236250823
1.0,5.25,-36.368765347966
1.25,5.25,-36.22664357780642
1.5,5.25,-36.084543742397834
1.75,5.25,-35.943133262786105
2.0,5.25,-35.80320167052112
2.25,5.25,-35.66566950662096
2.5,5.25,-35.53158787911304
2.75,5.25,-35.40213659828372
3.0,5.25,-35.27861095319168
3.25,5.25,-35.162394140617614
3.5,5.25,-35.054928169337
3.75,5.25,-34.95766665388121
4.0,5.25,-34.87201921416828
4.25,5.25,-34.799301410709305
4.5,5.25,-34.740678014385594
4.75,5.25,-34.69711309187823
5.0,5.25,-34.66933740082418
5.25,5.25,-34.65782232900084
5.5,5.25,-34.66276302952612
5.75,5.25,-34.68407531775894
6.0,5.25,-34.72139841870352
6.25,5.25,-34.77410284329877
6.5,5.25,-34.841312111331476
6.75,5.25,-34.92193704064756
7.0,5.25,-35.01471768015752
7.25,5.25,-35.118274927221144
7.5,5.25,-35.231166139150226
7.75,5.25,-35.351939366827516
8.0,5.25,-35.479182255108064
8.25,5.25,-35.611560036949626
8.5,5.25,-35.74784577299644
8.75,5.25,-35.88693525578853
10.25,5.25,-36.73468499072277
10.5,5.25,-36.87297221779083
10.75,5.25,-37.0094702846172
11.0,5.25,-37.143987462843036
11.25,5.25,-37.27637929328888
11.5,5.25,-37.40654462675904
11.75,5.25,-37.534413121163354
12.0,5.25,-37.659945758403765
12.25,5.25,-37.78312217372018
12.5,5.25,-37.903943310409815
12.75,5.25,-38.022420400716385
13.0,5.25,-38.13857878393611
13.25,5.25,-38.25244986880381
13.5,5.25,-38.36407442799417
13.75,5.25,-38.47349702641622
14.0,5.25,-38.580767188277235
14.25,5.25,-38.68593626114675
14.5,5.25,-38.78905673991196
14.75,5.25,-38.8901822976748
15.0,5.25,-38.98936571816512
15.25,5.25,-39.08666161213542
15.5,5.25,-39.18212239828182
15.75,5.25,-39.2758026384033
17.25,5.25,-39.80330174189862
17.5,5.25,-39.885895391109074
17.75,5.25,-39.96708770184368
18.0,5.25,-40.04691773597747
18.25,5.25,-40.12542774236168
18.5,5.25,-40.202653711756675
18.75,5.25,-40.278634837149106
19.0,5.25,-40.35340425147347
19.25,5.25,-40.426998474997305
19.5,5.25,-40.4994483479785
19.75,5.25,-40.570788096245
20.0,5.25,-40.64104652726776
20.25,5.25,-40.71025555955296
20.5,5.25,-40.778441925690466
20.75,5.25,-40.84563514237915
21.0,5.25,-40.91185994494775
21.25,5.25,-40.97714360022523
21.5,5.25,-41.04150915955218
21.75,5.25,-41.104981931914764
22.0,5.25,-41.167583591014456
22.25,5.25,-41.2293376597479
22.5,5.25,-41.29026455980427
22.75,5.25,-41.35038603918965
23.0,5.25,-41.409721296500024
1.0,5.5,-36.24437427573996
1.25,5.5,-36.09297421441597
1.5,5.5,-35.940880061833724
1.75,5.5,-35.78875674562521
2.0,5.5,-35.63741474049526
2.25,5.5,-35.48782427601958
2.5,5.5,-35.34112494462208
2.75,5.5,-35.19863045022645
3.0,5.5,-35.06181954143298
3.25,5.5,-34.93231365393443
3.5,5.5,-34.811843862997655
3.75,5.5,-34.702193431657264
4.0,5.5,-34.60513203760375
4.25,5.5,-34.522343346511036
4.5,5.5,-34.455340803500896
4.75,5.5,-34.40539634496772
5.0,5.5,-34.37348520937219
5.25,5.5,-34.360240259442804
5.5,5.5,-34.36592482480434
5.75,5.5,-34.39042487429666
6.0,5.5,-34.43325401515723
6.25,5.5,-34.493570919242025
6.5,5.5,-34.57021470096417
6.75,5.5,-34.66175996716622
7.0,5.5,-34.766583879150645
7.25,5.5,-34.88294174627786
7.5,5.5,-35.00904585584362
7.75,5.5,-35.143136897775534
8.0,5.5,-35.283544464588005
8.25,5.5,-35.428728716541364
8.5,5.5,-35.57730892724338
8.75,5.5,-35.72807639646968
10.25,5.5,-36.6312332105672
10.5,5.5,-36.7764480662684
10.75,5.5,-36.91931128721115
11.0,5.5,-37.05967488267842
11.25,5.5,-37.19743562342301
11.5,5.5,-37.33253290975671
11.75,5.5,-37.464934411405494
12.0,5.5,-37.59463640829241
12.25,5.5,-37.7216516394529
13.75,5.5,-38.429605685088426
14.0,5.5,-38.53909807288167
14.25,5.5,-38.64633304675204
14.5,5.5,-38.751375627922464
14.75,5.5,-38.85429243794994
15.0,5.5,-38.95514692447493
15.25,5.5,-39.05400457703782
15.5,5.5,-39.15092653895098
15.75,5.5,-39.24597585673268
17.25,5.5,-39.78010682270738
17.5,5.5,-39.86359254999127
17.75,5.5,-39.94562788658795
18.0,5.5,-40.02625530704356
18.25,5.5,-40.10551983951928
18.5,5.5,-40.183460337459636
18.75,5.5,-40.26011840275979
19.0,5.5,-40.335529939219974
19.25,5.5,-40.409733716386555
19.5,5.5,-40.482763144204995
19.75,5.5,-40.55465428984745
20.0,5.5,-40.62543804785115
20.25,5.5,-40.69514764830593
20.5,5.5,-40.76381146549399
20.75,5.5,-40.83146001269387
21.0,5.5,-40.898119477638176
21.25,5.5,-40.963818054981175
21.5,5.5,-41.02858018746115
21.75,5.5,-41.09243207655547
22.0,5.5,-41.155396655407415
22.25,5.5,-41.21749821504711
22.5,5.5,-41.27875821680106
22.75,5.5,-41.339199028565716
23.0,5.5,-41.39884068832319
1.0,5.75,-36.12217965432077
1.25,5.75,-35.96106462148697
1.5,5.75,-35.798400642997514
1.75,5.75,-35.63482506817948
2.0,5.75,-35.47114338706966
2.25,5.75,-35.30835206767564
2.5,5.75,-35.14766075813523
2.75,5.75,-34.99050640854463
3.0,5.75,-34.83855591093695
3.25,5.75,-34.693693401470746
3.5,5.75,-34.55798701449083
3.75,5.75,-34.43362650351256
4.0,5.75,-34.32284416566671
4.25,5.75,-34.227812219565756
4.5,5.75,-34.15052501187591
4.75,5.75,-34.092691765172184
5.0,5.75,-34.055639632844226
5.25,5.75,-34.04023697586732
5.5,5.75,-34.04684885370829
5.75,5.75,-34.07531831201513
6.0,5.75,-34.124973459478184
6.25,5.75,-34.19466402511404
6.5,5.75,-34.28282392646758
6.75,5.75,-34.38755928230292
7.0,5.75,-34.50675579298304
7.25,5.75,-34.6381921486172
7.5,5.75,-34.779649370206
7.75,5.75,-34.929001854780275
8.0,5.75,-35.0842870288936
8.25,5.75,-35.24374890056592
8.5,5.75,-35.40585747053687
8.75,5.75,-35.56931468410943
10.25,5.75,-36.530627842126535
10.5,5.75,-36.682885695169304
10.75,5.75,-36.83217717627988
11.0,5.75,-36.978408682961465
11.25,5.75,-37.12152882963721
11.5,5.75,-37.26152499777927
11.75,5.75,-37.39840977578921
12.0,5.75,-37.532218608421594
12.25,5.75,-37.663000814407646
13.75,5.75,-38.388030286382325
14.0,5.75,-38.49966320559804
14.25,5.75,-38.608884154150346
14.5,5.75,-38.715771087374335
14.75,5.75,-38.820403669725756
15.0,5.75,-38.92285658788782
15.25,5.75,-39.02320612978196
15.5,5.75,-39.12152235246812
15.75,5.75,-39.21787639344848
17.25,5.75,-39.75830724725716
17.5,5.75,-39.84263832502623
17.75,5.75,-39.92547182839939
18.0,5.75,-40.00685358246425
18.25,5.75,-40.086831286373965
18.5,5.75,-40.16544678490391
18.75,5.75,-40.2427440966095
19.0,5.75,-40.31876193157947
19.25,5.75,-40.393541151455665
19.5,5.75,-40.46711755209984
19.75,5.75,-40.53952878296374
20.0,5.75,-40.61080764248985
20.25,5.75,-40.680988563582225
20.5,5.75,-40.75010156681009
20.75,5.75,-40.81817824388867
21.0,5.75,-40.885246333071834
21.25,5.75,-40.95133504063337
21.5,5.75,-41.01647019987905
21.75,5.75,-41.08067885132408
22.0,5.75,-41.14398504937093
22.25,5.75,-41.206413711897305
22.5,5.75,-41.26798717833373
22.75,5.75,-41.328728331621576
23.0,5.75,-41.38865796614918
1.0,6.0,-36.00296290990318
1.25,6.0,-35.83176099136256
1.5,6.0,-35.65800803126991
1.75,6.0,-35.48228123041986
2.0,6.0,-35.30534450683909
2.25,6.0,-35.1281838606827
2.5,6.0,-34.95204426339971
2.75,6.0,-34.7784589150707
3.0,6.0,-34.60927226422016
3.25,6.0,-34.44664319256268
3.5,6.0,-34.293021714092106
3.75,6.0,-34.151090087502105
4.0,6.0,-34.02366974698661
4.25,6.0,-33.91358491511916
4.5,6.0,-33.82350099071243
4.75,6.0,-33.75575708147964
5.0,6.0,-33.712200962093895
5.25,6.0,-33.694057876305955
5.5,6.0,-33.70184799422216
5.75,6.0,-33.735348470592385
6.0,6.0,-33.79360682370922
6.25,6.0,-33.875010231893526
6.5,6.0,-33.977400221136534
6.75,6.0,-34.09822118038724
7.0,6.0,-34.23469093732474
7.25,6.0,-34.38396899054533
7.5,6.0,-34.54330358037714
7.75,6.0,-34.71014305022078
8.0,6.0,-34.882207415913214
8.25,6.0,-35.05752674054633
8.5,6.0,-35.234443853447814
8.75,6.0,-35.41160248428571
10.25,6.0,-36.43347419479409
10.5,6.0,-36.59282734831855
10.75,6.0,-36.74855252566352
11.0,6.0,-36.90062157388473
11.25,6.0,-37.04904477432473
11.5,6.0,-37.19386422328647
11.75,6.0,-37.335143447647596
12.0,6.0,-37.47296144447845
12.25,6.0,-37.607407885336634
13.75,6.0,-38.34889530283141
14.0,6.0,-38.46257296923411
14.25,6.0,-38.57368776248273
14.5,6.0,-38.68233141198403
14.75,6.0,-38.788596465701644
15.0,6.0,-38.89256871395006
15.25,6.0,-38.994334379401685
15.5,6.0,-39.09397211415945
15.75,6.0,-39.19156074671429
17.25,6.0,-39.73793692553066
17.5,6.0,-39.823063922172494
17.75,6.0,-39.90664797698263
18.0,6.0,-39.988738331586035
18.25,6.0,-40.06938547510459
18.5,6.0,-40.14863447647503
18.75,6.0,-40.22653181522504
19.0,6.0,-40.30311892965196
19.25,6.0,-40.378438496590114
19.5,6.0,-40.452528375477016
19.75,6.0,-40.525427488021
20.0,6.0,-40.597170334997934
20.25,6.0,-40.66779248170463
20.5,6.0,-40.73732561747391
20.75,6.0,-40.80580250133211
21.0,6.0,-40.873252482081625
21.25,6.0,-40.9397058155211
21.5,6.0,-41.00518967681737
21.75,6.0,-41.06973187853335
22.0,6.0,-41.13335747905272
22.25,6.0,-41.19609194043007
22.5,6.0,-41.25795839320866
22.75,6.0,-41.31898020222905
23.0,6.0,-41.37917888257212
1.0,6.25,-35.88758587639995
1.25,6.25,-35.706017367152555
1.5,6.25,-35.52074553536592
1.75,6.25,-35.332245909343534
2.0,6.25,-35.14119225275256
2.25,6.25,-34.94850799067033
2.5,6.25,-34.7554188572987
2.75,6.25,-34.563504478552126
3.0,6.25,-34.374749841929535
3.25,6.25,-34.1915754544531
3.5,6.25,-34.0168418060126
3.75,6.25,-33.85380815011962
4.0,6.25,-33.70603491798899
4.25,6.25,-33.577217403685296
4.5,6.25,-33.47096525704415
4.75,6.25,-33.39054083043815
5.0,6.25,-33.3385855142933
5.25,6.25,-33.316885709013675
5.5,6.25,-33.326207260655465
5.75,6.25,-33.36622053191656
6.0,6.25,-33.435531670651024
6.25,6.25,-33.53181508802506
6.5,6.25,-33.652026490105776
6.75,6.25,-33.792662554556955
7.0,6.25,-33.95003137572115
7.25,6.25,-34.12049546288996
7.5,6.25,-34.300659933782214
7.75,6.25,-34.48749787653965
8.0,6.25,-34.67841021859218
8.25,6.25,-34.87124104685865
8.5,6.25,-35.06425330348366
8.75,6.25,-35.256085339179364
10.25,6.25,-36.340412054718634
10.5,6.25,-36.50683818298924
10.75,6.25,-36.66893500138073
11.0,6.25,-36.82675192128908
11.25,6.25,-36.980370306580895
11.5,6.25,-37.129893078255996
11.75,6.25,-37.275438753296505
12.0,6.25,-37.41713320223514
12.25,6.25,-37.55510934766087
13.75,6.25,-38.31231927695406
14.0,6.25,-38.427934213816506
14.25,6.25,-38.54084005535838
14.5,6.25,-38.65114304695747
14.75,6.25,-38.75894845805511
15.0,6.25,-38.86435299892029
15.25,6.25,-38.96745202817548
15.5,6.25,-39.068332472730354
15.75,6.25,-39.16708050210856
17.25,6.25,-39.719027079423704
17.5,6.25,-39.80489779922483
17.75,6.25,-39.889182472766066
18.0,6.25,-39.97193383117234
18.25,6.25,-40.05320518621531
18.5,6.25,-40.13304483041562
18.75,6.25,-40.21150155949456
19.0,6.25,-40.28861932919456
19.25,6.25,-40.36444239787835
19.5,6.25,-40.43901050441539
19.75,6.25,-40.51236375134624
20.0,6.25,-40.5845383062436
20.25,6.25,-40.65557088136931
20.5,6.25,-40.72549480337731
20.75,6.25,-40.794343942531135
21.0,6.25,-40.86214911412981
21.25,6.25,-40.92894147826348
21.5,6.25,-40.99474937806164
21.75,6.25,-41.05960129756941
22.0,6.25,-41.12352322768021
22.25,6.25,-41.18654119514303
22.5,6.25,-41.24867915583974
22.75,6.25,-41.309961030775604
23.0,6.25,-41.37040909089861
1.0,6.5,-35.77698179416907
1.25,6.5,-35.58488792461712
1.5,6.5,-35.38779236084095
1.75,6.5,-35.18602043612683
2.0,6.5,-34.98009618657436
2.25,6.5,-34.770810267274705
2.5,6.5,-34.559288624694446
2.75,6.5,-34.34707426896216
3.0,6.5,-34.13621521829053
3.25,6.5,-33.92933893062092
3.5,6.5,-33.72970814833717
3.75,6.5,-33.54122209334002
4.0,6.5,-33.36834253503999
4.25,6.5,-33.215915845011715
4.5,6.5,-33.088884322811886
4.75,6.5,-32.9918905486474
5.0,6.5,-32.92882401278043
5.25,6.5,-32.902386077391384
5.5,6.5,-32.91375093150193
5.75,6.5,-32.9624100893289
6.0,6.5,-33.04624249685668
6.25,6.5,-33.16178495355227
6.5,6.5,-33.304639814981975
6.75,6.5,-33.46993293552664
7.0,6.5,-33.65273802109831
7.25,6.5,-33.84841256121427
7.5,6.5,-34.052817965206
7.75,6.5,-34.26243423948706
8.0,6.5,-34.47438336633076
8.25,6.5,-34.686393454075116
8.5,6.5,-34.89673050853541
8.75,6.5,-35.10411039347185
10.25,6.5,-36.25210464890923
10.5,6.5,-36.42549794500922
10.75,6.5,-36.59383098457826
11.0,6.5,-36.75724162464527
11.25,6.5,-36.91589023055288
11.5,6.5,-37.06994672619437
11.75,6.5,-37.21958855581765
12.0,6.5,-37.36499164912801
12.25,6.5,-37.50633367655013
13.75,6.5,-38.27841110400308
14.0,6.5,-38.39584529856228
14.25,6.5,-38.51043088259388
14.5,6.5,-38.62228809635656
14.75,6.5,-38.731534031658214
15.0,6.5,-38.838276000401045
15.25,6.5,-38.94261825282177
15.5,6.5,-39.04465624344036
15.75,6.5,-39.14448350803223
17.25,6.5,-39.70160575452154
17.5,6.5,-39.78816529760268
17.75,6.5,-39.87309872571665
18.0,6.5,-39.95646224893105
18.25,6.5,-40.038311764936445
18.5,6.5,-40.11869839218079
18.75,6.5,-40.19767281159734
19.0,6.5,-40.275281152164474
19.25,6.5,-40.351569112600785
19.5,6.5,-40.426578332629894
19.75,6.5,-40.50035026129456
20.0,6.5,-40.57292287731315
20.25,6.5,-40.64433413432518
20.5,6.5,-40.714618920450405
20.75,6.5,-40.78381204962184
21.0,6.5,-40.851945519273755
21.25,6.5,-40.9190511366969
21.5,6.5,-40.98515817144046
21.75,6.5,-41.050295662036326
22.0,6.5,-41.11449047527472
22.25,6.5,-41.17776925015076
22.5,6.5,-41.240156822485574
22.75,6.5,-41.30167774961158
23.0,6.5,-41.36235508710247
1.0,6.75,-35.67214122359897
1.25,6.75,-35.46951383364832
1.5,6.75,-35.260455110387106
1.75,6.75,-35.04508653249867
2.0,6.75,-34.82371220626552
2.25,6.75,-34.596900678110494
2.5,6.75,-34.3655693842546
2.75,6.75,-34.131101095033294
3.0,6.75,-33.895473907135894
3.25,6.75,-33.661400150814615
3.5,6.75,-33.432462361848806
3.75,6.75,-33.213200762080476
4.0,6.75,-33.009119355786616
4.25,6.75,-32.82654584680579
4.5,6.75,-32.672296886772756
4.75,6.75,-32.55311527921313
5.0,6.75,-32.47491759364755
5.25,6.75,-32.441962955856894
5.5,6.75,-32.45614240206927
5.75,6.75,-32.51663391825896
6.0,6.75,-32.6200573082814
6.25,6.75,-32.761061372695664
6.5,6.75,-32.933133815944736
6.75,6.75,-33.12940808662397
7.0,6.75,-33.34330857292193
7.25,6.75,-33.5689758352777
7.5,6.75,-33.80147750413907
7.75,6.75,-34.03685484757278
8.0,6.75,-34.272062346851065
8.25,6.75,-34.50484391319033
8.5,6.75,-34.733596722470494
8.75,6.75,-34.957230383351714
10.25,6.75,-36.16922609168684
10.5,6.75,-36.34938748475327
10.75,6.75,-36.523742511944334
11.0,6.75,-36.692526225915806
11.25,6.75,-36.85598275019612
11.5,6.75,-37.01435311231
11.75,6.75,-37.16787674950952
12.0,6.75,-37.316783079782546
12.25,6.75,-37.461296095278534
12.5,6.75,-37.6016271129823
12.75,6.75,-37.73798010227847
13.0,6.75,-37.87054505947063
13.25,6.75,-37.99950422427343
13.5,6.75,-38.1250265741831
13.75,6.75,-38.24727448159044
14.0,6.75,-38.36639837753782
14.25,6.75,-38.482542777597416
14.5,6.75,-38.59584084733128
14.75,6.75,-38.706420219305706
15.0,6.75,-38.814398215645745
15.25,6.75,-38.919887796906565
15.5,6.75,-39.02299318791599
15.75,6.75,-39.12381528781117
17.25,6.75,-39.68569869234857
17.5,6.75,-39.77288999873342
17.75,6.75,-39.85841861001913
18.0,6.75,-39.942344032726716
18.25,6.75,-40.02472436607942
18.5,6.75,-40.10561304427972
18.75,6.75,-40.185062208630114
19.0,6.75,-40.26311986625875
19.25,6.75,-40.339833090119235
19.5,6.75,-40.41524545492841
19.75,6.75,-40.48939988029584
20.0,6.75,-40.562336198872714
20.25,6.75,-40.63409360306791
20.5,6.75,-40.70470840620043
20.75,6.75,-40.7742162152363
21.0,6.75,-40.842650008585736
21.25,6.75,-40.91004211067761
21.5,6.75,-40.976422598556
21.75,6.75,-41.04182102860033
22.0,6.75,-41.10626509887682
22.25,6.75,-41.169782050515195
22.5,6.75,-41.232397545496
22.75,6.75,-41.29413672882735
23.0,6.75,-41.355023354188624
1.0,7.0,-35.574090565492355
1.25,7.0,-35.36110134498217
1.5,7.0,-35.14014651084838
1.75,7.0,-34.9110877265243
2.0,7.0,-34.67393280460031
2.25,7.0,-34.428924240820294
2.5,7.0,-34.176634945412914
2.75,7.0,-33.91811578879284
3.0,7.0,-33.65506943921537
3.25,7.0,-33.39007116393012
3.5,7.0,-33.12681578959039
3.75,7.0,-32.87035480315378
4.0,7.0,-32.627274404412546
4.25,7.0,-32.405707307755634
4.5,7.0,-32.215059187481266
4.75,7.0,-32.065301165319845
5.0,7.0,-31.965753427081815
5.25,7.0,-31.923471818577475
5.5,7.0,-31.941688641217812
5.75,7.0,-32.01899293789067
6.0,7.0,-32.149696718217655
6.25,7.0,-32.32518152185732
6.5,7.0,-32.535562174170664
6.75,7.0,-32.77109420660243
7.0,7.0,-33.02308186554775
7.25,7.0,-33.28430902635282
7.5,7.0,-33.54912485404498
7.75,7.0,-33.81331764493469
8.0,7.0,-34.073895598656435
8.25,7.0,-34.32883416812984
8.5,7.0,-34.5768466998201
8.75,7.0,-34.817187343312554
10.25,7.0,-36.09245066751812
10.5,7.0,-36.279081294594
10.75,7.0,-36.45915929510733
11.0,7.0,-36.63302412452898
11.25,7.0,-36.801007243772425
11.5,7.0,-36.96342319330506
11.75,7.0,-37.12057407687609
12.0,7.0,-37.27274359646288
12.25,7.0,-37.42020198994693
12.5,7.0,-37.56320006954749
12.75,7.0,-37.701974442153265
13.0,7.0,-37.836743253522386
13.25,7.0,-37.96771268665408
13.5,7.0,-38.09507361036551
13.75,7.0,-38.219007244880515
14.0,7.0,-38.33968102487696
14.25,7.0,-38.4572532646523
14.5,7.0,-38.57186942748295
14.75,7.0,-38.68366719065443
15.0,7.0,-38.792773627967726
15.25,7.0,-38.89931006571655
15.5,7.0,-39.00338902375221
15.75,7.0,-39.1051180677472
17.25,7.0,-39.67133003688359
17.5,7.0,-39.75909480907936
17.75,7.0,-39.84516364891852
18.0,7.0,-39.929598919320284
18.25,7.0,-40.01246059149946
18.5,7.0,-40.093804182129425
18.75,7.0,-40.17368325337664
19.0,7.0,-40.25214768106252
19.25,7.0,-40.3292459387212
19.5,7.0,-40.4050234240386
19.75,7.0,-40.47952435403357
20.0,7.0,-40.55279011537756
20.25,7.0,-40.624860878375486
20.5,7.0,-40.695774136491224
20.75,7.0,-40.76556619815336
21.0,7.0,-40.83427100103567
21.25,7.0,-40.90192148645994
21.5,7.0,-40.968548624599855
21.75,7.0,-41.03418258066064
22.0,7.0,-41.09885187067456
22.25,7.0,-41.162584272955115
22.5,7.0,-41.225406113613225
22.75,7.0,-41.28734295141393
23.0,7.0,-41.348419043627146
1.0,7.25,-35.48386688071161
1.25,7.25,-35.26089274700188
1.5,7.25,-35.028352934546525
1.75,7.25,-34.78579725730399
2.0,7.25,-34.53286167322622
2.25,7.25,-34.269350852134856
2.5,7.25,-33.995334982760916
2.75,7.25,-33.71131494349212
3.0,7.25,-33.418432128137844
3.25,7.25,-33.118771664332954
3.5,7.25,-32.81574122259685
3.75,7.25,-32.514527181176646
4.0,7.25,-32.22257456361406
4.25,7.25,-31.949970873411523
4.5,7.25,-31.709527139856185
4.75,7.25,-31.516165030574548
5.0,7.25,-31.38512217590572
5.25,7.25,-31.328793904795063
5.5,7.25,-31.353113136054755
5.75,7.25,-31.45547126378462
6.0,7.25,-31.625658187322067
6.25,7.25,-31.849132675503142
6.5,7.25,-32.11055165929167
6.75,7.25,-32.39613120101523
7.0,7.25,-32.694675712580995
7.25,7.25,-32.99771791232432
7.5,7.25,-33.29922423085459
7.75,7.25,-33.595132324763355
8.0,7.25,-33.882879437796916
8.25,7.25,-34.1609867878828
8.5,7.25,-34.42872778570412
8.75,7.25,-34.68588197619902
10.25,7.25,-36.02243392939762
10.5,7.25,-36.215133809989474
10.75,7.25,-36.40055149283851
11.0,7.25,-36.57913398252481
11.25,7.25,-36.75130210889721
11.5,7.25,-36.91744581564202
11.75,7.25,-37.077929768176865
12.0,7.25,-37.233090433761184
12.25,7.25,-37.38324153766684
12.5,7.25,-37.528671317021754
12.75,7.25,-37.66964790139965
13.0,7.25,-37.806417512929066
13.25,7.25,-37.939209975341484
13.5,7.25,-38.06823702308863
13.75,7.25,-38.19369679727919
14.0,7.25,-38.3157717149844
14.25,7.25,-38.43463241673947
14.5,7.25,-38.55043608327389
14.75,7.25,-38.663330415672434
15.0,7.25,-38.773452186976634
15.25,7.25,-38.88093058459619
15.5,7.25,-38.98588539704895
15.75,7.25,-39.08842970144889
17.25,7.25,-39.658521821819754
17.5,7.25,-39.74680079927446
17.75,7.25,-39.83335366971382
18.0,7.25,-39.91824507192779
18.25,7.25,-40.001536644937374
18.5,7.25,-40.08328602523363
18.75,7.25,-40.163548451439894
19.0,7.25,-40.24237583846365
19.25,7.25,-40.319818114718785
19.5,7.25,-40.39592227501909
19.75,7.25,-40.47073348400207
20.0,7.25,-40.54429421249475
20.25,7.25,-40.61664524191484
20.5,7.25,-40.68782496947425
20.75,7.25,-40.75787034063524
21.0,7.25,-40.826816281506815
21.25,7.25,-40.89469649361853
21.5,7.25,-40.961542946275564
21.75,7.25,-41.027386500863294
22.0,7.25,-41.09225646470419
22.25,7.25,-41.1561810790718
22.5,7.25,-41.21918718026606
22.75,7.25,-41.28130059226571
23.0,7.25,-41.342545919290494
1.0,7.5,-35.40248934281713
1.25,7.5,-35.1701282549139
1.5,7.5,-34.9265885573003
1.75,7.5,-34.67106660655808
2.0,7.5,-34.40275933873052
2.25,7.5,-34.120926039887856
2.5,7.5,-33.824969489659956
2.75,7.5,-33.514591319601344
3.0,7.5,-33.19000971184147
3.25,7.5,-32.85231349694927
3.5,7.5,-32.50396105049636
3.75,7.5,-32.14949133831601
4.0,7.5,-31.796437423687163
4.25,7.5,-31.456405954244765
4.5,7.5,-31.146144852832972
4.75,7.5,-30.887952886681113
5.0,7.5,-30.707720498388255
5.25,7.5,-30.62877468481402
5.5,7.5,-30.662973617039743
5.75,7.5,-30.805047909142193
6.0,7.5,-31.035205184576903
6.25,7.5,-31.327599452514626
6.5,7.5,-31.658048767802256
6.75,7.5,-32.007552885827465
7.0,7.5,-32.362563301095555
7.25,7.5,-32.714052003118965
7.5,7.5,-33.05640388053837
7.75,7.5,-33.386424978403916
8.0,7.5,-33.70254990990565
8.25,7.5,-34.00426206994412
8.5,7.5,-34.29168566481657
8.75,7.5,-34.565320341382645
10.25,7.5,-35.95979779814133
10.5,7.5,-36.15806351427643
10.75,7.5,-36.34835464941354
11.0,7.5,-36.531224633326936
11.25,7.5,-36.707181603545216
11.5,7.5,-36.87668920705423
11.75,7.5,-37.040172774805896
12.0,7.5,-37.198019367641535
12.25,7.5,-37.35058345105497
12.5,7.5,-37.49818796298404
12.75,7.5,-37.64113022076154
13.0,7.5,-37.7796827626349
13.25,7.5,-37.91409757879648
13.5,7.5,-38.04460575179505
13.75,7.5,-38.171420756973305
14.0,7.5,-38.29473847368167
14.25,7.5,-38.41474072120582
14.5,7.5,-38.531595542754374
14.75,7.5,-38.645460008948184
15.0,7.5,-38.75647977180218
15.25,7.5,-38.86479093746205
15.5,7.5,-38.97051949289302
15.75,7.5,-39.073783203003686
17.25,7.5,-39.64729358615125
17.5,7.5,-39.736025648287956
17.75,7.5,-39.82300460545367
18.0,7.5,-39.90829701821217
18.25,7.5,-39.99196610542607
18.5,7.5,-40.074071586879214
18.75,7.5,-40.15467041251416
19.0,7.5,-40.23381643621359
19.25,7.5,-40.31156090280001
19.5,7.5,-40.38795213996931
19.75,7.5,-40.463036038978984
20.0,7.5,-40.53685592149456
20.25,7.5,-40.609453062915435
20.5,7.5,-40.6808666589087
20.75,7.5,-40.75113426342972
21.0,7.5,-40.820291718177195
21.25,7.5,-40.888373427707805
21.5,7.5,-40.95541223715117
21.75,7.5,-41.021439598912515
22.0,7.5,-41.08648548010748
22.25,7.5,-41.15057850838275
22.5,7.5,-41.21374596587472
22.75,7.5,-41.27601393756666
23.0,7.5,-41.33740737616745
1.0,7.75,-35.33092424088856
1.25,7.75,-35.09000307034081
1.5,7.75,-34.83634203817557
1.75,7.75,-34.5687586112739
2.0,7.75,-34.28596282527091
2.25,7.75,-33.98658317898794
2.5,7.75,-33.66920791259002
2.75,7.75,-33.33248939327133
3.0,7.75,-32.9753158087626
3.25,7.75,-32.597137260106045
3.5,7.75,-32.198496020002395
3.75,7.75,-31.781911219752914
4.0,7.75,-31.353235737492508
4.25,7.75,-30.923711570277455
4.5,7.75,-30.512841743545014
6.0,7.75,-30.35999610627458
6.25,7.75,-30.755693044368503
6.5,7.75,-31.18065450222247
6.75,7.75,-31.611410324624195
7.0,7.75,-32.03378035474417
7.25,7.75,-32.440050973665144
7.5,7.75,-32.82656597490934
7.75,7.75,-33.19212167780516
8.0,7.75,-33.53691120364671
8.25,7.75,-33.8618704260397
8.5,7.75,-34.168279819424406
8.75,7.75,-34.45754136398588
10.25,7.75,-35.90511812750758
10.5,7.75,-36.10834603382776
10.75,7.75,-36.30296339335124
11.0,7.75,-36.48962653089953
11.25,7.75,-36.668926076489974
11.5,7.75,-36.841393511828365
11.75,7.75,-37.00750917134848
12.0,7.75,-37.167706441606484
12.25,7.75,-37.322377886961455
12.5,7.75,-37.471879123389314
12.75,7.75,-37.61653432593462
13.0,7.75,-37.756639220999716
13.25,7.75,-37.89246472067643
13.5,7.75,-38.02425854691565
13.75,7.75,-38.15224795315455
14.0,7.75,-38.27664146041592
14.25,7.75,-38.3976315221421
14.5,7.75,-38.515396031128134
14.75,7.75,-38.63010002507623
15.0,7.75,-38.74189637662525
15.25,7.75,-38.850926841695205
15.5,7.75,-38.95732280395369
15.75,7.75,-39.06120648677227
17.25,7.75,-39.6376625724922
17.5,7.75,-39.72678403139902
17.75,7.75,-39.81412897941905
18.0,7.75,-39.89976595791589
18.25,7.75,-39.98375975703515
18.5,7.75,-40.06617187420238
18.75,7.75,-40.14706053194335
19.0,7.75,-40.226480954080124
19.25,7.75,-40.304485277379385
19.5,7.75,-40.38112287709921
19.75,7.75,-40.45644036188407
20.0,7.75,-40.530482008490914
20.25,7.75,-40.60328979662782
20.5,7.75,-40.67490382975221
20.75,7.75,-40.745362292235285
21.0,7.75,-40.81470177089936
21.25,7.75,-40.882957122961926
21.5,7.75,-40.95016173244014
21.75,7.75,-41.01634736239801
22.0,7.75,-41.08154441135339
22.25,7.75,-41.14578180224061
22.5,7.75,-41.20908725261791
22.75,7.75,-41.27148719430056
23.0,7.75,-41.333007027298436
1.0,8.0,-35.270056311437855
1.25,8.0,-35.021627646094885
1.5,8.0,-34.759018261394345
1.75,8.0,-34.480666043679975
2.0,8.0,-34.184778992013854
2.25,8.0,-33.8693105353314
2.5,8.0,-33.53193481518714
2.75,8.0,-33.17005387074832
3.0,8.0,-32.780845621744625
3.25,8.0,-32.36142536647997
3.5,8.0,-31.909191749939737
3.75,8.0,-31.422555101269495
4.0,8.0,-30.90234627571411
4.25,8.0,-30.353989899922503
6.5,8.0,-30.68592777067785
6.75,8.0,-31.218320126131665
7.0,8.0,-31.718694599884827
7.25,8.0,-32.18459198762574
7.5,8.0,-32.61686049204019
7.75,8.0,-33.01781274163302
8.0,8.0,-33.39027766720037
8.25,8.0,-33.73712965702979
8.5,8.0,-34.0610665853628
8.75,8.0,-34.364525754843626
10.25,8.0,-35.85890611446304
10.5,8.0,-36.06640307533241
10.75,8.0,-36.264728080222596
11.0,8.0,-36.45463179296669
11.25,8.0,-36.63678002858893
11.5,8.0,-36.81176489322986
11.75,8.0,-36.98011480134413
12.0,8.0,-37.14230329188207
12.25,8.0,-37.298756423512174
12.5,8.0,-37.44985897662063
12.75,8.0,-37.59595905581184
13.0,8.0,-37.737372415861905
13.25,8.0,-37.874385818865484
13.5,8.0,-38.00726087236961
13.75,8.0,-38.136236739399585
14.0,8.0,-38.261533211985814
14.25,8.0,-38.383352262549536
14.5,8.0,-38.501880176307175
14.75,8.0,-38.617288391393714
15.0,8.0,-38.72973544864889
15.25,8.0,-38.83936776907147
15.5,8.0,-38.94632159081431
15.75,8.0,-39.05072344562589
17.25,8.0,-39.62964323963358
17.5,8.0,-39.71908881276373
17.75,8.0,-39.806738375433866
18.0,8.0,-39.89266253283
18.25,8.0,-39.97692755611073
18.5,8.0,-40.059596291143194
18.75,8.0,-40.1407276906913
19.0,8.0,-40.22037773749736
19.25,8.0,-40.29859904873504
19.5,8.0,-40.37544180278104
19.75,8.0,-40.45095334282914
20.0,8.0,-40.525178998165615
20.25,8.0,-40.59816161951372
20.5,8.0,-40.66994227287659
20.75,8.0,-40.740559754026215
21.0,8.0,-40.810051223393195
21.25,8.0,-40.87845178085759
21.5,8.0,-40.94579508563882
21.75,8.0,-41.01211300918364
22.0,8.0,-41.077436212615936
22.25,8.0,-41.14179384158331
22.5,8.0,-41.20521401252602
22.75,8.0,-41.26772352422912
23.0,8.0,-41.3293482377926
1.0,8.25,-35.22066088438048
1.25,8.25,-34.96598425557715
1.5,8.25,-34.69587672596965
1.75,8.25,-34.408426431208134
2.0,8.25,-34.10136523685276
2.25,8.25,-33.771984544430445
2.5,8.25,-33.41702617800759
2.75,8.25,-33.03255297311522
3.0,8.25,-32.61378821186015
3.25,8.25,-32.1549392670905
3.5,8.25,-31.649011570846206
3.75,8.25,-31.087672333982958
4.0,8.25,-30.461105248588876
6.75,8.25,-30.84551074595813
7.0,8.25,-31.431638280419683
7.25,8.25,-31.958654036541137
7.5,8.25,-32.43542269181594
7.75,8.25,-32.86946304827939
8.0,8.25,-33.267027345972274
8.25,8.25,-33.63327638094708
8.5,8.25,-33.97246275026235
8.75,8.25,-34.288098916289385
10.25,8.25,-35.82159804518834
10.5,8.25,-36.03259152145111
10.75,8.25,-36.23394492739458
11.0,8.25,-36.426488498709
11.25,8.25,-36.61095140322426
11.5,8.25,-36.7879773580283
11.75,8.25,-36.95813607981245
12.0,8.25,-37.12193510515945
12.25,8.25,-37.2798280826425
12.5,8.25,-37.4322232150345
12.75,8.25,-37.579487865218304
13.0,8.25,-37.721954285818654
13.25,8.25,-37.859922747303926
13.5,8.25,-37.99366674454931
13.75,8.25,-38.123435423027615
14.0,8.25,-38.24945759001196
14.25,8.25,-38.37194258821311
14.5,8.25,-38.49108316374777
14.75,8.25,-38.6070558625521
15.0,8.25,-38.72002398462167
15.25,8.25,-38.83013805367838
15.5,8.25,-38.937538487045146
15.75,8.25,-39.04235538376262
17.25,8.25,-39.62324658287304
17.5,8.25,-39.712951088534496
17.75,8.25,-39.80084409961535
18.0,8.25,-39.88699783615751
18.25,8.25,-39.97147967564534
18.5,8.25,-40.05435346286588
18.75,8.25,-40.13567871206013
19.0,8.25,-40.21551204381019
19.25,8.25,-40.293906534163135
19.5,8.25,-40.37091307047084
19.75,8.25,-40.44657961808817
20.0,8.25,-40.52095232536645
20.25,8.25,-40.594074679223255
20.5,8.25,-40.665988436254736
20.75,8.25,-40.73673282405359
21.0,8.25,-40.80634544271288
21.25,8.25,-40.87486161891864
21.5,8.25,-40.94231529903028
21.75,8.25,-41.00873852522257
22.0,8.25,-41.074162238130356
22.25,8.25,-41.13861580059269
22.5,8.25,-41.202127643230526
22.75,8.25,-41.264724816784465
23.0,8.25,-41.32643348334891
1.0,8.5,-35.18337600480418
1.25,8.5,-34.92389025242579
1.5,8.5,-34.64798110659068
1.75,8.5,-34.35344497014529
2.0,8.5,-34.037607434208155
2.25,8.5,-33.69718147625474
2.5,8.5,-33.32806874634112
2.75,8.5,-32.92507468860914
3.0,8.5,-32.48148469092029
3.25,8.5,-31.988411260591405
3.5,8.5,-31.433714590224277
3.75,8.5,-30.80005914116214
6.75,8.5,-30.518878976440604
7.0,8.5,-31.190942316405955
7.25,8.5,-31.774754640772795
7.5,8.5,-32.29078701007612
7.75,8.5,-32.75295269476619
8.0,8.5,-33.171276038669546
8.25,8.5,-33.55324447825712
8.5,8.5,-33.90459988230404
8.75,8.5,-34.229838300645305
10.25,8.5,-35.79355111321768
10.5,8.5,-36.007201369224916
10.75,8.5,-36.21085142017685
11.0,8.5,-36.405393668721075
11.25,8.5,-36.591605890635236
11.5,8.5,-36.77017143363006
11.75,8.5,-36.94169243521563
12.0,8.5,-37.106703397406015
12.25,8.5,-37.2656794731681
12.5,8.5,-37.419046365325805
12.75,8.5,-37.567185551054216
13.0,8.5,-37.71044167989775
13.25,8.5,-37.849125722949076
13.5,8.5,-37.98352073589369
13.75,8.5,-38.11388360552023
14.0,8.5,-38.24044961481828
14.25,8.5,-38.363433191816625
14.5,8.5,-38.48303175275062
14.75,8.5,-38.599425973363815
15.0,8.5,-38.712783246943744
15.25,8.5,-38.823257547325916
15.5,8.5,-38.930992358815324
15.75,8.5,-39.036120030181706
17.25,8.5,-39.618481109248755
17.5,8.5,-39.70837966266576
17.75,8.5,-39.79645526917246
18.0,8.5,-39.88278088640361
18.25,8.5,-39.96742442925531
18.5,8.5,-40.050450489575475
18.75,8.5,-40.131919278354275
19.0,8.5,-40.21188830063502
19.25,8.5,-40.29041134590531
19.5,8.5,-40.36754001807677
19.75,8.5,-40.443322705459764
20.0,8.5,-40.517805931204045
20.25,8.5,-40.59103333447004
20.5,8.5,-40.663046892252
20.75,8.5,-40.73388598391325
21.0,8.5,-40.803588525981866
21.25,8.5,-40.872190148683565
21.5,8.5,-40.93972523127604
21.75,8.5,-41.00622617603099
22.0,8.5,-41.071724310548234
22.25,8.5,-41.136249246593486
22.5,8.5,-41.19982963347836
22.75,8.5,-41.26249261273793
23.0,8.5,-41.32426442679679
1.0,8.75,-35.15868759716253
1.25,8.75,-34.895974355794145
1.5,8.75,-34.61615700809742
1.75,8.75,-34.3168236128603
2.0,8.75,-33.99500670577335
2.25,8.75,-33.64699586096597
2.5,8.75,-33.268062120754436
2.75,8.75,-32.85203578533425
3.0,8.75,-32.39063630612798
3.25,8.75,-31.87233813375716
3.5,8.75,-31.280285336933492
3.75,8.75,-30.587990491221166
7.0,8.75,-31.0173822769754
7.25,8.75,-31.645569110330314
7.5,8.75,-32.19094088219604
7.75,8.75,-32.673480332530254
8.0,8.75,-33.10651327563822
8.25,8.75,-33.4994442658958
8.5,8.75,-33.85918790281608
8.75,8.75,-34.190987609419274
10.25,8.75,-35.775034559198076
10.5,8.75,-35.990451944649486
10.75,8.75,-36.19562672323189
11.0,8.75,-36.39149437960357
11.25,8.75,-36.57886590653656
11.5,8.75,-36.7584510118588
11.75,8.75,-36.93087316853084
12.0,8.75,-37.09668482665676
12.25,8.75,-37.25637576876715
12.5,8.75,-37.41038367289553
12.75,8.75,-37.559099592377734
13.0,8.75,-37.702876443856944
13.25,8.75,-37.84203228643078
13.5,8.75,-37.97685644997405
13.75,8.75,-38.107610836299536
14.0,8.75,-38.23453486603518
14.25,8.75,-38.3578462818421
14.5,8.75,-38.47774571389215
14.75,8.75,-38.594416851931946
15.0,8.75,-38.7080300515782
15.25,8.75,-38.81874162732895
15.5,8.75,-38.92669688057939
15.75,8.75,-39.03202929539549
17.25,8.75,-39.61535447218861
17.5,8.75,-39.705381127975066
17.75,8.75,-39.793577348302584
18.0,8.75,-39.88001626087134
18.25,8.75,-39.964765958009465
18.5,8.75,-40.04789154424665
18.75,8.75,-40.12945388336679
19.0,8.75,-40.20951133007848
19.25,8.75,-40.28811837667697
19.5,8.75,-40.36532721164163
19.75,8.75,-40.44118647202083
20.0,8.75,-40.51574278147967
20.25,8.75,-40.589039684305284
20.5,8.75,-40.66111912626296
20.75,8.75,-40.73202048395891
21.0,8.75,-40.801781871155384
21.25,8.75,-40.87043918939101
21.5,8.75,-40.93802722169761
21.75,8.75,-41.004578734584996
22.0,8.75,-41.070125409111355
22.25,8.75,-41.134697071663425
22.5,8.75,-41.19832251270478
22.75,8.75,-41.26102888827837
23.0,8.75,-41.322842423428774
1.0,9.0,-35.146920993782885
1.25,9.0,-34.88265754314066
1.5,9.0,-34.60095826627312
1.75,9.0,-34.29930809979142
2.0,9.0,-33.97459337215138
2.25,9.0,-33.622889375958806
2.5,9.0,-33.239142800358835
2.75,9.0,-32.816673391896614
3.0,9.0,-32.34636050665245
3.25,9.0,-31.815214558163817
3.5,9.0,-31.20364318105672
3.75,9.0,-30.479464276742533
7.0,9.0,-30.929983206182744
7.25,9.0,-31.58166117177535
7.5,9.0,-32.142112674339025
7.75,9.0,-32.63491274418673
8.0,9.0,-33.075250108954684
8.25,9.0,-33.473570548476395
8.5,9.0,-33.83740803567318
8.75,9.0,-34.17239298322095
10.25,9.0,-35.76622418090134
10.5,9.0,-35.982486446236315
10.75,9.0,-36.18838927008803
11.0,9.0,-36.38488895989726
11.25,9.0,-36.57281292792029
11.5,9.0,-36.752883894334616
11.75,9.0,-36.92573551769753
12.0,9.0,-37.091928529899086
12.25,9.0,-37.25195953766566
12.5,9.0,-37.40627209112217
12.75,9.0,-37.555262126100615
13.0,9.0,-37.69928665353669
13.25,9.0,-37.838666988077186
13.5,9.0,-37.973695201381624
13.75,9.0,-38.10463547110572
14.0,9.0,-38.23172930721335
14.25,9.0,-38.355196269601365
14.5,9.0,-38.47523866160532
14.75,9.0,-38.59204154450478
15.0,9.0,-38.70577647196751
15.25,9.0,-38.81660068807846
15.5,9.0,-38.9246603376367
15.75,9.0,-39.03008960003346
20.25,9.0,-40.58809463917828
20.5,9.0,-40.66020507927085
20.75,9.0,-40.731135886627484
21.0,9.0,-40.8009252788247
21.25,9.0,-40.86960924156741
1.0,9.25,-35.14823136235395
1.25,9.25,-34.88414072219066
1.5,9.25,-34.60265066561776
1.75,9.25,-34.30125887400597
2.0,9.25,-33.976868835797895
2.25,9.25,-33.62557929468693
2.5,9.25,-33.2423726375079
2.75,9.25,-32.820627160861065
3.0,9.25,-32.35132029052885
3.25,9.25,-31.821633271187547
3.5,9.25,-31.212295248191857
3.75,9.25,-30.49180928592561
7.0,9.25,-30.939874086898065
7.25,9.25,-31.58885396209589
7.5,9.25,-32.14758830259105
7.75,9.25,-32.63922763132021
8.0,9.25,-33.07874304117928
8.25,9.25,-33.47645872808273
8.5,9.25,-33.83983685718301
8.75,9.25,-34.17446452822708
10.25,9.25,-35.76720374814852
10.5,9.25,-35.98337246254373
10.75,9.25,-36.18919473669863
11.0,9.25,-36.38562398851051
11.25,9.25,-36.57348599708548
11.5,9.25,-36.753502602581264
11.75,9.25,-36.926306562617675
12.0,9.25,-37.09245741726016
12.25,9.25,-37.25245066763634
12.5,9.25,-37.40672919731802
12.75,9.25,-37.55568865662697
13.0,9.25,-37.699685760285455
13.25,9.25,-37.83904131513144
13.5,9.25,-37.97404681112705
13.75,9.25,-38.10496609567943
14.0,9.25,-38.232040691090305
14.25,9.25,-38.35549031040407
14.5,9.25,-38.47551720166845
14.75,9.25,-38.592306032617486
15.0,9.25,-38.70602777972907
15.25,9.25,-38.81683927648122
15.5,9.25,-38.92488664317917
15.75,9.25,-39.03030439238722
20.25,9.25,-40.588199029942764
20.5,9.25,-40.66030539317573
20.75,9.25,-40.731232705494335
21.0,9.25,-40.80101921040118
21.25,9.25,-40.869700784724
1.0,9.5,-35.16260000566261
1.25,9.5,-34.900400792651965
1.5,9.5,-34.62120551707224
1.75,9.5,-34.32263707868536
2.0,9.5,-34.001776950237485
2.25,9.5,-33.65498372602601
2.5,9.5,-33.27763121492274
2.75,9.5,-32.86371219729676
3.0,9.5,-32.40521266147924
3.25,9.5,-31.891063358532968
3.5,9.5,-31.305241651554642
3.75,9.5,-30.622938345362265
6.75,9.5,-30.313626640253098
7.0,9.5,-31.045737726798134
7.25,9.5,-31.66646988100984
7.5,9.5,-32.2069916119167
7.75,9.5,-32.68620152341846
8.0,9.5,-33.11685012108927
8.25,9.5,-33.50801351187941
8.5,9.5,-33.86640903850935
8.75,9.5,-34.197157394235994
10.25,9.5,-35.77796521420764
10.5,9.5,-35.993103030493934
10.75,9.5,-36.19803631517253
11.0,9.5,-36.39369331102464
11.25,9.5,-36.58088040770186
11.5,9.5,-36.760303923207296
11.75,9.5,-36.93258392098915
12.0,9.5,-37.09826928278683
12.25,9.5,-37.25784692697467
12.5,9.5,-37.41175283403578
12.75,9.5,-37.5603771789278
13.0,9.5,-37.704071912662265
13.25,9.5,-37.84315366781812
13.5,9.5,-37.977910174450294
13.75,9.5,-38.10860225722921
14.0,9.5,-38.23546900224765
14.25,9.5,-38.358728249032154
14.5,9.5,-38.47858047561199
14.75,9.5,-38.59520866436513
15.0,9.5,-38.70878206344721
15.25,9.5,-38.81945607073138
15.5,9.5,-38.92737566496268
15.75,9.5,-39.03267465741858
20.25,9.5,-40.589353583925536
20.5,9.5,-40.66142160180397
20.75,9.5,-40.73231274429173
21.0,9.5,-40.80206517472354
21.25,9.5,-40.87071460905178
1.0,9.75,-35.18983803053548
1.25,9.75,-34.931191849360914
1.5,9.75,-34.6562975143853
1.75,9.75,-34.363003230086505
2.0,9.75,-34.04870810389869
2.25,9.75,-33.710231175110664
2.5,9.75,-33.34362928074288
2.75,9.75,-32.94394278334583
3.0,9.75,-32.50482667207801
3.25,9.75,-32.01799979325393
3.5,9.75,-31.472364598130305
3.75,9.75,-30.852492777050983
6.75,9.75,-30.57896610768548
7.0,9.75,-31.234385985365307
7.25,9.75,-31.80754919512854
7.5,9.75,-32.31636918219489
7.75,9.75,-32.77344305499709
8.0,9.75,-33.188046942498076
8.25,9.75,-33.56722001542346
8.5,9.75,-33.91642388143493
8.75,9.75,-34.239972266146616
10.25,9.75,-35.79840587711421
10.5,9.75,-36.01159446789349
10.75,9.75,-36.21484535967413
11.0,9.75,-36.409040500479676
11.25,9.75,-36.59494947005698
11.5,9.75,-36.773248603553775
11.75,9.75,-36.94453402233116
12.0,9.75,-37.10933521993046
12.25,9.75,-37.26812355062691
12.5,9.75,-37.421321872736286
12.75,9.75,-37.56930949935319
13.0,9.75,-37.7124291137067
13.25,9.75,-37.85098978890074
13.5,9.75,-37.98527267866544
13.75,9.75,-38.115533034421624
14.0,9.75,-38.24200487242081
14.25,9.75,-38.3649018433251
14.5,9.75,-38.484420842069134
14.75,9.75,-38.600742106854774
15.0,9.75,-38.714032408592736
15.25,9.75,-38.82444496599633
15.5,9.75,-38.932122440921674
15.75,9.75,-39.03719655262388
20.25,9.75,-40.591557938909816
20.5,9.75,-40.66355409891798
20.75,9.75,-40.73437670456583
21.0,9.75,-40.80406368819513
21.25,9.75,-40.87265065704627
1.0,10.0,-35.22958970558021
1.25,10.0,-34.976051872121474
1.5,10.0,-34.70731544005018
1.75,10.0,-34.42153477263355
2.0,10.0,-34.11653172229998
2.25,10.0,-33.78972499201464
2.5,10.0,-33.43803972491191
2.75,10.0,-33.057807107946154
3.0,10.0,-32.644650397368316
3.25,10.0,-32.19338968851361
3.5,10.0,-31.697994427065645
3.75,10.0,-31.15169430451976
4.0,10.0,-30.547430463549222
6.5,10.0,-30.287249673849992
6.75,10.0,-30.917341755542736
7.0,10.0,-31.485979993900905
7.25,10.0,-32.00089341898358
7.5,10.0,-32.46903820533552
7.75,10.0,-32.896767667204564
8.0,10.0,-33.28960200377816
8.25,10.0,-33.65222920953966
8.5,10.0,-33.98858793771573
8.75,10.0,-34.30197757556999
10.25,10.0,-35.8283288106297
10.5,10.0,-36.03868749349543
10.75,10.0,-36.23949255298713
11.0,10.0,-36.431559241890305
11.25,10.0,-36.61560405037665
11.5,10.0,-36.792260719402606
11.75,10.0,-36.96209193447709
12.0,10.0,-37.12559992886449
12.25,10.0,-37.28323359561321
12.5,10.0,-37.43539629102722
12.75,10.0,-37.58245111344033
13.0,10.0,-37.72472717962226
13.25,10.0,-37.86252288913208
13.5,10.0,-37.996110269502836
13.75,10.0,-38.12573677250945
14.0,10.0,-38.251629020472166
14.25,10.0,-38.37399431381667
14.5,10.0,-38.49302399851523
14.75,10.0,-38.608894138921556
15.0,10.0,-38.721767934853744
15.25,10.0,-38.83179564992688
15.5,10.0,-38.939116790492136
15.75,10.0,-39.04386012960818
20.25,10.0,-40.59480975838504
20.5,10.0,-40.666700374819975
20.75,10.0,-40.73742210931584
21.0,10.0,-40.807012495475504
21.25,10.0,-40.87550701303688
1.0,10.25,-35.2813357780443
1.25,10.25,-35.034313340586046
1.5,10.25,-34.77338551008773
1.75,10.25,-34.497065523296534
2.0,10.25,-34.20366058283376
2.25,10.25,-33.89125890655018
2.5,10.25,-33.557721773455754
2.75,10.25,-33.200714150615724
3.0,10.25,-32.817782755198174
3.25,10.25,-32.406562362638304
3.5,10.25,-31.96518374593949
3.75,10.25,-31.493078946041493
4.0,10.25,-30.992445255591367
4.25,10.25,-30.470751137304752
6.5,10.25,-30.78564681448315
6.75,10.25,-31.295981273675764
7.0,10.25,-31.779989379425693
7.25,10.25,-32.233702375910774
7.5,10.25,-32.656811185417
7.75,10.25,-33.05078998091457
8.0,10.25,-33.41787164037848
8.25,10.25,-33.76050782573843
8.5,10.25,-34.081095354283384
8.75,10.25,-34.38185722592205
10.25,10.25,-35.867448305367134
10.5,10.25,-36.074150817850224
10.75,10.25,-36.271787671119775
11.0,10.25,-36.461090771115224
11.25,10.25,-36.6427107939281
11.5,10.25,-36.81722838322584
11.75,10.25,-36.98516374884945
12.0,10.25,-37.14698375912043
12.25,10.25,-37.303108273855315
12.5,10.25,-37.45391588419694
12.75,10.25,-37.599749363498475
13.0,10.25,-37.74092048794639
13.25,10.25,-37.877713596975155
13.5,10.25,-38.01038853933865
13.75,10.25,-38.13918270699475
14.0,10.25,-38.26431355316379
14.25,10.25,-38.3859805869549
14.5,10.25,-38.50436794410761
14.75,10.25,-38.61964580021548
15.0,10.25,-38.73197209517179
15.25,10.25,-38.841492995889595
15.5,10.25,-38.94834418529382
15.75,10.25,-39.05265126775957
17.25,10.25,-39.631116690481235
17.5,10.25,-39.720502979121704
17.75,10.25,-39.808097225909506
18.0,10.25,-39.89396925769371
18.25,10.25,-39.97818468841765
18.5,10.25,-40.06080593928588
18.75,10.25,-40.14189193507925
19.0,10.25,-40.221498846603005
19.25,10.25,-40.29967959302385
19.5,10.25,-40.376484487706946
19.75,10.25,-40.45196080155537
20.0,10.25,-40.526153501511565
20.25,10.25,-40.59910495542569
20.5,10.25,-40.67085570477364
20.75,10.25,-40.74144418405885
21.0,10.25,-40.81090737555022
21.25,10.25,-40.87928044677849
21.5,10.25,-40.94659725277719
21.75,10.25,-41.01288993801377
22.0,10.25,-41.078189364919055
22.25,10.25,-41.1425247777706
22.5,10.25,-41.20592422310899
22.75,10.25,-41.26841431345931
23.0,10.25,-41.330020628951935
1.0,10.5,-35.344407453794375
1.25,10.5,-35.105121536861084
1.5,10.5,-34.85340115623154
1.75,10.5,-34.58813956643584
2.0,10.5,-34.30814610468213
2.25,10.5,-34.01218090928041
2.5,10.5,-33.69900593697804
2.75,10.5,-33.367502525022125
3.0,10.5,-33.01685735851819
3.25,10.5,-32.6469033071369
3.5,10.5,-32.258656715958
3.75,10.5,-31.85518431209395
4.0,10.5,-31.44288428039502
4.25,10.5,-31.033335555805603
4.5,10.5,-30.645838681472817
4.75,10.5,-30.30950008654883
6.0,10.5,-30.50320265763996
6.25,10.5,-30.874286564669156
6.5,10.5,-31.277857802009482
6.75,10.5,-31.690814977488287
7.0,10.5,-32.098827922251644
7.25,10.5,-32.493684973328044
7.5,10.5,-32.87116921988896
7.75,10.5,-33.229569032925575
8.0,10.5,-33.56865831122106
8.25,10.5,-33.88904228848717
8.5,10.5,-34.19174647717155
8.75,10.5,-34.477978733307985
10.25,10.5,-35.915392911417925
10.5,10.5,-36.11768083203873
10.75,10.5,-36.311479356556006
11.0,10.5,-36.497425726656395
11.25,10.5,-36.676095164619625
11.5,10.5,-36.84800572753407
11.75,10.5,-37.01362636208618
12.0,10.5,-37.173381177067256
12.25,10.5,-37.3276558484802
12.5,10.5,-37.4768004911343
12.75,10.5,-37.62113447146725
13.0,10.5,-37.760948714798914
13.25,10.5,-37.89650987412486
13.5,10.5,-38.02806224201373
13.75,10.5,-38.15583083048373
14.0,10.5,-38.28002243493566
14.25,10.5,-38.40082785970971
14.5,10.5,-38.518422883655006
14.75,10.5,-38.632970376779525
15.0,10.5,-38.744621306797065
15.25,10.5,-38.853516352338396
15.5,10.5,-38.959786407130125
15.75,10.5,-39.06355354276807
17.25,10.5,-39.6394608687239
17.5,10.5,-39.728508419533114
17.75,10.5,-39.81578413989351
18.0,10.5,-39.90135655868545
18.25,10.5,-39.985290196138585
18.5,10.5,-40.067645941821546
18.75,10.5,-40.14848136636421
19.0,10.5,-40.22785108241857
19.25,10.5,-40.30580689894916
19.5,10.5,-40.382398060969614
19.75,10.5,-40.45767126771033
20.0,10.5,-40.531670886345275
20.25,10.5,-40.60443896731418
20.5,10.5,-40.67601551983141
20.75,10.5,-40.74643855709968
21.0,10.5,-40.81574439253367
21.25,10.5,-40.883967649226605
21.5,10.5,-40.951141503703326
21.75,10.5,-41.017297625529835
22.0,10.5,-41.082466366537545
22.25,10.5,-41.14667667023938
22.5,10.5,-41.20995625451311
22.75,10.5,-41.272331541870614
23.0,10.5,-41.333827861615745
1.0,10.75,-35.41800848920452
1.25,10.75,-35.18746653081159
1.5,10.75,-34.946067486256275
1.75,10.75,-34.69307934525171
2.0,10.75,-34.4277907449396
2.25,10.75,-34.14957900863959
2.5,10.75,-33.85799475805835
2.75,10.75,-33.55292021401452
3.0,10.75,-33.234788704330036
3.25,10.75,-32.904934896442825
3.5,10.75,-32.566074721307544
3.75,10.75,-32.222965878670905
4.0,10.75,-31.88322576175913
4.25,10.75,-31.55824400260326
4.5,10.75,-31.263981851833233
4.75,10.75,-31.021041372400475
5.0,10.75,-30.852647529174373
5.25,10.75,-30.779227507421982
5.5,10.75,-30.811005957878876
5.75,10.75,-30.943452409545632
6.0,10.75,-31.1593635621264
6.25,10.75,-31.43579448223171
6.5,10.75,-31.750676232083237
6.75,10.75,-32.08612159129919
7.0,10.75,-32.4289879145864
7.25,10.75,-32.77025843698317
7.5,10.75,-33.104138281997905
7.75,10.75,-33.42718313693628
8.0,10.75,-33.7375735559395
8.25,10.75,-34.034564377548
8.5,10.75,-34.31808557859995
8.75,10.75,-34.58847613084663
10.25,10.75,-35.9717075432006
10.5,10.75,-36.16890450170706
10.75,10.75,-36.358260676811376
11.0,10.75,-36.54031004753566
11.25,10.75,-36.715544318310975
11.5,10.75,-36.88441185322397
11.75,10.75,-37.04732462059883
12.0,10.75,-37.20465911908759
12.25,10.75,-37.356762632624765
12.5,10.75,-37.50395280697701
12.75,10.75,-37.64652215343647
13.0,10.75,-37.78473769934467
13.25,10.75,-37.918845922314766
13.5,10.75,-38.04907321115611
13.75,10.75,-38.175630148719634
14.0,10.75,-38.29871098287441
14.25,10.75,-38.41849643553823
14.5,10.75,-38.53515282439096
14.75,10.75,-38.648834897168534
15.0,10.75,-38.75968566088003
15.25,10.75,-38.867839239352065
15.5,10.75,-38.97342049566141
15.75,10.75,-39.076546975189856
17.25,10.75,-39.649413178922906
17.5,10.75,-39.738058510278734
17.75,10.75,-39.824955737203595
18.0,10.75,-39.91017169004964
18.25,10.75,-39.993769645779565
18.5,10.75,-40.07580885980503
18.75,10.75,-40.15634552120157
19.0,10.75,-40.23543253510725
19.25,10.75,-40.31312042746177
19.5,10.75,-40.38945709972738
19.75,10.75,-40.46448846694071
20.0,10.75,-40.538258093843254
20.25,10.75,-40.61080763503839
20.5,10.75,-40.682176503978496
20.75,10.75,-40.75240229029545
21.0,10.75,-40.82152057410043
21.25,10.75,-40.8895653575124
21.5,10.75,-40.956568977900886
21.75,10.75,-41.0225624720909
22.0,10.75,-41.08757549933388
22.25,10.75,-41.151636583148054
22.5,10.75,-41.21477302656216
22.75,10.75,-41.2770110551355
23.0,10.75,-41.338375767223624
1.0,11.0,-35.50123575306725
1.25,11.0,-35.280219069358076
1.5,11.0,-35.04995893941724
1.75,11.0,-34.81007090375017
2.0,11.0,-34.560271669239164
2.25,11.0,-34.30046351523448
2.5,11.0,-34.03083102016265
2.75,11.0,-33.75200389078679
3.0,11.0,-33.46526150794017
3.25,11.0,-33.17282190233729
3.5,11.0,-32.87819404473887
3.75,11.0,-32.5865848684221
4.0,11.0,-32.30530657662659
4.25,11.0,-32.04406263468819
4.5,11.0,-31.81492109284003
4.75,11.0,-31.631641832611898
5.0,11.0,-31.507993723095787
5.25,11.0,-31.454994177204906
5.5,11.0,-31.477864903517812
5.75,11.0,-31.57431387791176
6.0,11.0,-31.735309881516876
6.25,11.0,-31.947808046839906
6.5,11.0,-32.19777785860014
6.75,11.0,-32.47234495914599
7.0,11.0,-32.76082917119466
7.25,11.0,-33.05498373412053
7.5,11.0,-33.34880555360255
7.75,11.0,-33.63815603624028
8.0,11.0,-33.92034796560491
8.25,11.0,-34.19376419592374
8.5,11.0,-34.45754483056467
8.75,11.0,-34.711348706522145
10.25,11.0,-36.035865849335174
10.5,11.0,-36.22738977573215
10.75,11.0,-36.4117744581436
11.0,11.0,-36.5894451715875
11.25,11.0,-36.76080551468975
11.5,11.0,-36.926231118342166
11.75,11.0,-37.0860743885128
12.0,11.0,-37.24066086092936
12.25,11.0,-37.3902951313027
12.5,11.0,-37.53525801864753
12.75,11.0,-37.6758119801455
13.0,11.0,-37.812198310110986
13.25,11.0,-37.944642318163716
13.5,11.0,-38.073351217739734
13.75,11.0,-38.1985192805646
14.0,11.0,-38.32032583058476
14.25,11.0,-38.4389395073252
14.5,11.0,-38.55451587464513
14.75,11.0,-38.66720110466986
15.0,11.0,-38.777129955957406
15.25,11.0,-38.884429520972525
15.5,11.0,-38.98921758669612
15.75,11.0,-39.09160594979206
17.25,11.0,-39.66095834119158
17.5,11.0,-39.74913972669241
17.75,11.0,-39.835600205917316
18.0,11.0,-39.92040416362508
18.25,11.0,-40.003613270145266
18.5,11.0,-40.085285074956786
18.75,11.0,-40.165474623523906
19.0,11.0,-40.24423333921041
19.25,11.0,-40.321610617057885
19.5,11.0,-40.39765288069836
19.75,11.0,-40.47240496395294
20.0,11.0,-40.545909159549815
20.25,11.0,-40.618206312924954
20.5,11.0,-40.68933489486669
20.75,11.0,-40.75933193252675
21.0,11.0,-40.828232245891996
21.25,11.0,-40.89606932605299
21.5,11.0,-40.96287477101052
21.75,11.0,-41.02867908119177
22.0,11.0,-41.093511217011525
22.25,11.0,-41.1573992266885
22.5,11.0,-41.220369861917156
22.75,11.0,-41.28244901254388
23.0,11.0,-41.34366139623202
1.0,11.25,-35.59310786940425
1.25,11.25,-35.38216903291566
1.5,11.25,-35.163576501710125
1.75,11.25,-34.93724872835206
2.0,11.25,-34.703260590497514
2.25,11.25,-34.461929636389875
2.5,11.25,-34.21390923115499
2.75,11.25,-33.960331449307894
3.0,11.25,-33.70297376657122
3.25,11.25,-33.444462986403884
3.5,11.25,-33.188496833225976
3.75,11.25,-32.940044576835874
4.0,11.25,-32.70548160727964
4.25,11.25,-32.49255794436925
4.5,11.25,-32.31009724762337
4.75,11.25,-32.16730963001591
5.0,11.25,-32.072681322025936
5.25,11.25,-32.032562782749565
5.5,11.25,-32.0498422515167
5.75,11.25,-32.12326028652343
6.0,11.25,-32.24771578344002
6.25,11.25,-32.41540125552296
6.5,11.25,-32.61723985079036
6.75,11.25,-32.84414716257785
7.0,11.25,-33.08788847345593
7.25,11.25,-33.34152256956639
7.5,11.25,-33.599526690943506
7.75,11.25,-33.85771552098404
8.0,11.25,-34.113061396833544
8.25,11.25,-34.36347169997636
8.5,11.25,-34.607579954448994
8.75,11.25,-34.844558757058955
10.25,11.25,-36.10728481165906
10.5,11.25,-36.29265218980568
10.75,11.25,-36.47161449294817
11.0,11.25,-36.644488936887356
11.25,11.25,-36.811590196392466
11.5,11.25,-36.97321979468216
11.75,11.25,-37.129668317174755
12.0,11.25,-37.28120793994143
12.25,11.25,-37.42809804095687
12.5,11.25,-37.570580436543494
12.75,11.25,-37.708885624347054
13.0,11.25,-37.8432276302724
13.25,11.25,-37.97380923131888
13.5,11.25,-38.100817126758606
13.75,11.25,-38.22442782688195
14.0,11.25,-38.3448041475693
14.25,11.25,-38.46210115313476
14.5,11.25,-38.57646241317553
14.75,11.25,-38.68802475371522
15.0,11.25,-38.79691420448777
15.25,11.25,-38.903250507280596
15.5,11.25,-39.00714384543852
15.75,11.25,-39.10869956042163
17.25,11.25,-39.67407933296912
17.5,11.25,-39.76173552029589
17.75,11.25,-39.84770165223202
18.0,11.25,-39.932039144963156
18.25,11.25,-40.014807666747245
18.5,11.25,-40.09606277185761
18.75,11.25,-40.1758583286999
19.0,11.25,-40.25424430837848
19.25,11.25,-40.33126906983074
19.5,11.25,-40.40697749486473
19.75,11.25,-40.48141317530596
20.0,11.25,-40.5546167894202
20.25,11.25,-40.62662803095623
20.5,11.25,-40.69748408317103
20.75,11.25,-40.76722123166399
21.0,11.25,-40.835873462515025
21.25,11.25,-40.90347384754147
21.5,11.25,-40.97005336545273
21.75,11.25,-41.035642129737326
22.0,11.25,-41.10026845508966
22.25,11.25,-41.16395990147106
22.5,11.25,-41.226742537044714
22.75,11.25,-41.28864174193707
23.0,11.25,-41.34968163644412
1.0,11.5,-35.6926005129904
1.25,11.5,-35.4920722598407
1.5,11.5,-35.28540694367899
1.75,11.5,-35.072772153690195
2.0,11.5,-34.85452298992059
2.25,11.5,-34.631280623125214
2.5,11.5,-34.404013638500565
2.75,11.5,-34.17414818945636
3.0,11.5,-33.94368996499566
3.25,11.5,-33.715348602710144
3.5,11.5,-33.492654623106056
3.75,11.5,-33.280024782480695
4.0,11.5,-33.08274627068663
4.25,11.5,-32.90682304126614
4.5,11.5,-32.758645582434625
4.75,11.5,-32.64446246484346
5.0,11.5,-32.56969957195031
5.25,11.5,-32.53823097721205
5.5,11.5,-32.5517681656409
5.75,11.5,-32.60956766725749
6.0,11.5,-32.70856267154169
6.25,11.5,-32.843863408985634
6.5,11.5,-33.00946104727431
6.75,11.5,-33.19894857702144
7.0,11.5,-33.406116982208985
7.25,11.5,-33.625365571517996
7.5,11.5,-33.851920439293046
7.75,11.5,-34.08190091369
8.0,11.5,-34.31228113564029
8.25,11.5,-34.54078763047006
8.5,11.5,-34.76577914246274
8.75,11.5,-34.986116342032275
10.25,11.5,-36.18533385019806
10.5,11.5,-36.36416270579974
10.75,11.5,-36.53733548768784
11.0,11.5,-36.70506623141643
11.25,11.5,-36.8675814939357
11.5,11.5,-37.02510820390488
11.75,11.5,-37.17787408598613
12.0,11.5,-37.32609816980813
12.25,11.5,-37.46999482242892
12.5,11.5,-37.60976669038087
12.75,11.5,-37.74561066774616
13.0,11.5,-37.87771131225529
13.25,11.5,-38.00624670997635
13.5,11.5,-38.131381938960786
13.75,11.5,-38.253275367976755
14.0,11.5,-38.37207319293482
14.25,11.5,-38.487916277522984
14.5,11.5,-38.600935012568634
14.75,11.5,-38.71125543736039
15.0,11.5,-38.818993721683704
15.25,11.5,-38.92426171455635
15.5,11.5,-39.02716190224446
15.75,11.5,-39.12779317066496
17.25,11.5,-39.688756666402234
17.5,11.5,-39.77582697988142
17.75,11.5,-39.861241832373
18.0,11.5,-39.94505956982266
18.25,11.5,-40.02733755966056
18.5,11.5,-40.10812883830767
18.75,11.5,-40.18748562134364
19.0,11.5,-40.265456023555245
19.25,11.5,-40.34208721081714
19.5,11.5,-40.4174224777777
19.75,11.5,-40.49150426556933
20.0,11.5,-40.56437166718679
20.25,11.5,-40.63606323038891
20.5,11.5,-40.70661472057981
20.75,11.5,-40.776061537593016
21.0,11.5,-40.84443663452711
21.25,11.5,-40.91177253906659
21.5,11.5,-40.97809950246596
21.75,11.5,-41.04344723066976
22.0,11.5,-41.1078433669736
22.25,11.5,-41.17131498592239
22.5,11.5,-41.233887422074524
22.75,11.5,-41.295585484768615
23.0,11.5,-41.35643258567385
1.0,11.75,-35.798675568789704
1.25,11.75,-35.60869170444775
1.5,11.75,-35.41397649016191
1.75,11.75,-35.21489076003636
2.0,11.75,-35.01199411989244
2.25,11.75,-34.80610960272621
2.5,11.75,-34.59839009320287
2.75,11.75,-34.39039433883823
3.0,11.75,-34.184166855801585
3.25,11.75,-33.982301116596055
3.5,11.75,-33.78798257168266
3.75,11.75,-33.60497895596778
4.0,11.75,-33.43755881458315
4.25,11.75,-33.29031351291848
4.5,11.75,-33.167881623188094
4.75,11.75,-33.07458278365297
5.0,11.75,-33.01400787708456
5.25,11.75,-32.988635899474815
5.5,11.75,-32.99954080970305
5.75,11.75,-33.046258009734004
6.0,11.75,-33.12684418391042
6.25,11.75,-33.23811024130122
6.5,11.75,-33.37597807442596
6.75,11.75,-33.53588940093138
7.0,11.75,-33.71319460610871
7.25,11.75,-33.90346964300387
7.5,11.75,-34.1027316435603
7.75,11.75,-34.30755851598949
8.0,11.75,-34.51512192525027
8.25,11.75,-34.723164446482244
8.5,11.75,-34.92994259943815
8.75,11.75,-35.13414910153584
10.25,11.75,-36.26935192834446
10.5,11.75,-36.44136425715956
10.75,11.75,-36.6084659951217
11.0,11.75,-36.770775327857535
11.25,11.75,-36.92843457253102
11.5,11.75,-37.08159913993504
11.75,11.75,-37.23043538648539
12.0,11.75,-37.37511072780856
12.25,11.75,-37.51579478750276
12.5,11.75,-37.65265106682613
12.75,11.75,-37.7858417525108
13.0,11.75,-37.91552095575515
13.25,11.75,-38.0418409161305
13.5,11.75,-38.16494470826142
13.75,11.75,-38.28497230446701
14.0,11.75,-38.402053285820344
14.25,11.75,-38.51631378459747
14.5,11.75,-38.627870160239326
14.75,11.75,-38.73683640750325
15.0,11.75,-38.84331779891476
15.25,11.75,-38.94741760654504
15.5,11.75,-39.04923047670055
15.75,11.75,-39.148848900349805
17.25,11.75,-39.70496850531741
17.5,11.75,-39.79139420687959
17.75,11.75,-39.87620237457196
18.0,11.75,-39.95944834482945
18.25,11.75,-40.0411870534867
18.5,11.75,-40.121468600306244
18.75,11.75,-40.2003430430824
19.0,11.75,-40.27785612588832
19.25,11.75,-40.35405353500391
19.5,11.75,-40.42897687924193
19.75,11.75,-40.50266759374327
20.0,11.75,-40.575163369053406
20.25,11.75,-40.6465017996205
20.5,11.75,-40.7167172521043
20.75,11.75,-40.785844147850916
21.0,11.75,-40.853914145081525
21.25,11.75,-40.92095894940206
21.5,11.75,-40.987007786668954
21.75,11.75,-41.05208977053367
22.0,11.75,-41.1162317548055
22.25,11.75,-41.17946033323251
22.5,11.75,-41.241800141903695
22.75,11.75,-41.303275497944796
23.0,11.75,-41.36390914427131
1.0,12.0,-35.91031126376319
1.25,12.0,-35.730831948847595
1.5,12.0,-35.547891796917284
1.75,12.0,-35.36199107559918
2.0,12.0,-35.17382602940861
2.25,12.0,-34.98433710379534
2.5,12.0,-34.79475895946923
2.75,12.0,-34.60666727273364
3.0,12.0,-34.422023689606426
3.25,12.0,-34.24319903916418
3.5,12.0,-34.0729704585521
3.75,12.0,-33.91447541202484
4.0,12.0,-33.77111379055973
4.25,12.0,-33.64638671612689
4.5,12.0,-33.543688684110464
4.75,12.0,-33.46606753289098
5.0,12.0,-33.41597686387097
5.25,12.0,-33.39506850858136
5.5,12.0,-33.40404906524745
5.75,12.0,-33.442614798796136
6.0,12.0,-33.5094779801063
6.25,12.0,-33.602482526168124
6.5,12.0,-33.718791669716055
6.75,12.0,-33.85511984726492
7.0,12.0,-34.00797963916736
7.25,12.0,-34.173908507227736
7.5,12.0,-34.349649080303315
7.75,12.0,-34.53227270664912
8.0,12.0,-34.71924279772144
8.25,12.0,-34.90843660478788
8.5,12.0,-35.09812769347991
8.75,12.0,-35.286950243551686
10.25,12.0,-36.35866544217769
10.5,12.0,-36.52368171137277
10.75,12.0,-36.684512663007666
11.0,12.0,-36.8411911513382
11.25,12.0,-36.99378273653004
11.5,12.0,-37.14237682983513
11.75,12.0,-37.28708060923667
12.0,12.0,-37.42801111852286
12.25,12.0,-37.56529336872246
12.5,12.0,-37.69905292963284
12.75,12.0,-37.8294181817551
13.0,12.0,-37.956513933561205
13.25,12.0,-38.08046631710021
13.5,12.0,-38.20139581079614
13.75,12.0,-38.31942270920585
14.0,12.0,-38.4346594072911
14.25,12.0,-38.54721691742594
14.5,12.0,-38.65719775328434
14.75,12.0,-38.76470366012921
15.0,12.0,-38.869828663525524
15.25,12.0,-38.97266663585843
15.5,12.0,-39.07330373013197
15.75,12.0,-39.17182552413381
17.25,12.0,-39.72269078196036
17.5,12.0,-39.80841593210045
17.75,12.0,-39.89256407636606
18.0,12.0,-39.97518749935641
18.25,12.0,-40.05633875226373
18.5,12.0,-40.136064975806164
18.75,12.0,-40.214413956053754
19.0,12.0,-40.29142881371982
19.25,12.0,-40.367153500227246
19.5,12.0,-40.441627694198694
19.75,12.0,-40.514891722326176
20.0,12.0,-40.58698183295586
20.25,12.0,-40.657934725984376
20.5,12.0,-40.7277833761828
20.75,12.0,-40.79656120920237
21.0,12.0,-40.86429844271002
21.25,12.0,-40.931025783811194
21.5,12.0,-40.996771192597166
21.75,12.0,-41.06156301371008
22.0,12.0,-41.125427168658916
22.25,12.0,-41.188389744060665
22.5,12.0,-41.250474696741364
22.75,12.0,-41.3117059414365
23.0,12.0,-41.37210562604433
1.0,12.25,-36.026528057329614
1.25,12.25,-35.85736821900798
1.5,12.25,-35.68587052476711
1.75,12.25,-35.51262714316442
2.0,12.25,-35.33841323491225
2.25,12.25,-35.16422021688336
2.5,12.25,-34.99128988140393
2.75,12.25,-34.82113967753149
3.0,12.25,-34.65558040643093
3.25,12.25,-34.496715430374266
3.5,12.25,-34.34691465217558
3.75,12.25,-34.20875458918412
4.0,12.25,-34.08492794951109
4.25,12.25,-33.97811368293121
4.5,12.25,-33.890824801955205
4.75,12.25,-33.82525513941757
5.0,12.25,-33.78313056940931
5.25,12.25,-33.76559172789525
5.5,12.25,-33.77312192990481
5.75,12.25,-33.80551413231553
6.0,12.25,-33.86188232473823
6.25,12.25,-33.940722491157686
6.5,12.25,-34.0400138902078
6.75,12.25,-34.15735215160298
7.0,12.25,-34.2901049302482
7.25,12.25,-34.43556806011019
7.5,12.25,-34.59110501274772
7.75,12.25,-34.754254392858265
8.0,12.25,-34.922801537981556
8.25,12.25,-35.09481840801161
8.5,12.25,-35.26867016981548
8.75,12.25,-35.44300841089838
9.0,12.25,-35.61674470882249
9.25,12.25,-35.78902086866275
9.5,12.25,-35.95917655052349
9.75,12.25,-36.12671387986021
10.0,12.25,-36.2912726883567
10.25,12.25,-36.452599378965225
10.5,12.25,-36.61053113093392
10.75,12.25,-36.764971061641035
11.0,12.25,-36.915878061195585
11.25,12.25,-37.06324919358144
11.5,12.25,-37.2071138342178
11.75,12.25,-37.3475235580404
12.0,12.25,-37.48454800388225
12.25,12.25,-37.61826945928475
12.5,12.25,-37.748777910142564
12.75,12.25,-37.87616926190324
13.0,12.25,-38.00054027623006
13.25,12.25,-38.12199070687745
13.5,12.25,-38.24061810032531
13.75,12.25,-38.35652205939326
14.0,12.25,-38.469797693331664
14.25,12.25,-38.58054087465159
14.5,12.25,-38.68884098319843
14.75,12.25,-38.794787665675386
15.0,12.25,-38.89846368725245
15.25,12.25,-38.99995267393726
15.5,12.25,-39.099331500595824
15.75,12.25,-39.19667799912337
17.25,12.25,-39.741896447144455
17.5,12.25,-39.82686766415928
17.75,12.25,-39.910304611400115
18.0,12.25,-39.99225633449692
18.25,12.25,-40.072773064364604
18.5,12.25,-40.15189920054323
18.75,12.25,-40.22968044174032
19.0,12.25,-40.306157299170486
19.25,12.25,-40.38137181588378
19.5,12.25,-40.45536140014397
19.75,12.25,-40.52816491571501
20.0,12.25,-40.59981685139518
20.25,12.25,-40.67035285511656
20.5,12.25,-40.73980444924638
20.75,12.25,-40.80820412631159
21.0,12.25,-40.875580713446055
21.25,12.25,-40.94196397489484
21.5,12.25,-41.00738056568303
21.75,12.25,-41.07185800107992
22.0,12.25,-41.13542114504651
22.25,12.25,-41.198095484186396
22.5,12.25,-41.25990420036946
22.75,12.25,-41.32087077387445
23.0,12.25,-41.38101673429734
1.0,12.5,-36.14640634731753
1.25,12.5,-35.98726569957759
1.5,12.5,-35.826759249785844
1.75,12.5,-35.665532152100646
2.0,12.5,-35.50439317552768
2.25,12.5,-35.344335847113236
2.5,12.5,-35.18655800202848
2.75,12.5,-35.03247343127809
3.0,12.5,-34.88371130609944
3.25,12.5,-34.74210125343197
3.5,12.5,-34.60963989485779
3.75,12.5,-34.488429137158754
4.0,12.5,-34.38059993658743
4.25,12.5,-34.28821589387745
4.5,12.5,-34.21316251813018
4.75,12.5,-34.1570486684012
5.0,12.5,-34.12111988501542
5.25,12.5,-34.106189407249474
5.5,12.5,-34.112598366926214
5.75,12.5,-34.140199864687155
6.0,12.5,-34.188365473593144
6.25,12.5,-34.2560169875584
6.5,12.5,-34.34168180181702
6.75,12.5,-34.44357259553192
7.0,12.5,-34.55968517828045
7.25,12.5,-34.687903298272495
7.5,12.5,-34.8261015804676
7.75,12.5,-34.97223266922604
8.0,12.5,-35.12439532927304
8.25,12.5,-35.28087759121361
8.5,12.5,-35.44017836300548
8.75,12.5,-35.60101555811085
9.0,12.5,-35.762314419696516
9.25,12.5,-35.92319558260848
9.5,12.5,-36.082950749917
9.75,12.5,-36.24102151018823
10.0,12.5,-36.396977590126504
10.25,12.5,-36.550493771670716
10.5,12.5,-36.70133574643716
10.75,12.5,-36.84933812863859
11.0,12.5,-36.99439643754795
11.25,12.5,-37.13644837678344
11.5,12.5,-37.275470566302516
11.75,12.5,-37.41146508301734
12.0,12.5,-37.54445863704384
12.25,12.5,-37.67449332693091
12.5,12.5,-37.801625187978416
12.75,12.5,-37.92591832688945
13.0,12.5,-38.04744271708349
13.25,12.5,-38.166272567572236
13.5,12.5,-38.282483763869905
13.75,12.5,-38.39615545098067
14.0,12.5,-38.5073657720117
14.25,12.5,-38.616194962794864
14.5,12.5,-38.72271932907478
14.75,12.5,-38.82701614408772
15.0,12.5,-38.92915717496848
15.25,12.5,-39.02921554090634
15.5,12.5,-39.12725875986203
15.75,12.5,-39.2233563464658
17.25,12.5,-39.76255537516207
17.5,12.5,-39.84672140884721
17.75,12.5,-39.92939829939204
18.0,12.5,-40.01063158344444
18.25,12.5,-40.0904690012883
18.5,12.5,-40.16895226035086
18.75,12.5,-40.24612506250152
19.0,12.5,-40.3220253870473
19.25,12.5,-40.3966933056026
19.5,12.5,-40.47016374905094
19.75,12.5,-40.54247381801748
20.0,12.5,-40.61365592204379
20.25,12.5,-40.683744436615015
20.5,12.5,-40.752769320589756
20.75,12.5,-40.82076217939203
21.0,12.5,-40.8877505504789
21.25,12.5,-40.95376340345602
21.5,12.5,-41.018826158430116
21.75,12.5,-41.082965520965104
22.0,12.5,-41.14620519896472
22.25,12.5,-41.20856994849656
22.5,12.5,-41.27008199330415
22.75,12.5,-41.330764236714884
23.0,12.5,-41.39063746462711
1.0,12.75,-36.26909991102051
1.25,12.75,-36.11959193404525
1.5,12.75,-35.969543994316496
1.75,12.75,-35.81962302299917
2.0,12.75,-35.67063718127147
2.25,12.75,-35.52354870292738
2.5,12.75,-35.37948079489988
2.75,12.75,-35.239720528608366
3.0,12.75,-35.10570847308664
3.25,12.75,-34.97901544363919
3.5,12.75,-34.861310613493856
3.75,12.75,-34.754305916019334
4.0,12.75,-34.65969226965268
4.25,12.75,-34.579071920123134
4.5,12.75,-34.51387987688059
4.75,12.75,-34.46531774414817
5.0,12.75,-34.434304509461576
5.25,12.75,-34.421435659393275
5.5,12.75,-34.42695853347807
5.75,12.75,-34.45076597532331
6.0,12.75,-34.492400911831155
6.25,12.75,-34.551071028802966
6.5,12.75,-34.62568046435655
6.75,12.75,-34.714879900864815
7.0,12.75,-34.81712749329453
7.25,12.75,-34.93075887504671
7.5,12.75,-35.05406118453836
7.75,12.75,-35.18534118341117
8.0,12.75,-35.32298353048684
8.25,12.75,-35.46549141122665
8.5,12.75,-35.6115154505282
8.75,12.75,-35.759866959753055
9.0,12.75,-35.909519027737794
9.25,12.75,-36.059604569305705
9.5,12.75,-36.20940039835186
9.75,12.75,-36.35831740981414
10.0,12.75,-36.50588069267722
10.25,12.75,-36.65171582639692
10.5,12.75,-36.79553395695447
10.75,12.75,-36.9371163506053
11.0,12.75,-37.07630607892455
11.25,12.75,-37.21299179832819
11.5,12.75,-37.34710471027814
11.75,12.75,-37.47860389274268
12.0,12.75,-37.607477205956194
12.25,12.75,-37.733729606790284
12.5,12.75,-37.85738518852893
12.75,12.75,-37.97847803977642
13.0,12.75,-38.09705338766224
13.25,12.75,-38.21316161812607
13.5,12.75,-38.32685861777339
13.75,12.75,-38.43820349824699
14.0,12.75,-38.547257580633314
14.25,12.75,-38.65408469376119
14.5,12.75,-38.75874794453915
14.75,12.75,-38.86131202697666
15.0,12.75,-38.96183843120283
15.25,12.75,-39.06039010301656
15.5,12.75,-39.157025738569715
15.75,12.75,-39.251806194534936
17.25,12.75,-39.7846356039446
17.5,12.75,-39.86794735621031
17.75,12.75,-39.949817723118485
18.0,12.75,-40.03028846823317
18.25,12.75,-40.109404401133006
18.5,12.75,-40.187204286515986
18.75,12.75,-40.263729652799995
19.0,12.75,-40.33901598136278
19.25,12.75,-40.4131014276826
19.5,12.75,-40.48601851578373
19.75,12.75,-40.55780255328108
20.0,12.75,-40.62848376363364
20.25,12.75,-40.698095091043704
20.5,12.75,-40.76666476933318
20.75,12.75,-40.83422341970639
21.0,12.75,-40.90079724192971
21.25,12.75,-40.96641443974234
21.5,12.75,-41.03109921930819
21.75,12.75,-41.09487750400065
22.0,12.75,-41.15777179669391
22.25,12.75,-41.21980604847554
22.5,12.75,-41.28100138394865
22.75,12.75,-41.341380002413956
23.0,12.75,-41.40096181306109
1.0,13.0,-36.393843489319096
1.25,13.0,-36.25352056971685
1.5,13.0,-36.11334753061281
1.75,13.0,-35.973989878220166
2.0,13.0,-35.83623066738611
2.25,13.0,-35.70097856082354
2.5,13.0,-35.56926559505296
2.75,13.0,-35.44224410844108
3.0,13.0,-35.321173572631636
3.25,13.0,-35.20739275500525
3.5,13.0,-35.10229159485214
3.75,13.0,-35.00726634745291
4.0,13.0,-34.92366556224967
4.25,13.0,-34.85274317281971
4.5,13.0,-34.79560646472557
4.75,13.0,-34.75316941897197
5.0,13.0,-34.72612305427517
5.25,13.0,-34.714912562868044
5.5,13.0,-34.71972226572136
5.75,13.0,-34.74047284743558
6.0,13.0,-34.77682361186505
6.25,13.0,-34.82817937260136
6.5,13.0,-34.893710135490686
6.75,13.0,-34.97238183555399
7.0,13.0,-35.06299463707775
7.25,13.0,-35.16423107877293
7.5,13.0,-35.27470800465436
7.75,13.0,-35.39302799819679
8.0,13.0,-35.51782615466682
8.25,13.0,-35.6478071455287
8.5,13.0,-35.78177478400037
8.75,13.0,-35.91864694400926
9.0,13.0,-36.0574659352032
9.25,13.0,-36.197399697851665
9.5,13.0,-36.33773534588638
9.75,13.0,-36.47787513878718
10.0,13.0,-36.617320772812704
10.25,13.0,-36.7556673517901
10.5,13.0,-36.8925876258264
10.75,13.0,-37.02782403753957
11.0,13.0,-37.161177778841335
11.25,13.0,-37.292498078178745
11.5,13.0,-37.42167699985187
11.75,13.0,-37.54863721065799
12.0,13.0,-37.67333226412969
12.25,13.0,-37.79573481090342
12.5,13.0,-37.91584004449327
12.75,13.0,-38.03365467255931
13.0,13.0,-38.149200633777994
13.25,13.0,-38.262505685100066
13.5,13.0,-38.373606715850144
13.75,13.0,-38.48254356906286
14.0,13.0,-38.5893615699713
14.25,13.0,-38.69410839525053
14.5,13.0,-38.79683441459986
14.75,13.0,-38.89759171684318
15.0,13.0,-38.99643201522485
15.25,13.0,-39.093408155301454
15.5,13.0,-39.188570487526775
15.75,13.0,-39.28197100985659
17.25,13.0,-39.808104017265734
17.5,13.0,-39.89051478612372
17.75,13.0,-39.97153430833444
18.0,13.0,-40.051200477285455
18.25,13.0,-40.129554740742165
18.5,13.0,-40.20663263545832
18.75,13.0,-40.28247320774934
19.0,13.0,-40.35710942222734
19.25,13.0,-40.43057756797196
19.5,13.0,-40.502907960731555
19.75,13.0,-40.57413423545903
20.0,13.0,-40.644284487343256
20.25,13.0,-40.71339013645287
20.5,13.0,-40.7814775128469
20.75,13.0,-40.848576032085006
21.0,13.0,-40.914710352160895
21.25,13.0,-40.97990778410052
21.5,13.0,-41.044191252145126
21.75,13.0,-41.10758590994561
22.0,13.0,-41.1701130709049
22.25,13.0,-41.23179591568568
22.5,13.0,-41.2926544519577
22.75,13.0,-41.352710149467065
23.0,13.0,-41.41198196985272
1.0,13.25,-36.51995743645525
1.25,13.25,-36.388334261495864
1.5,13.25,-36.25742697943534
1.75,13.25,-36.127883002075606
2.0,13.25,-36.000444645221535
2.25,13.25,-35.875954374104914
2.5,13.25,-35.75534718444284
2.75,13.25,-35.63964262467789
3.0,13.25,-35.5299332290632
3.25,13.25,-35.427355951610046
3.5,13.25,-35.33306648441329
3.75,13.25,-35.248206541888834
4.0,13.25,-35.17385918142035
4.25,13.25,-35.11101438257785
4.5,13.25,-35.06053730696993
4.75,13.25,-35.023135168284234
5.0,13.25,-34.99933661507734
5.25,13.25,-34.98948056289259
5.5,13.25,-34.99370810712858
5.75,13.25,-35.0119592414938
6.0,13.25,-35.04397370586167
6.25,13.25,-35.08929656767405
6.5,13.25,-35.14728975126647
6.75,13.25,-35.21714886166389
7.0,13.25,-35.29792929344844
7.25,13.25,-35.388580243801606
7.5,13.25,-35.48798027230942
7.75,13.25,-35.59497557505483
8.0,13.25,-35.70841646545592
8.25,13.25,-35.82718981848677
8.5,13.25,-35.950244951525136
8.75,13.25,-36.07661013409362
9.0,13.25,-36.2054067796001
9.25,13.25,-36.33585183996884
9.5,13.25,-36.4672601975485
9.75,13.25,-36.59904172547611
10.0,13.25,-36.73069270588596
10.25,13.25,-36.861792782843594
10.5,13.25,-36.99199086144228
10.75,13.25,-37.121002552401194
11.0,13.25,-37.24859707828048
11.25,13.25,-37.37459317234406
11.5,13.25,-37.498850403359
11.75,13.25,-37.62126208259981
12.0,13.25,-37.741752205407685
12.25,13.25,-37.860266219651905
12.5,13.25,-37.976773019102225
12.75,13.25,-38.09125459403337
13.0,13.25,-38.203710637467466
13.25,13.25,-38.31414789558097
13.5,13.25,-38.42258550480252
13.75,13.25,-38.52904576753915
14.0,13.25,-38.63355942120953
14.25,13.25,-38.73615893103603
14.5,13.25,-38.83688236961428
14.75,13.25,-38.93576899382908
15.0,13.25,-39.032860684271085
15.25,13.25,-39.128199950540946
15.5,13.25,-39.22182923069799
15.75,13.25,-39.313791839326775
17.25,13.25,-39.83292569444518
17.5,13.25,-39.91439139575882
17.75,13.25,-39.994517737033135
18.0,13.25,-40.07333894009851
18.25,13.25,-40.15089292728451
18.5,13.25,-40.22721195380254
18.75,13.25,-40.3023322955195
19.0,13.25,-40.376284311736825
19.25,13.25,-40.44910229011464
19.5,13.25,-40.52081440945604
19.75,13.25,-40.59145266083771
20.0,13.25,-40.66104309538433
20.25,13.25,-40.729615571595666
20.5,13.25,-40.797194428973604
20.75,13.25,-40.863807700347145
21.0,13.25,-40.92947831559911
21.25,13.25,-40.994232534569775
21.5,13.25,-41.058091900219004
21.75,13.25,-41.1210807850251
22.0,13.25,-41.18321934445541
22.25,13.25,-41.24453006927068
22.5,13.25,-41.305031903486565
22.75,13.25,-41.364745631466576
23.0,13.25,-41.42368924803261
1.0,13.5,-36.646844842618975
1.25,13.5,-36.52341692562175
1.5,13.5,-36.40116185155814
1.75,13.5,-36.28069710283577
2.0,13.5,-36.16271465527433
2.25,13.5,-36.04798451642589
2.5,13.5,-35.93734557326995
2.75,13.5,-35.83169330749088
3.0,13.5,-35.731970819098976
3.25,13.5,-35.639142952960306
3.5,13.5,-35.55417125627819
3.75,13.5,-35.47799181752829
4.0,13.5,-35.411481273616204
4.25,13.5,-35.35542907301323
4.5,13.5,-35.31051844586588
4.75,13.5,-35.27730449417827
5.0,13.5,-35.25619879812996
5.25,13.5,-35.24746423672896
5.5,13.5,-35.25121068973279
5.75,13.5,-35.26739104551528
6.0,13.5,-35.29580274458267
6.25,13.5,-35.33609314694782
6.5,13.5,-35.38776426858291
6.75,13.5,-35.450181937146404
7.0,13.5,-35.5225950381699
7.25,13.5,-35.60415841091681
7.5,13.5,-35.69395770702801
7.75,13.5,-35.79103825146655
8.0,13.5,-35.894432748438724
8.25,13.5,-36.00318798868733
8.5,13.5,-36.116386458864
8.75,13.5,-36.23316419273975
9.0,13.5,-36.35272416388742
9.25,13.5,-36.47434120691646
9.5,13.5,-36.59736908586416
9.75,13.5,-36.721237278452165
10.0,13.5,-36.84545010660288
10.25,13.5,-36.969582796921024
10.5,13.5,-37.09327282377536
10.75,13.5,-37.216218757874195
11.0,13.5,-37.33816794298733
11.25,13.5,-37.45891673614749
11.5,13.5,-37.57829899726875
11.75,13.5,-37.6961846286812
12.0,13.5,-37.81247214692613
12.25,13.5,-37.92708436038253
12.5,13.5,-38.03996662747686
12.75,13.5,-38.151079846647455
13.0,13.5,-38.26040328508513
13.25,13.5,-38.367925174264066
13.5,13.5,-38.47364798689549
13.75,13.5,-38.57757812632302
14.0,13.5,-38.67973250146092
14.25,13.5,-38.78012931993858
14.5,13.5,-38.87879472072347
14.75,13.5,-38.97575537695629
15.0,13.5,-39.07104347548733
15.25,13.5,-39.16469128743363
15.5,13.5,-39.25673380461806
15.75,13.5,-39.34720598157239
17.25,13.5,-39.85906335978695
17.5,13.5,-39.939542797235276
17.75,13.5,-40.01873599140174
18.0,13.5,-40.096673870571706
18.25,13.5,-40.17339086161692
18.5,13.5,-40.24891610018476
18.75,13.5,-40.323282857930494
19.0,13.5,-40.39651876808625
19.25,13.5,-40.468655799208946
19.5,13.5,-40.53971989726874
19.75,13.5,-40.609741281052216
20.0,13.5,-40.678744022497426
20.25,13.5,-40.746756437529534
20.5,13.5,-40.81380094739464
20.75,13.5,-40.879904179936204
21.0,13.5,-40.94508729389739
21.25,13.5,-41.00937540247677
21.5,13.5,-41.07278857710905
21.75,13.5,-41.13535034638889
22.0,13.5,-41.1970796762013
22.25,13.5,-41.25799838552226
22.5,13.5,-41.31812437408021
22.75,13.5,-41.37747777523296
23.0,13.5,-41.436075609555864
1.0,13.75,-36.773991481350635
1.25,13.75,-36.65824886253104
1.5,13.75,-36.54404087120983
1.75,13.75,-36.43194794222437
2.0,13.75,-36.32260768139816
2.25,13.75,-36.216716561865226
2.5,13.75,-36.11502200066825
2.75,13.75,-36.01830693578818
3.0,13.75,-35.927382474704594
3.25,13.75,-35.84306748374202
3.5,13.75,-35.766164134018354
3.75,13.75,-35.69744263952711
4.0,13.75,-35.63761817334538
4.25,13.75,-35.587327248134784
4.5,13.75,-35.547114761551335
4.75,13.75,-35.51742162470161
5.0,13.75,-35.49857388042215
5.25,13.75,-35.49077886639687
5.5,13.75,-35.49412261201644
5.75,13.75,-35.50856743440314
6.0,13.75,-35.533954074165
6.25,13.75,-35.570004681933504
6.5,13.75,-35.616324345382516
6.75,13.75,-35.67240802778017
7.0,13.75,-35.73765309833301
7.25,13.75,-35.81137342618988
7.5,13.75,-35.89281877872971
7.75,13.75,-35.98119655733052
8.0,13.75,-36.07569234674501
8.25,13.75,-36.17549113989635
8.5,13.75,-36.27979550074405
8.75,13.75,-36.38784256002867
9.0,13.75,-36.49891504358652
9.25,13.75,-36.612349647550154
9.5,13.75,-36.72754412250392
9.75,13.75,-36.84395603873392
10.0,13.75,-36.961106845483556
10.25,13.75,-37.078576400448206
10.5,13.75,-37.196001134660904
10.75,13.75,-37.313070577193024
11.0,13.75,-37.429519341605626
11.25,13.75,-37.545127680139025
11.5,13.75,-37.65971031777494
11.75,13.75,-37.77311866787987
12.0,13.75,-37.885230369981706
12.25,13.75,-37.995950084876654
12.5,13.75,-38.10520302287702
12.75,13.75,-38.21293276055983
13.0,13.75,-38.31909995820012
13.25,13.75,-38.42367662925599
13.5,13.75,-38.5266491003691
13.75,13.75,-38.62800935635913
14.0,13.75,-38.72776098235664
14.25,13.75,-38.8259094396338
14.5,13.75,-38.92246971412115
14.75,13.75,-39.01745700762744
15.0,13.75,-39.110894210654465
15.25,13.75,-39.202803682912105
15.5,13.75,-39.293213053561374
15.75,13.75,-39.38214898440619
17.25,13.75,-39.88647746455638
17.5,13.75,-39.965932686534565
17.75,13.75,-40.044155772398426
18.0,13.75,-40.12117463503685
18.25,13.75,-40.19702018511131
18.5,13.75,-40.27171867498609
18.75,13.75,-40.3453002185958
19.0,13.75,-40.41778971533026
19.25,13.75,-40.489216514847385
19.5,13.75,-40.55960423839717
19.75,13.75,-40.62898113818118
20.0,13.75,-40.69736935536697
20.25,13.75,-40.76479567467949
20.5,13.75,-40.83128074576423
20.75,13.75,-40.89684985000239
21.0,13.75,-40.9615224365902
21.25,13.75,-41.02532242927322
21.5,13.75,-41.08826835472569
21.75,13.75,-41.15038278674077
22.0,13.75,-41.21168339688238
22.25,13.75,-41.27219126016328
22.5,13.75,-41.33192318257887
22.75,13.75,-41.390898639842504
23.0,13.75,-41.44913366876351
1.0,14.0,-36.90095746037582
1.25,14.0,-36.79239733970528
1.5,14.0,-36.685652266959295
1.75,14.0,-36.58126137421698
2.0,14.0,-36.479807209352586
2.25,14.0,-36.38191512665052
2.5,14.0,-36.28824783979184
2.75,14.0,-36.19948853914139
3.0,14.0,-36.11633342919107
3.25,14.0,-36.039477884564505
3.5,14.0,-35.96959412649642
3.75,14.0,-35.90731891913493
4.0,14.0,-35.853239484060204
4.25,14.0,-35.80787425717918
4.5,14.0,-35.77166240478904
4.75,14.0,-35.744958034060545
5.0,14.0,-35.72802301163959
5.25,14.0,-35.721022729398044
5.5,14.0,-35.72402516428991
5.75,14.0,-35.737000852731754
6.0,14.0,-35.75982321963317
6.25,14.0,-35.79226887512017
6.5,14.0,-35.834020449405216
6.75,14.0,-35.88467246557035
7.0,14.0,-35.94373672626287
7.25,14.0,-36.010651674941
7.5,14.0,-36.084798367840264
7.75,14.0,-36.165515718512125
8.0,14.0,-36.2521163298956
8.25,14.0,-36.343903385999795
8.5,14.0,-36.4401856948571
8.75,14.0,-36.54029202984458
10.25,14.0,-37.188360341875594
10.5,14.0,-37.29978298457156
10.75,14.0,-37.411188089193914
11.0,14.0,-37.52230504980189
11.25,14.0,-37.63290336060137
11.5,14.0,-37.74278541335602
11.75,14.0,-37.85178849156088
12.0,14.0,-37.95977435621807
12.25,14.0,-38.06663292292268
12.5,14.0,-38.17227244534113
12.75,14.0,-38.27662202706138
13.0,14.0,-38.37962565317931
13.25,14.0,-38.481241531902
13.5,14.0,-38.58144091617981
13.75,14.0,-38.680203382368525
14.0,14.0,-38.77751991027533
14.25,14.0,-38.873384971671285
14.5,14.0,-38.967802979300785
14.75,14.0,-39.06077889730246
15.0,14.0,-39.1523264756332
15.25,14.0,-39.24245861870751
15.5,14.0,-39.331195443232055
15.75,14.0,-39.41855547270033
17.25,14.0,-39.91512651449929
17.5,14.0,-39.99352298717841
17.75,14.0,-40.07074222484739
18.0,14.0,-40.14680921161954
18.25,14.0,-40.22175120170652
18.5,14.0,-40.29559181825822
18.75,14.0,-40.3683579763707
19.0,14.0,-40.44007203772901
19.25,14.0,-40.51076059155719
19.5,14.0,-40.580444968223844
19.75,14.0,-40.64915125777833
20.0,14.0,-40.71689968101721
20.25,14.0,-40.78371539762894
20.5,14.0,-40.84961736852225
20.75,14.0,-40.914629531540534
21.0,14.0,-40.97876969956352
21.25,14.0,-41.04206058208507
21.5,14.0,-41.104519130292026
21.75,14.0,-41.16616686653857
22.0,14.0,-41.22702006790703
22.25,14.0,-41.28709896988546
22.5,14.0,-41.346419212285866
22.75,14.0,-41.40499958556428
23.0,14.0,-41.4628551333299
1.0,14.25,-37.02737147247055
1.25,14.25,-36.925504570839124
1.5,14.25,-36.82566498003781
1.75,14.25,-36.72834909493277
2.0,14.25,-36.634085958207876
2.25,14.25,-36.54343400274912
2.5,14.25,-36.456978206889296
2.75,14.25,-36.375314024868274
3.0,14.25,-36.2990388176986
3.25,14.25,-36.22874378989909
3.5,14.25,-36.1649954581746
3.75,14.25,-36.1083235856395
4.0,14.25,-36.05921289013048
4.25,14.25,-36.01808934228151
4.5,14.25,-35.98531114390908
4.75,14.25,-35.96116574182851
5.0,14.25,-35.94586523556318
5.25,14.25,-35.939542810126476
5.5,14.25,-35.94225352569785
5.75,14.25,-35.953974816673856
6.0,14.25,-35.97460420001001
6.25,14.25,-36.003959378496546
6.5,14.25,-36.041783040988655
6.75,14.25,-36.08774592442311
7.0,14.25,-36.14144831333243
7.25,14.25,-36.20242807446448
7.5,14.25,-36.270171716321656
7.75,14.25,-36.344124625877804
8.0,14.25,-36.423704790940036
8.25,14.25,-36.508315924531146
8.5,14.25,-36.59735952686949
8.75,14.25,-36.69024646057568
10.25,14.25,-37.298569560584944
10.5,14.25,-37.40426537688228
10.75,14.25,-37.51023415082014
11.0,14.25,-37.616205860703424
11.25,14.25,-37.721944176625684
11.5,14.25,-37.827244960868924
11.75,14.25,-37.931934773444205
12.0,14.25,-38.03586416207547
12.25,14.25,-38.138910760308335
12.5,14.25,-38.24096943985185
12.75,14.25,-38.341957303607636
13.0,14.25,-38.44180441136119
13.25,14.25,-38.5404575966922
13.5,14.25,-38.63787462470555
13.75,14.25,-38.7340244649251
14.0,14.25,-38.828885986096324
14.25,14.25,-38.92244400144129
14.5,14.25,-39.014692528915525
14.75,14.25,-39.105627549921664
15.0,14.25,-39.19525388794546
15.25,14.25,-39.28357599022555
15.5,14.25,-39.370606543443856
15.75,14.25,-39.456356509034606
17.25,14.25,-39.94496774950794
17.5,14.25,-40.02227406470073
17.75,14.25,-40.09845862539045
18.0,14.25,-40.173543533758775
18.25,14.25,-40.24755222761928
18.5,14.25,-40.32050593887287
18.75,14.25,-40.39242838253297
19.0,14.25,-40.46333967656314
19.25,14.25,-40.53326360544076
19.5,14.25,-40.60221933900948
19.75,14.25,-40.67023061910834
20.0,14.25,-40.737315731228996
20.25,14.25,-40.803498012444415
20.5,14.25,-40.868794732889725
20.75,14.25,-40.93322840057513
21.0,14.25,-40.996815249698464
21.25,14.25,-41.05957676318877
21.5,14.25,-41.121528356139336
21.75,14.25,-41.182690470842225
22.0,14.25,-41.243077963688954
22.25,14.25,-41.30271017574884
22.5,14.25,-41.36160153121168
22.75,14.25,-41.41977010406706
23.0,14.25,-41.477229926270745
1.0,14.5,-37.152925757441686
1.25,14.5,-37.05728395137441
1.5,14.5,-36.96382470858825
1.75,14.5,-36.873001814218476
2.0,14.5,-36.78529354364174
2.25,14.5,-36.7011968988619
2.5,14.5,-36.62122662856727
2.75,14.5,-36.54590183488386
3.0,14.5,-36.47573613454653
3.25,14.5,-36.41123313928374
3.5,14.5,-36.352872574484664
3.75,14.5,-36.30109802022101
4.0,14.5,-36.256311605399866
4.25,14.5,-36.21886593016653
4.5,14.5,-36.18905647202275
4.75,14.5,-36.16711879166002
5.0,14.5,-36.153225973002854
5.25,14.5,-36.14748683149707
5.5,14.5,-36.149946940341906
5.75,14.5,-36.16058815040609
6.0,14.5,-36.179326204114666
6.25,14.5,-36.206012033818766
6.5,14.5,-36.24043504126917
6.75,14.5,-36.28232360666263
7.0,14.5,-36.33134773043608
7.25,14.5,-36.387125473071904
7.5,14.5,-36.44922802418029
7.75,14.5,-36.51718792790474
8.0,14.5,-36.59051101176834
8.25,14.5,-36.66868577328122
8.5,14.5,-36.75119350862008
8.75,14.5,-36.8375178391575
10.25,14.5,-37.40888250951764
10.5,14.5,-37.50913297449983
10.75,14.5,-37.60990426278224
11.0,14.5,-37.71093038141133
11.25,14.5,-37.81197363361443
11.5,14.5,-37.91282759009383
11.75,14.5,-38.01331150103893
12.0,14.5,-38.11326917292911
12.25,14.5,-38.212568386016414
12.5,14.5,-38.31109447864984
12.75,14.5,-38.40875436246256
13.0,14.5,-38.505467007921204
13.25,14.5,-38.60116941937163
13.5,14.5,-38.69580760905754
13.75,14.5,-38.78934128406138
14.0,14.5,-38.88173802594081
14.25,14.5,-38.97297429052132
14.5,14.5,-39.06303416778256
14.75,14.5,-39.15190609757704
15.0,14.5,-39.239586372004155
15.25,14.5,-39.32607226335347
15.5,14.5,-39.41136913320839
15.75,14.5,-39.4954811164368
17.25,14.5,-39.975957509469104
17.5,14.5,-40.05214502014247
17.75,14.5,-40.12726675609425
18.0,14.5,-40.20134203063921
18.25,14.5,-40.27439033469963
18.5,14.5,-40.34643064694101
18.75,14.5,-40.417483401448806
19.0,14.5,-40.487566698717075
19.25,14.5,-40.556701463421646
19.5,14.5,-40.62490487737614
19.75,14.5,-40.692198193243534
20.0,14.5,-40.75859780275236
20.25,14.5,-40.824125026986486
20.5,14.5,-40.88879544755403
20.75,14.5,-40.9526300224395
21.0,14.5,-41.01564346421802
21.25,14.5,-41.07785601531488
21.5,14.5,-41.13928163887485
21.75,14.5,-41.19993971287674
22.0,14.5,-41.259843708994445
22.25,14.5,-41.31901205681545
22.5,14.5,-41.37745794094947
22.75,14.5,-41.435198682290746
23.0,14.5,-41.492247264186275
1.0,14.75,-37.27736486431471
1.25,14.75,-37.1875040874357
1.5,14.75,-37.09993468447319
1.75,14.75,-37.01506900298848
2.0,14.75,-36.93333759284593
2.25,14.75,-36.85518177038592
2.5,14.75,-36.78105355830722
2.75,14.75,-36.71140590139729
3.0,14.75,-36.646682046113796
3.25,14.75,-36.58731207401452
3.5,14.75,-36.53370355621145
3.75,14.75,-36.48623033514467
4.0,14.75,-36.44522834337537
4.25,14.75,-36.410991456939506
4.5,14.75,-36.3837654279079
4.75,14.75,-36.36374500959229
5.0,14.75,-36.35107316831137
5.25,14.75,-36.345840281390196
5.5,14.75,-36.34808377078352
5.75,14.75,-36.35778772827131
6.0,14.75,-36.37488304815649
6.25,14.75,-36.399248076227366
6.5,14.75,-36.43070796919752
6.75,14.75,-36.46903578186172
7.0,14.75,-36.513957550934045
7.25,14.75,-36.56515506069833
7.5,14.75,-36.622267671248025
7.75,14.75,-36.68490037116562
8.0,14.75,-36.75263204459008
8.25,14.75,-36.82502240007266
8.5,14.75,-36.90162138899557
8.75,14.75,-36.9819767585095
10.25,14.75,-37.51902018048035
10.5,14.75,-37.614108226688266
10.75,14.75,-37.70992613040196
11.0,14.75,-37.80621416083846
11.25,14.75,-37.90273768509006
11.5,14.75,-37.99929092528516
11.75,14.75,-38.095689543069106
12.0,14.75,-38.191773987477866
12.25,14.75,-38.287404477828495
12.5,14.75,-38.38246000447942
12.75,14.75,-38.47683854887745
13.0,14.75,-38.570450798395484
13.25,14.75,-38.66322504298542
13.5,14.75,-38.75509789012379
13.75,14.75,-38.84602102631684
14.0,14.75,-38.93595229818835
14.25,14.75,-39.0248609632022
14.5,14.75,-39.11272189902749
14.75,14.75,-39.1995170844261
15.0,14.75,-39.28523453359789
15.25,14.75,-39.369865396867894
15.5,14.75,-39.453407722948754
15.75,14.75,-39.535859664888655
17.25,14.75,-40.00805081499675
17.5,14.75,-40.08309382410176
17.75,14.75,-40.157127456108995
18.0,14.75,-40.230168308319314
18.25,14.75,-40.30223184208067
18.5,14.75,-40.37333481281773
18.75,14.75,-40.44349423318466
19.0,14.75,-40.51272631707625
19.25,14.75,-40.58104905883014
19.5,14.75,-40.64847785429489
19.75,14.75,-40.71503140466714
20.0,14.75,-40.780724354595776
20.25,14.75,-40.84557589334654
20.5,14.75,-40.90959997982061
20.75,14.75,-40.97281590471827
21.0,14.75,-41.03523691242281
21.25,14.75,-41.09688195264986
21.5,14.75,-41.15776360654482
21.75,14.75,-41.21790018375373
22.0,14.75,-41.277303816637186
22.25,14.75,-41.33599201006436
22.5,14.75,-41.39397669863777
22.75,14.75,-41.45127441171028
23.0,14.75,-41.50789704182862
1.0,15.0,-37.40048570931029
1.25,15.0,-37.31598823350623
1.5,15.0,-37.233852358520096
1.75,15.0,-37.15445110279414
2.0,15.0,-37.07817097527197
2.25,15.0,-37.005403864791674
2.5,15.0,-36.936546806373784
2.75,15.0,-36.87199551924333
3.0,15.0,-36.812133891478055
3.25,15.0,-36.75733011899307
3.5,15.0,-36.707931198890805
3.75,15.0,-36.66425415700155
4.0,15.0,-36.62658197609352
4.25,15.0,-36.59516108958891
4.5,15.0,-36.5701970256937
4.75,15.0,-36.551852369953075
5.0,15.0,-36.5402469234101
5.25,15.0,-36.535456380919925
5.5,15.0,-36.537510844154035
5.75,15.0,-36.546396220379926
6.0,15.0,-36.562056199679944
6.25,15.0,-36.58439039580627
6.5,15.0,-36.61325189645019
6.75,15.0,-36.6484505556941
7.0,15.0,-36.68975719356136
7.25,15.0,-36.73690342809863
7.5,15.0,-36.789584629728665
7.75,15.0,-36.847466300996786
8.0,15.0,-36.910187881779116
8.25,15.0,-36.97736948664337
8.5,15.0,-37.04862013648946
8.75,15.0,-37.12354327938834
10.25,15.0,-37.628742627118314
10.5,15.0,-37.71894772959154
10.75,15.0,-37.81005711786369
11.0,15.0,-37.9018191599056
11.25,15.0,-37.99400571746422
11.5,15.0,-38.08641326761392
11.75,15.0,-38.178857382994934
12.0,15.0,-38.27117720539787
12.25,15.0,-38.36322808692593
12.5,15.0,-38.45488525197532
12.75,15.0,-38.54603941924747
13.0,15.0,-38.63659573706504
13.25,15.0,-38.72647479727137
13.5,15.0,-38.81560627605061
13.75,15.0,-38.903934585854415
14.0,15.0,-38.991409602099125
14.25,15.0,-39.07799398499587
14.5,15.0,-39.163654325610025
14.75,15.0,-39.248366792060224
15.0,15.0,-39.33211155058189
15.25,15.0,-39.41487453694861
15.5,15.0,-39.49664672880365
15.75,15.0,-39.57742130827058
17.25,15.0,-40.041201622626346
17.5,15.0,-40.11507772120173
17.75,15.0,-40.18800094181835
18.0,15.0,-40.25998520068309
18.25,15.0,-40.331041990021255
18.5,15.0,-40.401185865413744
18.75,15.0,-40.47043035156634
19.0,15.0,-40.538789871747454
19.25,15.0,-40.60627943973618
19.5,15.0,-40.67291286037313
19.75,15.0,-40.73870626007484
20.0,15.0,-40.80367273067743
20.25,15.0,-40.86782926256187
20.5,15.0,-40.93118830129935
20.75,15.0,-40.99376735534223
21.0,15.0,-41.05557824691427
21.25,15.0,-41.11663853494345
21.5,15.0,-41.17695945615971
21.75,15.0,-41.23655820521709
22.0,15.0,-41.295445609437465
22.25,15.0,-41.353638227850894
22.5,15.0,-41.41114675049607
22.75,15.0,-41.46798688949307
23.0,15.0,-41.52416942331322
1.0,15.25,-37.52212313076076
1.25,15.25,-37.44259858693417
1.5,15.25,-37.3654747105475
1.75,15.25,-37.29108785474586
2.0,15.25,-37.21978431984997
2.25,15.25,-37.151912453293285
2.5,15.25,-37.0878214077304
2.75,15.25,-37.02785706517582
3.0,15.25,-36.972352732943136
3.25,15.25,-36.92162473973271
3.5,15.25,-36.87596952462989
3.75,15.25,-36.835657569015005
4.0,15.25,-36.80092915778565
4.25,15.25,-36.771992212405664
4.5,15.25,-36.749019682986095
4.75,15.25,-36.73214857476274
5.0,15.25,-36.72148002620914
5.25,15.25,-36.717077496061464
5.5,15.25,-36.718965655894756
5.75,15.25,-36.7271327671335
6.0,15.25,-36.741531943065894
6.25,15.25,-36.76207843675146
6.5,15.25,-36.78864890322793
6.75,15.25,-36.82108427953924
7.0,15.25,-36.859190307297546
7.25,15.25,-36.902738352083496
7.5,15.25,-36.95147042553756
7.75,15.25,-37.00510152109197
8.0,15.25,-37.06332151472064
8.25,15.25,-37.125802403955646
8.5,15.25,-37.19220368683652
8.75,15.25,-37.26217701062771
10.25,15.25,-37.73784374604759
10.5,15.25,-37.82343986277255
10.75,15.25,-37.91008358242421
11.0,15.25,-37.997533172433144
11.25,15.25,-38.0855690276723
11.5,15.25,-38.173991269673984
11.75,15.25,-38.26261856618762
12.0,15.25,-38.351290139992855
12.25,15.25,-38.439859579511364
12.5,15.25,-38.52820002758973
12.75,15.25,-38.61619696472293
13.0,15.25,-38.7037519117501
13.25,15.25,-38.79077869828053
13.5,15.25,-38.87720210879655
13.75,15.25,-38.96295974658294
14.0,15.25,-39.047995455393256
14.25,15.25,-39.1322657141078
14.5,15.25,-39.21573030017591
14.75,15.25,-39.29836006641771
15.0,15.25,-39.38012821540081
15.25,15.25,-39.461016142210006
15.5,15.25,-39.54100819797253
15.75,15.25,-39.62009341460838
17.25,15.25,-40.07536367813348
17.5,15.25,-40.14805355238045
17.75,15.25,-40.21984680497369
18.0,15.25,-40.29075469111095
18.25,15.25,-40.360784985970824
18.5,15.25,-40.42995009446709
18.75,15.25,-40.49826011754841
19.0,15.25,-40.56572775403474
19.25,15.25,-40.632365007136016
19.5,15.25,-40.69818421712333
19.75,15.25,-40.763198891705834
20.0,15.25,-40.82742073051756
20.25,15.25,-40.890864459739326
20.5,15.25,-40.95354113428097
20.75,15.25,-41.01546637764862
21.0,15.25,-41.07665065403761
21.25,15.25,-41.13711002769229
21.5,15.25,-41.19685443143692
21.75,15.25,-41.255899883328155
22.0,15.25,-41.314255944951924
22.25,15.25,-41.37193820825117
22.5,15.25,-41.428956144009994
22.75,15.25,-41.48532463722465
23.0,15.25,-41.54105335282069
1.0,15.5,-37.64215057237595
1.25,15.5,-37.56723458004862
1.5,15.5,-37.49473314730703
1.75,15.5,-37.424949343533854
2.0,15.5,-37.358193319048674
2.25,15.5,-37.294775133185084
2.5,15.5,-37.23500222271542
2.75,15.5,-37.17917681125811
3.0,15.5,-37.12758878204318
3.25,15.5,-37.08051126949465
3.5,15.5,-37.03819880241936
3.75,15.5,-37.00088316943794
4.0,15.5,-36.96876951288325
4.25,15.5,-36.94203451848571
4.5,15.5,-36.92082496747198
4.75,15.5,-36.90525695630735
5.0,15.5,-36.89541574878563
5.25,15.5,-36.891354970427265
5.5,15.5,-36.89309627339916
5.75,15.5,-36.90063006383129
6.0,15.5,-36.91391537284354
6.25,15.5,-36.93287973203467
6.5,15.5,-36.957420357067434
6.75,15.5,-36.987403288060925
7.0,15.5,-37.02266196359993
7.25,15.5,-37.063001254620175
7.5,15.5,-37.108201386683845
7.75,15.5,-37.15801721476289
8.0,15.5,-37.21218162352346
8.25,15.5,-37.27041108211549
8.5,15.5,-37.33240798368297
8.75,15.5,-37.39786606869455
10.25,15.5,-37.84615211422077
10.5,15.5,-37.92740391693855
10.75,15.5,-38.00981914382769
11.0,15.5,-38.09316792992473
11.25,15.5,-38.17724004248332
11.5,15.5,-38.2618408904094
11.75,15.5,-38.34679427030292
12.0,15.5,-38.43194045092064
12.25,15.5,-38.517133940807796
12.5,15.5,-38.602246626823785
12.75,15.5,-38.687161097572385
13.0,15.5,-38.771776405333696
13.25,15.5,-38.85600108872367
13.5,15.5,-38.939756676195834
13.75,15.5,-39.022974715948195
14.0,15.5,-39.10559492641347
14.25,15.5,-39.18756797930811
14.5,15.5,-39.26884852677007
14.75,15.5,-39.34940229957266
15.0,15.5,-39.4291966502867
15.25,15.5,-39.50820865819474
15.5,15.5,-39.58641663206113
15.75,15.5,-39.663805907798626
17.25,15.5,-40.11049002026481
17.5,15.5,-40.18197726726099
17.75,15.5,-40.2526237788005
18.0,15.5,-40.32243808805412
18.25,15.5,-40.391424607495956
18.5,15.5,-40.4595935861372
18.75,15.5,-40.526951861924005
19.0,15.5,-40.59351042105192
19.25,15.5,-40.659278264786394
19.5,15.5,-40.72426632507259
19.75,15.5,-40.788485442696825
20.0,15.5,-40.85194604032431
20.25,15.5,-40.91466052099955
20.5,15.5,-40.97663868037688
20.75,15.5,-41.037894184880734
21.0,15.5,-41.098436243572635
21.25,15.5,-41.158279350058294
21.5,15.5,-41.217432205599025
21.75,15.5,-41.275909599438194
22.0,15.5,-41.33371988338234
22.25,15.5,-41.39087766152662
22.5,15.5,-41.44739122199974
22.75,15.5,-41.50327461446864
23.0,15.5,-41.55853639922179
1.0,15.75,-37.760469039611095
1.25,15.75,-37.68982432206784
1.5,15.75,-37.62158844703628
1.75,15.75,-37.556034495598524
2.0,15.75,-37.4934400200085
2.25,15.75,-37.434080978953574
2.5,15.75,-37.37822834763025
2.75,15.75,-37.32614638942218
3.0,15.75,-37.27808792469881
3.25,15.75,-37.23429029933991
3.5,15.75,-37.194973326919026
3.75,15.75,-37.16033621085201
4.0,15.75,-37.13055477076987
4.25,15.75,-37.10578038432226
4.5,15.75,-37.08613871510706
4.75,15.75,-37.071728356217676
5.0,15.75,-37.062621167647464
5.25,15.75,-37.05886330345185
5.5,15.75,-37.06047457534727
5.75,15.75,-37.06744651793447
6.0,15.75,-37.079742555026414
6.25,15.75,-37.097301041508544
6.5,15.75,-37.12003570901651
6.75,15.75,-37.14783195768179
7.0,15.75,-37.18054704873697
7.25,15.75,-37.218014651336446
7.5,15.75,-37.26004522583065
7.75,15.75,-37.30642643027368
8.0,15.75,-37.35692810260033
8.25,15.75,-37.41130387003317
8.5,15.75,-37.46929293939867
8.75,15.75,-37.53062616252181
10.25,15.75,-37.95352189633496
10.5,15.75,-38.03068366764964
10.75,15.75,-38.10910110131254
11.0,15.75,-38.18855740476178
11.25,15.75,-38.26885168218597
11.5,15.75,-38.349796348876524
11.75,15.75,-38.43122111914256
12.0,15.75,-38.51296856913427
12.25,15.75,-38.59489613443479
12.5,15.75,-38.676875217311235
12.75,15.75,-38.758788002181824
13.0,15.75,-38.84053173870974
13.25,15.75,-38.92201161862617
13.5,15.75,-39.00314682293224
13.75,15.75,-39.08386387441543
14.0,15.75,-39.164099669790836
14.25,15.75,-39.243799440815714
14.5,15.75,-39.32291422109839
14.75,15.75,-39.401404672877504
15.0,15.75,-39.4792336176385
15.25,15.75,-39.55637383507547
15.5,15.75,-39.63279850887987
15.75,15.75,-39.708489495820515
17.25,15.75,-40.14653256462816
17.5,15.75,-40.216803938773836
17.75,15.75,-40.28628998395668
18.0,15.75,-40.35499633104444
18.25,15.75,-40.42292441399346
18.5,15.75,-40.49008223057206
18.75,15.75,-40.55647360410296
19.0,15.75,-40.62210778259461
19.25,15.75,-40.68699086919425
19.5,15.75,-40.75113242159742
19.75,15.75,-40.81454062321281
20.0,15.75,-40.877224714298094
20.25,15.75,-40.9391947442106
20.5,15.75,-41.000459377955494
20.75,15.75,-41.06103027506034
21.0,15.75,-41.12091550999149
21.25,15.75,-41.180127947385216
21.5,15.75,-41.238675149518265
21.75,15.75,-41.29657062956017
22.0,15.75,-41.35382159635498
22.25,15.75,-41.4104416404789
22.5,15.75,-41.466437907675996
22.75,15.75,-41.52182359692735
23.0,15.75,-41.57660617216
1.0,16.0,-37.87700559508763
1.25,16.0,-37.810319852396944
1.5,16.0,-37.746022181568534
1.75,16.0,-37.684358694984894
2.0,16.0,-37.62557746558965
2.25,16.0,-37.56992390246879
2.5,16.0,-37.51763729528356
2.75,16.0,-37.46894941844656
3.0,16.0,-37.42408153094087
3.25,16.0,-37.383240851968466
3.5,16.0,-37.34661803586186
3.75,16.0,-37.31438476493989
4.0,16.0,-37.28669234287104
4.25,16.0,-37.26367132978038
4.5,16.0,-37.245429981822305
4.75,16.0,-37.23205249358392
5.0,16.0,-37.22360004031887
5.25,16.0,-37.22011268262809
5.5,16.0,-37.221607940590246
5.75,16.0,-37.228078105425276
6.0,16.0,-37.23949158403867
6.25,16.0,-37.255795935856796
6.5,16.0,-37.27691656261232
6.75,16.0,-37.30275452038563
7.0,16.0,-37.333188606999265
7.25,16.0,-37.368076177756365
7.5,16.0,-37.4072519559721
7.75,16.0,-37.45053201853087
8.0,16.0,-37.49771712017631
8.25,16.0,-37.54859159947812
8.5,16.0,-37.602927094289576
8.75,16.0,-37.660486835051714
10.25,16.0,-38.05983533768198
10.5,16.0,-38.13314964899782
10.75,16.0,-38.207791511158376
11.0,16.0,-38.28355753291842
11.25,16.0,-38.36025631259025
11.5,16.0,-38.43770883273761
11.75,16.0,-38.5157508445374
12.0,16.0,-38.59422886540674
12.25,16.0,-38.67300419945923
12.5,16.0,-38.75194871986777
12.75,16.0,-38.83094605023264
13.0,16.0,-38.90989200248258
13.25,16.0,-38.98869040241625
13.5,16.0,-39.0672583749089
13.75,16.0,-39.145518846237664
14.0,16.0,-39.22340660017817
14.25,16.0,-39.3008621851173
14.5,16.0,-39.37783424226651
14.75,16.0,-39.45427863601654
15.0,16.0,-39.53015505317705
15.25,16.0,-39.60543197247217
15.5,16.0,-39.68007860207015
15.75,16.0,-39.754073292087845
17.25,16.0,-40.183443573952715
17.5,16.0,-40.25248886849412
17.75,16.0,-40.320803538632966
18.0,16.0,-40.388390107523236
18.25,16.0,-40.4552474574962
18.5,16.0,-40.52138118794501
18.75,16.0,-40.586792443450506
19.0,16.0,-40.65148867793429
19.25,16.0,-40.71547330664256
19.5,16.0,-40.77875453157525
19.75,16.0,-40.841337966686815
20.0,16.0,-40.903231742079306
20.25,16.0,-40.964443555329346
20.5,16.0,-41.024981042951254
20.75,16.0,-41.08485381113286
21.0,16.0,-41.14406890359541
21.25,16.0,-41.20263749215502
21.5,16.0,-41.260566089071496
21.75,16.0,-41.31786687845768
22.0,16.0,-41.374545997934376
22.25,16.0,-41.43061599655725
22.5,16.0,-41.48608292763116
22.75,16.0,-41.5409591260117
23.0,16.0,-41.5952509769879
1.0,16.25,-37.991710555322776
1.25,16.25,-37.9286969600374
1.5,16.25,-37.868038843196295
1.75,16.25,-37.80995783477831
2.0,16.25,-37.754675414766005
2.25,16.25,-37.70240986784407
2.5,16.25,-37.65337332345266
2.75,16.25,-37.607770098550844
3.0,16.25,-37.56579438339219
3.25,16.25,-37.527627424102036
3.5,16.25,-37.493435186814075
3.75,16.25,-37.46336646057714
4.0,16.25,-37.43755211735342
4.25,16.25,-37.416105083368755
4.5,16.25,-37.39911903739915
4.75,16.25,-37.38666685437639
5.0,16.25,-37.378801362786184
5.25,16.25,-37.375556716608166
5.5,16.25,-37.37694749441181
5.75,16.25,-37.38296755559992
6.0,16.25,-37.39359087036581
6.25,16.25,-37.40877169565032
6.5,16.25,-37.42844382891382
6.75,16.25,-37.45252229161628
7.0,16.25,-37.480904127465756
7.25,16.25,-37.513465336751196
7.5,16.25,-37.55006185055637
7.75,16.25,-37.59053455675841
8.0,16.25,-37.63470899021783
8.25,16.25,-37.682395609499366
8.5,16.25,-37.733394649392565
8.75,16.25,-37.787496812236576
10.25,16.25,-38.1649948596715
10.5,16.25,-38.23469178642848
10.75,16.25,-38.30577102944391
11.0,16.25,-38.37804215365927
11.25,16.25,-38.451323746741004
11.5,16.25,-38.52544604574475
11.75,16.25,-38.60025076657733
12.0,16.25,-38.67558984027527
12.25,16.25,-38.751328498435164
12.5,16.25,-38.82734041199293
12.75,16.25,-38.903511647904516
13.0,16.25,-38.97973726085931
13.25,16.25,-39.05592147261432
13.5,16.25,-39.131979546775135
13.75,16.25,-39.207832541770564
14.0,16.25,-39.28341335730954
14.25,16.25,-39.358659018646954
14.5,16.25,-39.4335164481243
14.75,16.25,-39.50793723732082
15.0,16.25,-39.581879021307444
15.25,16.25,-39.655306025141165
15.5,16.25,-39.728184614513474
15.75,16.25,-39.800489456737324
17.25,16.25,-40.22117610062335
17.5,16.25,-40.288987658620044
17.75,16.25,-40.35612243507291
18.0,16.25,-40.42257970527315
18.25,16.25,-40.48835625103614
18.5,16.25,-40.55345509597318
18.75,16.25,-40.617875079312064
19.0,16.25,-40.68162174129026
19.25,16.25,-40.744696076216954
19.5,16.25,-40.807104897028765
19.75,16.25,-40.86885139710631
20.0,16.25,-40.92994263282338
20.25,16.25,-40.99038399288804
20.5,16.25,-41.05018215941509
20.75,16.25,-41.109344652815984
21.0,16.25,-41.16787756888144
21.25,16.25,-41.22579031981981
21.5,16.25,-41.28308844658434
21.75,16.25,-41.339782745489934
22.0,16.25,-41.39587835788163
22.25,16.25,-41.451386765467966
22.5,16.25,-41.506312995438186
22.75,16.25,-41.56066851799724
23.0,16.25,-41.614458680237874
1.0,16.5,-38.104550167708716
1.25,16.5,-38.04494430920024
1.5,16.5,-37.98765209133626
1.75,16.5,-37.932873044653725
2.0,16.5,-37.880805105669864
2.25,16.5,-37.831642848798126
2.5,16.5,-37.785575111617284
2.75,16.5,-37.74278272337542
3.0,16.5,-37.70343624255892
3.25,16.5,-37.66769420203041
3.5,16.5,-37.635701719369244
3.75,16.5,-37.60758877415741
4.0,16.5,-37.58346911433149
4.25,16.5,-37.56344043678024
4.5,16.5,-37.54758422337095
4.75,16.5,-37.53596452894227
5.0,16.5,-37.528627272458145
5.25,16.5,-37.52560084736914
5.5,16.5,-37.52689728550723
5.75,16.5,-37.53251266734434
6.0,16.5,-37.54242549201445
6.25,16.5,-37.55659479642668
6.5,16.5,-37.57496214559422
6.75,16.5,-37.59745478808032
7.0,16.5,-37.62398341770377
7.25,16.5,-37.65443948606934
7.5,16.5,-37.68869862077196
7.75,16.5,-37.72662227023523
8.0,16.5,-37.76805612493388
8.25,16.5,-37.81283396049481
8.5,16.5,-37.86078030917217
8.75,16.5,-37.91170911004487
10.25,16.5,-38.2689225640494
10.5,16.5,-38.33522038033657
10.75,16.5,-38.40294030363503
11.0,16.5,-38.47190422536822
11.25,16.5,-38.54194138052341
11.5,16.5,-38.612891205712494
11.75,16.5,-38.684601787790214
12.0,16.5,-38.75693147332812
12.25,16.5,-38.82974932446761
12.5,16.5,-38.90293231727817
12.75,16.5,-38.9763691997685
13.0,16.5,-39.04995538254322
13.25,16.5,-39.12359654773318
13.5,16.5,-39.197206448583614
13.75,16.5,-39.270705794928425
14.0,16.5,-39.34402552364843
14.25,16.5,-39.41710048534385
14.5,16.5,-39.48987599511637
14.75,16.5,-39.56230022249328
15.0,16.5,-39.634329387092805
15.25,16.5,-39.70592378584149
15.5,16.5,-39.77704794210548
15.75,16.5,-39.847672776871136
17.25,16.5,-40.25968274516509
17.5,16.5,-40.32625551021076
17.75,16.5,-40.39220434066757
18.0,16.5,-40.45752521671023
18.25,16.5,-40.52221323794086
18.5,16.5,-40.5862686722587
18.75,16.5,-40.64968842260676
19.0,16.5,-40.712475933092485
19.25,16.5,-40.77463006691693
19.5,16.5,-40.83615615040084
19.75,16.5,-40.8970551563293
20.0,16.5,-40.95733306902059
20.25,16.5,-41.01699307186638
20.5,16.5,-41.0760409559869
20.75,16.5,-41.134482168577726
21.0,16.5,-41.1923219363858
21.25,16.5,-41.24956786282581
21.5,16.5,-41.3062245901262
21.75,16.5,-41.36230146537529
22.0,16.5,-41.417802704366025
22.25,16.5,-41.472738690864624
22.5,16.5,-41.52711349965894
22.75,16.5,-41.58093774353506
23.0,16.5,-41.63421579303139
1.0,16.75,-38.215509989676534
1.25,16.75,-38.15906867633097
1.5,16.75,-38.10489188258974
1.75,16.75,-38.053159544021995
2.0,16.75,-38.00404918292013
2.25,16.75,-37.95773473404975
2.5,16.75,-37.91438464471804
2.75,16.75,-37.874159225074614
3.0,16.75,-37.837208423858286
3.25,16.75,-37.80367119306089
3.5,16.75,-37.77367514027282
3.75,16.75,-37.74733464131721
4.0,16.75,-37.72474897904048
4.25,16.75,-37.70600282226626
4.5,16.75,-37.69116737226499
4.75,16.75,-37.680299259661794
5.0,16.75,-37.67343843295751
5.25,16.75,-37.670608676742475
5.5,16.75,-37.67182043019765
5.75,16.75,-37.67707116312927
6.0,16.75,-37.68634209665417
6.25,16.75,-37.69959704732412
6.5,16.75,-37.71678569048856
6.75,16.75,-37.73784452048064
7.0,16.75,-37.76269414988971
7.25,16.75,-37.791240270543376
7.5,16.75,-37.82337579474231
7.75,16.75,-37.85897843895541
8.0,16.75,-37.89791183294243
8.25,16.75,-37.940030426152745
8.5,16.75,-37.985178442312105
8.75,16.75,-38.033190265932674
10.25,16.75,-38.371558380134154
10.5,16.75,-38.434662588343336
10.75,16.75,-38.49921577803584
11.0,16.75,-38.565051843108805
11.25,16.75,-38.632010990866746
11.5,16.75,-38.699941458561234
11.75,16.75,-38.768698443536834
12.0,16.75,-38.83814690736667
12.25,16.75,-38.90815987715293
12.5,16.75,-38.97861872333854
12.75,16.75,-39.04941467598414
13.0,16.75,-39.120444827443094
13.25,16.75,-39.19161662875685
13.5,16.75,-39.26284310392576
13.75,16.75,-39.33404566275329
14.0,16.75,-39.40515335902267
14.25,16.75,-39.47610022464008
14.5,16.75,-39.54682982430738
14.75,16.75,-39.617288059439545
15.0,16.75,-39.6874299309118
15.25,16.75,-39.757212488822866
15.5,16.75,-39.82659909569281
15.75,16.75,-39.8955570947228
17.25,16.75,-40.298916400929556
17.5,16.75,-40.36424808724856
17.75,16.75,-40.42900742474919
18.0,16.75,-40.49318718521077
18.25,16.75,-40.556781147250796
18.5,16.75,-40.61978671477152
18.75,16.75,-40.6821992207653
19.0,16.75,-40.74401982431787
19.25,16.75,-40.805245567220695
19.5,16.75,-40.865880144102476
19.75,16.75,-40.9259225473889
20.0,16.75,-40.985377651739796
20.25,16.75,-41.0442465973684
20.5,16.75,-41.10253433624136
20.75,16.75,-41.160244312722384
21.0,16.75,-41.21738096639727
21.25,16.75,-41.27395007587913
21.5,16.75,-41.329955454277716
21.75,16.75,-41.38540493866376
22.0,16.75,-41.44030187627091
22.25,16.75,-41.49465550552654
22.5,16.75,-41.54846901143593
22.75,16.75,-41.60175214708012
23.0,16.75,-41.65450837417656
1.0,17.0,-38.32458214235443
1.25,17.0,-38.27108107796581
1.5,17.0,-38.219790451638296
1.75,17.0,-38.17087307710089
2.0,17.0,-38.12448875579732
2.25,17.0,-38.08079308568649
2.5,17.0,-38.03993614251886
2.75,17.0,-38.002060164712994
3.0,17.0,-37.96729752200495
3.25,17.0,-37.93577061256515
3.5,17.0,-37.90759207951967
3.75,17.0,-37.88286291796216
4.0,17.0,-37.861670241341876
4.25,17.0,-37.844087856929285
4.5,17.0,-37.83017800567344
4.75,17.0,-37.81999049920629
5.0,17.0,-37.81356046952648
5.25,17.0,-37.81090887283452
5.5,17.0,-37.81204486493574
5.75,17.0,-37.81696559334827
6.0,17.0,-37.825654195196336
6.25,17.0,-37.83808019494093
6.5,17.0,-37.85420048511773
6.75,17.0,-37.8739578771069
7.0,17.0,-37.89728165127015
7.25,17.0,-37.92409054921746
7.5,17.0,-37.95429089940754
7.75,17.0,-37.98777409297111
8.0,17.0,-38.024420787181384
8.25,17.0,-38.06410260605897
8.5,17.0,-38.10668005360842
8.75,17.0,-38.15200632986422
10.25,17.0,-38.47285392371211
10.5,17.0,-38.532958379397236
10.75,17.0,-38.59452763524529
11.0,17.0,-38.657407362919756
11.25,17.0,-38.72144842768097
11.5,17.0,-38.786507600870465
11.75,17.0,-38.852447842537586
12.0,17.0,-38.91914044372509
12.25,17.0,-38.98646299827979
12.5,17.0,-39.054301739242334
12.75,17.0,-39.12255036276116
13.0,17.0,-39.191108869358985
13.25,17.0,-39.25988637378543
13.5,17.0,-39.32879635185963
13.75,17.0,-39.397761359561756
14.0,17.0,-39.46670904582069
14.25,17.0,-39.535573637879395
14.5,17.0,-39.60429680944638
14.75,17.0,-39.67282336556057
15.0,17.0,-39.74110691523411
15.25,17.0,-39.80910218566975
15.5,17.0,-39.876771624858875
15.75,17.0,-39.944079450362324
17.25,17.0,-40.33883157330797
17.5,17.0,-40.40292229652452
17.75,17.0,-40.46649072601895
18.0,17.0,-40.52952667261909
18.25,17.0,-40.59202287148895
18.5,17.0,-40.65397388052497
18.75,17.0,-40.71537381289984
19.0,17.0,-40.77622139969413
19.25,17.0,-40.83651217765434
19.5,17.0,-40.89624803458162
19.75,17.0,-40.95542623655821
20.0,17.0,-41.01405045509441
20.25,17.0,-41.07211997951004
20.5,17.0,-41.129638939990855
20.75,17.0,-41.18660889506891
21.0,17.0,-41.24303357454559
21.25,17.0,-41.298916957920106
21.5,17.0,-41.354262101554156
21.75,17.0,-41.409075284975756
22.0,17.0,-41.46335903306175
22.25,17.0,-41.51712137519923
22.5,17.0,-41.570364648442165
22.75,17.0,-41.62309772124
23.0,17.0,-41.67532320397434
