track,seed,split,variant,epoch,w_phys,correction_rms_frac,data_loss
gravity/kepler,3,interp,balanced,0.0,2.2589344575064336,0.12787397321709298,0.1033203729424177
gravity/kepler,3,interp,balanced,100.0,3.765178212405804,0.003644778732532575,6.930933394986617e-05
gravity/kepler,3,interp,balanced,200.0,4.4206292482407825,0.0004070575395135106,1.5645399271461433e-07
gravity/kepler,3,interp,balanced,300.0,7.533086962762798,0.00037331408816121213,1.3105125156009623e-07
gravity/kepler,3,interp,balanced,400.0,7.372447802128222,0.0002640916520730311,5.8332269675133896e-08
gravity/kepler,3,interp,balanced,500.0,10.322250724938444,0.0001557133108612958,2.2070500521610074e-08
gravity/kepler,3,interp,balanced,600.0,16.96181090536288,0.0001446989317147098,1.9163347949080898e-08
gravity/kepler,3,interp,balanced,700.0,28.335027971674723,0.00012739485473293164,1.4972700580247114e-08
gravity/kepler,3,interp,balanced,800.0,26.55700603071931,9.899950761286716e-05,1.1097100844193041e-08
gravity/kepler,3,interp,balanced,900.0,41.69684247530965,7.772535289202206e-05,5.97791128257614e-09
gravity/kepler,3,interp,balanced,1000.0,70.94582550764304,5.949791401296855e-05,3.955601392788592e-09
gravity/kepler,3,interp,balanced,1100.0,64.22577048629556,6.854059096834173e-05,7.2038929619366804e-09
gravity/kepler,3,interp,balanced,1200.0,75.80328930226842,2.304806331281001e-06,1.8723202838861404e-09
gravity/kepler,3,interp,balanced,1300.0,121.99538404582464,1.77564629560113e-06,1.8939949776102262e-09
gravity/kepler,3,interp,balanced,1400.0,196.93854121106617,1.2857154994756459e-06,1.898702458204577e-09
gravity/kepler,3,interp,balanced,1500.0,177.99526683146624,0.00010461015620514446,1.2071010575767573e-08
gravity/kepler,3,interp,balanced,1600.0,179.57110435949826,2.058565000181126e-05,1.798885487799132e-09
gravity/kepler,3,interp,balanced,1700.0,306.6843956090465,1.926739223944155e-05,1.8145744465456109e-09
gravity/kepler,3,interp,balanced,1800.0,560.0061002081031,1.738603488906464e-05,1.798053928327711e-09
gravity/kepler,3,interp,balanced,1900.0,504.55324449474915,0.00010113495330247915,6.7604165340918505e-09
gravity/kepler,3,interp,balanced,2000.0,483.45448774480735,3.199377121414706e-06,1.8135020249078052e-09
gravity/kepler,3,interp,balanced,2100.0,778.0904679432664,2.8544324774148997e-06,1.8296807189527175e-09
gravity/kepler,3,interp,balanced,2200.0,1284.0091871042578,2.434100835654835e-06,1.8401921782746326e-09
gravity/kepler,3,interp,balanced,2300.0,2113.2144970462045,1.856778865115518e-06,1.853096429443146e-09
gravity/kepler,3,interp,balanced,2400.0,1902.315318130573,5.5115414327867476e-05,2.0602190301167534e-09
gravity/kepler,3,interp,balanced,2500.0,1769.1259842743705,3.7639360504751154e-06,1.8091333071549865e-09
gravity/kepler,3,interp,balanced,2600.0,2871.1057070715324,2.6556558956305123e-06,1.8382713920485528e-09
gravity/kepler,3,interp,balanced,2700.0,4599.119952831043,1.5270013558193529e-06,1.8609370911997575e-09
gravity/kepler,3,interp,balanced,2800.0,4140.269264324038,5.122937333419786e-05,6.5645057257136794e-09
gravity/kepler,3,interp,balanced,2900.0,3955.330992485211,1.033311215597024e-06,1.868591180882737e-09
gravity/kepler,3,interp,balanced,3000.0,5962.64113259421,4.777678203074962e-07,1.8839773633117046e-09
gravity/kepler,3,interp,balanced,3100.0,9789.570711419594,1.7087390033356148e-07,1.891813480657203e-09
gravity/kepler,3,interp,balanced,3200.0,8812.110274836909,4.28066818215853e-05,7.50787928068677e-09
gravity/kepler,3,interp,balanced,3300.0,8843.834479833087,9.211156770366671e-07,1.8596704736942172e-09
gravity/kepler,3,interp,balanced,3400.0,13468.69050683,7.591882366515898e-07,1.8812244462135853e-09
gravity/kepler,3,interp,balanced,3500.0,23765.753474986417,6.408324425242381e-07,1.8838734366191578e-09
gravity/kepler,3,interp,balanced,3600.0,42557.788702022925,4.844864665118428e-07,1.88731426360224e-09
gravity/kepler,3,interp,balanced,3700.0,38303.20792385051,3.4263301410922466e-05,4.471978018112717e-09
gravity/kepler,3,interp,balanced,3800.0,34598.4098462156,2.9334251523156364e-07,1.8886710063518812e-09
gravity/kepler,3,interp,balanced,3900.0,47267.686563277064,2.432656933077214e-07,1.894634371409128e-09
gravity/kepler,3,interp,balanced,4000.0,78931.28583805772,2.311931797912845e-07,1.8955071810731164e-09
gravity/kepler,3,interp,balanced,4100.0,71039.49216228098,2.911307571492823e-05,4.134471412180804e-09
gravity/kepler,3,interp,balanced,4200.0,64110.28545871503,2.2057664143508093e-06,1.8574169967224714e-09
gravity/kepler,3,interp,balanced,4300.0,66122.69140046448,1.5104671264842807e-06,1.8666110510182427e-09
gravity/kepler,3,interp,balanced,4400.0,84459.75501342694,1.0537151046765592e-06,1.8750246645500886e-09
gravity/kepler,3,interp,balanced,4500.0,118146.99196536087,6.920885677311089e-07,1.8820652739094757e-09
gravity/kepler,3,interp,balanced,4600.0,194320.4550540073,4.0722753243347485e-07,1.8878938343954017e-09
gravity/kepler,3,interp,balanced,4700.0,344581.55488504807,2.0250209857654712e-07,1.8924982834869704e-09
gravity/kepler,3,interp,balanced,4800.0,582042.4968477385,1.2303053147236775e-07,1.895142721177956e-09
gravity/kepler,3,interp,balanced,4900.0,523857.029795313,2.365399595670216e-06,1.941109522375908e-09
gravity/kepler,3,interp,balanced,5000.0,480265.53831187944,4.6410360915574585e-07,1.887386460598309e-09
gravity/kepler,3,interp,balanced,5100.0,485621.75645608763,2.297101774981778e-07,1.8931780441597584e-09
gravity/kepler,3,interp,balanced,5200.0,977485.5153909046,1.842313831885465e-07,1.8949932796386586e-09
gravity/kepler,3,interp,balanced,5300.0,1769897.3785154666,1.7345456553178428e-07,1.895996295353532e-09
gravity/kepler,3,interp,balanced,5400.0,2699874.682914268,1.7256361318220558e-07,1.896278265478465e-09
gravity/kepler,3,interp,balanced,5500.0,3819824.811716171,1.7228360649451343e-07,1.8963082217936927e-09
gravity/kepler,3,interp,balanced,5600.0,5149415.038995082,1.7201019200526598e-07,1.896308731700545e-09
gravity/kepler,3,interp,balanced,5700.0,6643827.740626423,1.7177444893337655e-07,1.896307582624973e-09
gravity/kepler,3,interp,balanced,5800.0,8244334.028842884,1.7160987731339043e-07,1.89630670484761e-09
gravity/kepler,3,interp,balanced,5900.0,9895774.37117875,1.7153074568666386e-07,1.8963063095528695e-09
gravity/kepler,3,interp,balanced,5999.0,9895774.37117875,1.715166045785275e-07,1.896306289177778e-09
gravity/kepler,3,interp,unbalanced,0.0,0.9999999999999998,0.12787397321709298,0.1033203729424177
gravity/kepler,3,interp,unbalanced,100.0,1.0,0.009972065921137861,0.00011083089034750122
gravity/kepler,3,interp,unbalanced,200.0,1.0000000000000002,0.0005539159758714516,2.761539548146041e-07
gravity/kepler,3,interp,unbalanced,300.0,0.9999999999999999,0.0004267396456068531,1.7029186614245733e-07
gravity/kepler,3,interp,unbalanced,400.0,1.0,0.0004025200322311304,1.515425568302738e-07
gravity/kepler,3,interp,unbalanced,500.0,1.0000000000000002,0.0003771228609371749,1.3244186144053537e-07
gravity/kepler,3,interp,unbalanced,600.0,1.0,0.0003507401014512114,1.1395494061983105e-07
gravity/kepler,3,interp,unbalanced,700.0,1.0000000000000002,0.000323985816041465,9.66252751845403e-08
gravity/kepler,3,interp,unbalanced,800.0,0.9999999999999999,0.0002973547953348846,8.079357195784302e-08
gravity/kepler,3,interp,unbalanced,900.0,1.0000000000000002,0.0002712437698803116,6.664518675378869e-08
gravity/kepler,3,interp,unbalanced,1000.0,1.0,0.0002459697959436882,5.424678998412962e-08
gravity/kepler,3,interp,unbalanced,1100.0,1.0,0.00039272684389265826,1.280821979458945e-07
gravity/kepler,3,interp,unbalanced,1200.0,0.9999999999999998,0.0002510859292762972,5.7305978472884085e-08
gravity/kepler,3,interp,unbalanced,1300.0,1.0,0.00023386181742517784,4.9075535602043116e-08
gravity/kepler,3,interp,unbalanced,1400.0,0.9999999999999999,0.00021697533288518687,4.1887958870987956e-08
gravity/kepler,3,interp,unbalanced,1500.0,1.0,0.00020076678436051416,3.552355720175774e-08
gravity/kepler,3,interp,unbalanced,1600.0,1.0,0.0001852925595873953,2.993760606740821e-08
gravity/kepler,3,interp,unbalanced,1700.0,1.0,0.00017059733488081544,2.5076224710476583e-08
gravity/kepler,3,interp,unbalanced,1800.0,1.0,0.00015671386899897467,2.088033610169292e-08
gravity/kepler,3,interp,unbalanced,1900.0,1.0,0.0001436641803348323,1.7288235927071375e-08
gravity/kepler,3,interp,unbalanced,2000.0,1.0,0.00013146049191434768,1.423766929916922e-08
gravity/kepler,3,interp,unbalanced,2100.0,1.0,0.00012010604005471991,1.1667488686238188e-08
gravity/kepler,3,interp,unbalanced,2200.0,1.0,0.00010959581631946637,9.518951116865543e-09
gravity/kepler,3,interp,unbalanced,2300.0,1.0000000000000002,9.991729349296108e-05,7.736698633875486e-09
gravity/kepler,3,interp,unbalanced,2400.0,1.0,9.105116686774485e-05,6.26945739374146e-09
gravity/kepler,3,interp,unbalanced,2500.0,1.0,8.297212410322175e-05,5.0704868341003675e-09
gravity/kepler,3,interp,unbalanced,2600.0,0.9999999999999999,7.56496419642179e-05,4.0978095893430056e-09
gravity/kepler,3,interp,unbalanced,2700.0,0.9999999999999998,6.904879770032925e-05,3.314253809305825e-09
gravity/kepler,3,interp,unbalanced,2800.0,1.0,6.31310774731493e-05,2.6873408520308606e-09
gravity/kepler,3,interp,unbalanced,2900.0,0.9999999999999999,5.7855164136886877e-05,2.1890519495303597e-09
gravity/kepler,3,interp,unbalanced,3000.0,1.0,5.3177691040154904e-05,1.795506779558356e-09
gravity/kepler,3,interp,unbalanced,3100.0,1.0000000000000002,4.905395563756261e-05,1.4865847394691344e-09
gravity/kepler,3,interp,unbalanced,3200.0,1.0,4.54385941410424e-05,1.2455162629312751e-09
gravity/kepler,3,interp,unbalanced,3300.0,1.0000000000000002,4.228622342382312e-05,1.0584671284495728e-09
gravity/kepler,3,interp,unbalanced,3400.0,1.0,3.955205669766602e-05,9.141338442425735e-10
gravity/kepler,3,interp,unbalanced,3500.0,1.0,3.7192494300960046e-05,8.033633186832151e-10
gravity/kepler,3,interp,unbalanced,3600.0,1.0000000000000002,3.5165681642212557e-05,7.188055109701823e-10
gravity/kepler,3,interp,unbalanced,3700.0,1.0000000000000002,3.343201626332037e-05,6.546038594790786e-10
gravity/kepler,3,interp,unbalanced,3800.0,1.0,3.195457920189901e-05,6.061251405073128e-10
gravity/kepler,3,interp,unbalanced,3900.0,1.0000000000000002,3.069946545220941e-05,5.697280434858726e-10
gravity/kepler,3,interp,unbalanced,4000.0,1.0,2.9635995002816773e-05,5.425681101360177e-10
gravity/kepler,3,interp,unbalanced,4100.0,1.0000000000000002,2.8736797681794283e-05,5.224356741928413e-10
gravity/kepler,3,interp,unbalanced,4200.0,1.0,2.7977778311515867e-05,5.076229308685926e-10
gravity/kepler,3,interp,unbalanced,4300.0,1.0,2.733797989836902e-05,4.968161363990733e-10
gravity/kepler,3,interp,unbalanced,4400.0,1.0,2.6799369508551265e-05,4.890090719060682e-10
gravity/kepler,3,interp,unbalanced,4500.0,0.9999999999999999,2.6346573559886768e-05,4.834342060324202e-10
gravity/kepler,3,interp,unbalanced,4600.0,1.0,2.5966587312653282e-05,4.795083810394144e-10
gravity/kepler,3,interp,unbalanced,4700.0,1.0000000000000002,2.5648478846890375e-05,4.767902711876949e-10
gravity/kepler,3,interp,unbalanced,4800.0,1.0000000000000002,2.53831022646918e-05,4.749472820205447e-10
gravity/kepler,3,interp,unbalanced,4900.0,1.0,2.5162829388142638e-05,4.737299504115164e-10
gravity/kepler,3,interp,unbalanced,5000.0,0.9999999999999999,2.4981304511505414e-05,4.729522541098448e-10
gravity/kepler,3,interp,unbalanced,5100.0,1.0,2.4833223065991853e-05,4.724765406474837e-10
gravity/kepler,3,interp,unbalanced,5200.0,1.0,2.4714132369839324e-05,4.722020383455846e-10
gravity/kepler,3,interp,unbalanced,5300.0,0.9999999999999998,2.4620250837124297e-05,4.720561187559801e-10
gravity/kepler,3,interp,unbalanced,5400.0,1.0,2.454830093979364e-05,4.719876461433634e-10
gravity/kepler,3,interp,unbalanced,5500.0,1.0,2.4495350772796397e-05,4.719618807054946e-10
gravity/kepler,3,interp,unbalanced,5600.0,1.0,2.4458659244517922e-05,4.719565071791476e-10
gravity/kepler,3,interp,unbalanced,5700.0,1.0,2.4435520853980682e-05,4.719584488228923e-10
gravity/kepler,3,interp,unbalanced,5800.0,0.9999999999999998,2.4423108006730238e-05,4.719612123092769e-10
gravity/kepler,3,interp,unbalanced,5900.0,1.0000000000000002,2.441831229552256e-05,4.719626090011087e-10
gravity/kepler,3,interp,unbalanced,5999.0,1.0,2.4417591597342925e-05,4.719628353210205e-10
gravity/kepler,3,extrap,balanced,0.0,2.8367115220116657,0.13226704376614828,0.16832243200991395
gravity/kepler,3,extrap,balanced,100.0,4.566618308463721,0.0030957969796066814,8.11034752873842e-05
gravity/kepler,3,extrap,balanced,200.0,22.91248409488602,0.0001780337930605293,3.318087336668808e-08
gravity/kepler,3,extrap,balanced,300.0,21.38642110167732,0.00021864954273612502,5.7264324968268707e-08
gravity/kepler,3,extrap,balanced,400.0,19.769961902244578,1.2262530270262053e-06,1.502147383697238e-12
gravity/kepler,3,extrap,balanced,500.0,27.98963684232478,5.401424906978276e-08,9.823439941649295e-13
gravity/kepler,3,extrap,balanced,600.0,44.227591549625245,3.602786095526408e-08,1.0172474856886208e-12
gravity/kepler,3,extrap,balanced,700.0,69.70794378949215,2.3077072673151256e-08,1.0435391796066005e-12
gravity/kepler,3,extrap,balanced,800.0,109.98657319927965,1.4737664329611552e-08,1.060646649233218e-12
gravity/kepler,3,extrap,balanced,900.0,99.69307429773544,0.00020069009314049315,4.039598107065007e-08
gravity/kepler,3,extrap,balanced,1000.0,90.24003817611083,1.045613404131423e-06,1.5795314790327655e-12
gravity/kepler,3,extrap,balanced,1100.0,102.46483479092139,1.4177630667768536e-08,1.0642798565983318e-12
gravity/kepler,3,extrap,balanced,1200.0,162.53989103741205,1.009132234182874e-08,1.0702385533666474e-12
gravity/kepler,3,extrap,balanced,1300.0,147.0317776341083,5.219519040270542e-06,3.14801433712345e-11
gravity/kepler,3,extrap,balanced,1400.0,171.15346623091878,8.438930340631611e-09,1.08053121380481e-12
gravity/kepler,3,extrap,balanced,1500.0,154.64055662010085,8.853432351737121e-05,7.99613470314217e-09
gravity/kepler,3,extrap,balanced,1600.0,139.4516199791028,4.6864884934739506e-07,4.999985494053204e-13
gravity/kepler,3,extrap,balanced,1700.0,220.13690998439887,7.0590696367039555e-09,1.0769364647892163e-12
gravity/kepler,3,extrap,balanced,1800.0,351.52175811663665,4.73503901389232e-09,1.081349691418806e-12
gravity/kepler,3,extrap,balanced,1900.0,317.57530659147886,0.0005452247350014352,4.86217939030053e-07
gravity/kepler,3,extrap,balanced,2000.0,286.6692481570732,1.0741131808216506e-05,1.2627773091682047e-10
gravity/kepler,3,extrap,balanced,2100.0,292.63216409653586,7.242987290452286e-07,2.028954224190395e-12
gravity/kepler,3,extrap,balanced,2200.0,390.6585480188798,2.3252788794689166e-07,1.2711269976050883e-12
gravity/kepler,3,extrap,balanced,2300.0,591.6679750310815,4.7602207285249146e-08,1.1154311183962341e-12
gravity/kepler,3,extrap,balanced,2400.0,955.9480776098175,3.1404550497888723e-09,1.0893382335685273e-12
gravity/kepler,3,extrap,balanced,2500.0,1551.2956656968202,1.093513855050387e-09,1.088936582040278e-12
gravity/kepler,3,extrap,balanced,2600.0,2513.816869683972,6.747986178738762e-10,1.0898104477776103e-12
gravity/kepler,3,extrap,balanced,2700.0,2263.217982310403,5.589402041984157e-05,3.4560388095304657e-09
gravity/kepler,3,extrap,balanced,2800.0,2037.1583543879851,4.4168016049323355e-07,8.970756248214558e-13
gravity/kepler,3,extrap,balanced,2900.0,1932.307716752245,2.236047740663662e-09,1.090833422256652e-12
gravity/kepler,3,extrap,balanced,3000.0,3252.6942498613107,5.388587373506248e-10,1.0900945255166571e-12
gravity/kepler,3,extrap,balanced,3100.0,5297.0705519824,3.2022451019849397e-10,1.0905508816387041e-12
gravity/kepler,3,extrap,balanced,3200.0,8596.054419932287,1.966761465139342e-10,1.0908089385496858e-12
gravity/kepler,3,extrap,balanced,3300.0,7737.198220279079,7.124337258485348e-05,5.1089762632258656e-09
gravity/kepler,3,extrap,balanced,3400.0,6964.782324032769,3.7088987152646e-07,1.5480192855015956e-12
gravity/kepler,3,extrap,balanced,3500.0,6523.823334875777,8.103010868171635e-10,1.090526528804228e-12
gravity/kepler,3,extrap,balanced,3600.0,11998.66268246697,1.57998685531784e-10,1.0908902838763836e-12
gravity/kepler,3,extrap,balanced,3700.0,19558.677516888536,8.716508363775267e-11,1.0910377004848085e-12
gravity/kepler,3,extrap,balanced,3800.0,32000.050924654402,5.3256711759632953e-11,1.0911085381687835e-12
gravity/kepler,3,extrap,balanced,3900.0,28800.78555292231,1.8742833568222305e-05,3.453303416808351e-10
gravity/kepler,3,extrap,balanced,4000.0,25921.50469979606,1.3282799454007219e-07,1.0351644602975052e-12
gravity/kepler,3,extrap,balanced,4100.0,23720.495062324004,5.253833616327849e-10,1.0908489061571422e-12
gravity/kepler,3,extrap,balanced,4200.0,35170.246780323265,4.4966820134077105e-11,1.0911260573651566e-12
gravity/kepler,3,extrap,balanced,4300.0,57199.29869905597,2.9697483101939205e-11,1.0911577567893766e-12
gravity/kepler,3,extrap,balanced,4400.0,51480.11585390484,1.268853131530461e-05,1.4701102944050235e-10
gravity/kepler,3,extrap,balanced,4500.0,46336.88130355103,5.900333929547251e-08,1.1634126086855031e-12
gravity/kepler,3,extrap,balanced,4600.0,42437.75014614343,3.994187405983695e-10,1.0914379069074002e-12
gravity/kepler,3,extrap,balanced,4700.0,76749.32505620367,2.5478823781074516e-11,1.091166671847278e-12
gravity/kepler,3,extrap,balanced,4800.0,126096.81542888026,1.3617634921795192e-11,1.091191350587191e-12
gravity/kepler,3,extrap,balanced,4900.0,206802.66076808696,8.293272775186252e-12,1.0912024741373216e-12
gravity/kepler,3,extrap,balanced,5000.0,200469.77752959647,1.6554237269076548e-11,1.0912151007892376e-12
gravity/kepler,3,extrap,balanced,5100.0,332298.0968407174,5.2059848886383815e-12,1.091208924427191e-12
gravity/kepler,3,extrap,balanced,5200.0,299069.06549104565,8.139882767828166e-06,7.210975856194683e-11
gravity/kepler,3,extrap,balanced,5300.0,269169.0412039502,2.7023904447471704e-08,1.0777808183863816e-12
gravity/kepler,3,extrap,balanced,5400.0,243326.94853557335,1.919000761968636e-10,1.0911144474814704e-12
gravity/kepler,3,extrap,balanced,5500.0,313708.00106916786,4.667353115283864e-12,1.0912102732430903e-12
gravity/kepler,3,extrap,balanced,5600.0,515068.9720403727,3.329301604118025e-12,1.091212844909424e-12
gravity/kepler,3,extrap,balanced,5700.0,842809.267517512,2.0312993240026864e-12,1.0912155563323254e-12
gravity/kepler,3,extrap,balanced,5800.0,1378364.4083704504,1.237448343203427e-12,1.0912172153885705e-12
gravity/kepler,3,extrap,balanced,5900.0,2257674.258323052,7.573929700965706e-13,1.0912182182990596e-12
gravity/kepler,3,extrap,balanced,5999.0,2257674.258214113,4.739788187692188e-13,1.091218811929926e-12
gravity/kepler,3,extrap,unbalanced,0.0,1.0000000000000004,0.13226704376614828,0.16832243200991395
gravity/kepler,3,extrap,unbalanced,100.0,0.9999999999999998,0.01214076323255889,0.00013727597384096074
gravity/kepler,3,extrap,unbalanced,200.0,1.0000000000000002,0.0008527992979420718,7.260598948107327e-07
gravity/kepler,3,extrap,unbalanced,300.0,1.0000000000000002,0.0002531503397356271,6.412552303262746e-08
gravity/kepler,3,extrap,unbalanced,400.0,1.0,5.500275106228624e-05,3.0488541594267723e-09
gravity/kepler,3,extrap,unbalanced,500.0,1.0,8.709719162905823e-06,8.017993209759797e-11
gravity/kepler,3,extrap,unbalanced,600.0,1.0000000000000002,1.0395591259191076e-06,1.5977104852899048e-12
gravity/kepler,3,extrap,unbalanced,700.0,1.0,5.08451740253062e-07,3.0229316466696317e-13
gravity/kepler,3,extrap,unbalanced,800.0,1.0,5.21088937113113e-07,2.741296874196027e-13
gravity/kepler,3,extrap,unbalanced,900.0,1.0,5.222577450512798e-07,2.7285683338915046e-13
gravity/kepler,3,extrap,unbalanced,1000.0,1.0,5.22306088079719e-07,2.7280625081200084e-13
gravity/kepler,3,extrap,unbalanced,1100.0,0.9999999999999998,5.223073156525556e-07,2.728049683039638e-13
gravity/kepler,3,extrap,unbalanced,1200.0,1.0,5.22307332973193e-07,2.728049502464289e-13
gravity/kepler,3,extrap,unbalanced,1300.0,1.0,5.223073330580529e-07,2.7280495024256106e-13
gravity/kepler,3,extrap,unbalanced,1400.0,1.0,5.223073331884861e-07,2.728049501060174e-13
gravity/kepler,3,extrap,unbalanced,1500.0,1.0000000000000002,5.223073331064025e-07,2.7280495012091714e-13
gravity/kepler,3,extrap,unbalanced,1600.0,1.0000000000000002,5.223073327611633e-07,2.728049504292136e-13
gravity/kepler,3,extrap,unbalanced,1700.0,1.0,5.223088979489374e-07,2.7280331539887526e-13
gravity/kepler,3,extrap,unbalanced,1800.0,0.9999999999999999,0.0012857267595938646,1.6354757575070986e-06
gravity/kepler,3,extrap,unbalanced,1900.0,1.0,8.239086493620384e-07,1.0177323087094485e-12
gravity/kepler,3,extrap,unbalanced,2000.0,1.0,5.547970023765841e-07,2.435018558231037e-13
gravity/kepler,3,extrap,unbalanced,2100.0,1.0,5.221885786148194e-07,2.729290970218254e-13
gravity/kepler,3,extrap,unbalanced,2200.0,1.0000000000000002,5.223066224912939e-07,2.7280569241840543e-13
gravity/kepler,3,extrap,unbalanced,2300.0,0.9999999999999998,5.223073282025542e-07,2.728049553015843e-13
gravity/kepler,3,extrap,unbalanced,2400.0,1.0000000000000002,5.223073330593182e-07,2.7280495024256106e-13
gravity/kepler,3,extrap,unbalanced,2500.0,0.9999999999999998,5.223073332165662e-07,2.7280494996135923e-13
gravity/kepler,3,extrap,unbalanced,2600.0,1.0000000000000002,5.22307333078703e-07,2.728049501182123e-13
gravity/kepler,3,extrap,unbalanced,2700.0,1.0,5.223073329650092e-07,2.728049502547559e-13
gravity/kepler,3,extrap,unbalanced,2800.0,0.9999999999999998,5.22307333071383e-07,2.728049501385217e-13
gravity/kepler,3,extrap,unbalanced,2900.0,1.0,5.223073330425788e-07,2.7280495024256106e-13
gravity/kepler,3,extrap,unbalanced,3000.0,1.0,5.22307333003794e-07,2.728049502601656e-13
gravity/kepler,3,extrap,unbalanced,3100.0,1.0,5.223073330833622e-07,2.7280495011550745e-13
gravity/kepler,3,extrap,unbalanced,3200.0,1.0,5.223073331607866e-07,2.728049501033126e-13
gravity/kepler,3,extrap,unbalanced,3300.0,1.0,5.223073330304941e-07,2.7280495024256106e-13
gravity/kepler,3,extrap,unbalanced,3400.0,1.0,5.223073331571465e-07,2.728049501033126e-13
gravity/kepler,3,extrap,unbalanced,3500.0,0.9999999999999998,5.223073330678882e-07,2.728049501182123e-13
gravity/kepler,3,extrap,unbalanced,3600.0,1.0000000000000002,5.22307333221221e-07,2.7280494998437347e-13
gravity/kepler,3,extrap,unbalanced,3700.0,1.0000000000000002,5.223073330812383e-07,2.7280495012091714e-13
gravity/kepler,3,extrap,unbalanced,3800.0,1.0000000000000002,5.223073330607135e-07,2.728049501182123e-13
gravity/kepler,3,extrap,unbalanced,3900.0,1.0,5.223073331463318e-07,2.728049501033126e-13
gravity/kepler,3,extrap,unbalanced,4000.0,1.0000000000000002,5.223073330631035e-07,2.7280495014122654e-13
gravity/kepler,3,extrap,unbalanced,4100.0,0.9999999999999998,5.223073330882723e-07,2.728049501182123e-13
gravity/kepler,3,extrap,unbalanced,4200.0,1.0,5.223073331364765e-07,2.7280495012091714e-13
gravity/kepler,3,extrap,unbalanced,4300.0,1.0,5.223073330677628e-07,2.7280495024256106e-13
gravity/kepler,3,extrap,unbalanced,4400.0,1.0000000000000002,5.22307332926495e-07,2.7280495027506536e-13
gravity/kepler,3,extrap,unbalanced,4500.0,1.0,5.223073330760622e-07,2.7280495024256106e-13
gravity/kepler,3,extrap,unbalanced,4600.0,1.0,5.223073330134841e-07,2.728049502601656e-13
gravity/kepler,3,extrap,unbalanced,4700.0,0.9999999999999998,5.223073330989616e-07,2.7280495011550745e-13
gravity/kepler,3,extrap,unbalanced,4800.0,1.0,5.22307333088413e-07,2.7280495012091714e-13
gravity/kepler,3,extrap,unbalanced,4900.0,1.0000000000000002,5.223073330895376e-07,2.728049501182123e-13
gravity/kepler,3,extrap,unbalanced,5000.0,1.0000000000000002,5.223073330594635e-07,2.728049502452659e-13
gravity/kepler,3,extrap,unbalanced,5100.0,1.0,5.223073330750629e-07,2.728049501182123e-13
gravity/kepler,3,extrap,unbalanced,5200.0,0.9999999999999998,5.223073330930524e-07,2.728049501182123e-13
gravity/kepler,3,extrap,unbalanced,5300.0,1.0000000000000002,5.223073330570734e-07,2.7280495022225167e-13
gravity/kepler,3,extrap,unbalanced,5400.0,1.0,5.223073330774529e-07,2.7280495014122654e-13
gravity/kepler,3,extrap,unbalanced,5500.0,0.9999999999999998,5.223073330785775e-07,2.728049501385217e-13
gravity/kepler,3,extrap,unbalanced,5600.0,0.9999999999999998,5.223073330761875e-07,2.7280495011550745e-13
gravity/kepler,3,extrap,unbalanced,5700.0,1.0,5.223073330750629e-07,2.728049501182123e-13
gravity/kepler,3,extrap,unbalanced,5800.0,1.0,5.223073330618581e-07,2.7280495022225167e-13
gravity/kepler,3,extrap,unbalanced,5900.0,1.0,5.223073330593227e-07,2.728049502195468e-13
gravity/kepler,3,extrap,unbalanced,5999.0,1.0,5.223073330593227e-07,2.728049502195468e-13
gravity/kepler,7,interp,balanced,0.0,2.5987222462069353,0.07264405937970989,0.06640367854854867
gravity/kepler,7,interp,balanced,100.0,3.72809661812451,0.0022491639731819337,2.2750559966593193e-05
gravity/kepler,7,interp,balanced,200.0,4.533920340495334,2.834921740497926e-05,2.04638089293396e-09
gravity/kepler,7,interp,balanced,300.0,7.015750455821289,2.461881644603781e-05,2.1705757849774472e-09
gravity/kepler,7,interp,balanced,400.0,10.82957390051336,2.2850160011739467e-05,2.390954389320912e-09
gravity/kepler,7,interp,balanced,500.0,16.211428456340993,2.1607047362976176e-05,2.492784854249398e-09
gravity/kepler,7,interp,balanced,600.0,14.846967959391469,8.55431061517531e-05,9.341175263397774e-09
gravity/kepler,7,interp,balanced,700.0,23.002248905115703,4.729342040843735e-06,2.023546524902247e-09
gravity/kepler,7,interp,balanced,800.0,37.27331765035466,2.7920415763440675e-06,1.8615807194486264e-09
gravity/kepler,7,interp,balanced,900.0,60.3529996158764,2.5928501233507354e-06,1.8554245769752041e-09
gravity/kepler,7,interp,balanced,1000.0,97.547694779401,2.30743913093561e-06,1.883313204055686e-09
gravity/kepler,7,interp,balanced,1100.0,88.78161148604268,6.034651183921509e-05,8.160431670933403e-09
gravity/kepler,7,interp,balanced,1200.0,143.8462802440628,6.848818718880105e-06,2.061984989277996e-09
gravity/kepler,7,interp,balanced,1300.0,232.62715759183936,5.912367380487764e-06,2.025589186821114e-09
gravity/kepler,7,interp,balanced,1400.0,211.04771443656747,9.389191294166045e-05,1.8336773996695544e-08
gravity/kepler,7,interp,balanced,1500.0,260.36899821890563,2.6807822660075814e-06,1.92370348967814e-09
gravity/kepler,7,interp,balanced,1600.0,419.22871030293686,2.487846215446316e-06,1.949832603204172e-09
gravity/kepler,7,interp,balanced,1700.0,672.651219269565,2.2737784966891097e-06,1.948589097153074e-09
gravity/kepler,7,interp,balanced,1800.0,606.4827046516605,4.783409528355545e-05,6.07345673100111e-09
gravity/kepler,7,interp,balanced,1900.0,598.1199410768046,2.1260517750103744e-06,1.9363459357426113e-09
gravity/kepler,7,interp,balanced,2000.0,992.935749017412,1.8872866874224554e-06,1.9396527819786214e-09
gravity/kepler,7,interp,balanced,2100.0,1633.2670243846287,1.574467921200835e-06,1.9326965636944758e-09
gravity/kepler,7,interp,balanced,2200.0,1470.20738725627,3.165124027194392e-05,1.8689874592336143e-09
gravity/kepler,7,interp,balanced,2300.0,1413.7531697918412,2.0377678624895794e-06,1.9404610182462474e-09
gravity/kepler,7,interp,balanced,2400.0,2270.8387139846923,1.5866968615328758e-06,1.9332397335487145e-09
gravity/kepler,7,interp,balanced,2500.0,3736.1116661911356,1.0719382832283149e-06,1.9195502711553304e-09
gravity/kepler,7,interp,balanced,2600.0,3363.3960438115773,0.0001899546352316994,5.963021848189354e-08
gravity/kepler,7,interp,balanced,2700.0,3080.2982761701596,2.076341515438518e-05,2.125514705126771e-09
gravity/kepler,7,interp,balanced,2800.0,3482.9668433884685,1.6965433134828078e-05,2.4507724214411635e-09
gravity/kepler,7,interp,balanced,2900.0,4505.409355321303,1.631581232733613e-05,2.5451360759968396e-09
gravity/kepler,7,interp,balanced,3000.0,6028.609026679315,1.580696942845603e-05,2.5459983750760555e-09
gravity/kepler,7,interp,balanced,3100.0,7890.354121023972,1.5172038669810497e-05,2.5145044343538437e-09
gravity/kepler,7,interp,balanced,3200.0,10033.764242218349,1.4388773409392185e-05,2.4720696544002783e-09
gravity/kepler,7,interp,balanced,3300.0,12474.806999810195,1.3466036009766828e-05,2.4233877532109538e-09
gravity/kepler,7,interp,balanced,3400.0,11228.045789843804,1.5492501789910313e-05,1.8270042820066374e-09
gravity/kepler,7,interp,balanced,3500.0,10821.045244157947,1.0318285560891797e-05,2.2589173491860695e-09
gravity/kepler,7,interp,balanced,3600.0,12928.126339279039,9.728261560714784e-06,2.232984670527614e-09
gravity/kepler,7,interp,balanced,3700.0,15708.921395089814,9.096307973610856e-06,2.205556825600315e-09
gravity/kepler,7,interp,balanced,3800.0,18816.49909892013,8.406009617410364e-06,2.1764675280851306e-09
gravity/kepler,7,interp,balanced,3900.0,22313.101646742314,7.673524709515404e-06,2.14662601988631e-09
gravity/kepler,7,interp,balanced,4000.0,26303.545580177557,6.917798500324396e-06,2.1169484300296636e-09
gravity/kepler,7,interp,balanced,4100.0,30901.49076459141,6.156993401729357e-06,2.0882089869671725e-09
gravity/kepler,7,interp,balanced,4200.0,36233.04262072677,5.408309393970172e-06,2.061036762170857e-09
gravity/kepler,7,interp,balanced,4300.0,42195.60931808686,4.687739477259222e-06,2.0359144242516274e-09
gravity/kepler,7,interp,balanced,4400.0,49089.32036653695,4.012990649281714e-06,2.013289779278485e-09
gravity/kepler,7,interp,balanced,4500.0,44182.71870907973,1.0947208590386017e-05,2.5915807343964943e-09
gravity/kepler,7,interp,balanced,4600.0,40027.05379244532,3.7003239718466448e-06,2.005874844683707e-09
gravity/kepler,7,interp,balanced,4700.0,47395.49419849263,3.3148190378086165e-06,1.990797063896237e-09
gravity/kepler,7,interp,balanced,4800.0,57000.40784630411,2.957967908487895e-06,1.979615291862638e-09
gravity/kepler,7,interp,balanced,4900.0,67174.18284687563,2.6211554084271515e-06,1.9692575083870182e-09
gravity/kepler,7,interp,balanced,5000.0,78261.45955144477,2.316246672187641e-06,1.960018711195042e-09
gravity/kepler,7,interp,balanced,5100.0,90501.203135902,2.0499785866975607e-06,1.9520376829848066e-09
gravity/kepler,7,interp,balanced,5200.0,104049.09918105575,1.8247520259832913e-06,1.945327769522306e-09
gravity/kepler,7,interp,balanced,5300.0,118895.78707535347,1.6401502845896743e-06,1.9398342310697926e-09
gravity/kepler,7,interp,balanced,5400.0,134875.59664139786,1.4940309661456053e-06,1.9354706772140494e-09
gravity/kepler,7,interp,balanced,5500.0,151602.29052883264,1.3831835263644888e-06,1.93213727650561e-09
gravity/kepler,7,interp,balanced,5600.0,168524.6940572641,1.3038150587408626e-06,1.9297296414493496e-09
gravity/kepler,7,interp,balanced,5700.0,184958.0812633276,1.251780627301066e-06,1.9281379369688974e-09
gravity/kepler,7,interp,balanced,5800.0,200248.7676387874,1.2225291106009539e-06,1.9272376315134626e-09
gravity/kepler,7,interp,balanced,5900.0,213941.29414430074,1.2106065325861126e-06,1.926869758865613e-09
gravity/kepler,7,interp,balanced,5999.0,213941.29414430074,1.208717141045892e-06,1.92681189119563e-09
gravity/kepler,7,interp,unbalanced,0.0,0.9999999999999987,0.07264405937970989,0.06640367854854867
gravity/kepler,7,interp,unbalanced,100.0,0.9999999999999999,0.007194267949647945,4.423450108699911e-05
gravity/kepler,7,interp,unbalanced,200.0,1.0,0.0003359342983627011,9.797051916898994e-08
gravity/kepler,7,interp,unbalanced,300.0,0.9999999999999999,0.00021963072420066237,4.0024364995486786e-08
gravity/kepler,7,interp,unbalanced,400.0,0.9999999999999999,0.00014662835100477128,1.8158279410122622e-08
gravity/kepler,7,interp,unbalanced,500.0,1.0,0.00011217305461704076,1.2102394685533837e-08
gravity/kepler,7,interp,unbalanced,600.0,0.9999999999999998,9.955629631633004e-05,1.0893611847429501e-08
gravity/kepler,7,interp,unbalanced,700.0,1.0,9.501823010498425e-05,1.0662547709560096e-08
gravity/kepler,7,interp,unbalanced,800.0,1.0,9.277895321227426e-05,1.0489761271454325e-08
gravity/kepler,7,interp,unbalanced,900.0,1.0,9.11361228136134e-05,1.0258532161056242e-08
gravity/kepler,7,interp,unbalanced,1000.0,0.9999999999999998,8.962382688764675e-05,9.987092993729697e-09
gravity/kepler,7,interp,unbalanced,1100.0,0.9999999999999998,8.81063254280106e-05,9.694740828417942e-09
gravity/kepler,7,interp,unbalanced,1200.0,1.0,8.654475647055177e-05,9.390927047871607e-09
gravity/kepler,7,interp,unbalanced,1300.0,1.0000000000000002,8.493169360739579e-05,9.080056032710072e-09
gravity/kepler,7,interp,unbalanced,1400.0,0.9999999999999999,8.326983233533974e-05,8.764668931894691e-09
gravity/kepler,7,interp,unbalanced,1500.0,0.9999999999999999,8.15648685944569e-05,8.44668953811933e-09
gravity/kepler,7,interp,unbalanced,1600.0,1.0000000000000002,7.982328919909189e-05,8.12781621697656e-09
gravity/kepler,7,interp,unbalanced,1700.0,1.0000000000000002,7.805175229918412e-05,7.80962505929243e-09
gravity/kepler,7,interp,unbalanced,1800.0,0.9999999999999999,7.625692385665933e-05,7.493590223314053e-09
gravity/kepler,7,interp,unbalanced,1900.0,1.0,7.444542733107986e-05,7.181083866015274e-09
gravity/kepler,7,interp,unbalanced,2000.0,1.0,7.262381625259636e-05,6.873372133347558e-09
gravity/kepler,7,interp,unbalanced,2100.0,0.9999999999999999,7.079854920708334e-05,6.571611131913748e-09
gravity/kepler,7,interp,unbalanced,2200.0,1.0,6.897596354018679e-05,6.276843790381597e-09
gravity/kepler,7,interp,unbalanced,2300.0,0.9999999999999998,6.716224758359926e-05,5.9899978524974604e-09
gravity/kepler,7,interp,unbalanced,2400.0,1.0,6.53634118174159e-05,5.711885086866351e-09
gravity/kepler,7,interp,unbalanced,2500.0,0.9999999999999998,6.358525947120586e-05,5.4432017413894156e-09
gravity/kepler,7,interp,unbalanced,2600.0,1.0,6.18332965175191e-05,5.184537722976616e-09
gravity/kepler,7,interp,unbalanced,2700.0,1.0,0.0008012028715474298,6.958667149146622e-07
gravity/kepler,7,interp,unbalanced,2800.0,0.9999999999999998,6.162439679091545e-05,4.716311900698358e-09
gravity/kepler,7,interp,unbalanced,2900.0,0.9999999999999999,5.8279895224417304e-05,4.6584792300704596e-09
gravity/kepler,7,interp,unbalanced,3000.0,0.9999999999999999,5.670357791165031e-05,4.455416714521027e-09
gravity/kepler,7,interp,unbalanced,3100.0,1.0000000000000002,5.5219734191212384e-05,4.256960458417863e-09
gravity/kepler,7,interp,unbalanced,3200.0,0.9999999999999999,5.3786605694901145e-05,4.0683889258986556e-09
gravity/kepler,7,interp,unbalanced,3300.0,0.9999999999999999,5.240388614840131e-05,3.890115338573844e-09
gravity/kepler,7,interp,unbalanced,3400.0,1.0000000000000002,5.1074186605733896e-05,3.7221178665477913e-09
gravity/kepler,7,interp,unbalanced,3500.0,1.0,4.980001637051734e-05,3.564290876865181e-09
gravity/kepler,7,interp,unbalanced,3600.0,1.0000000000000002,4.858354508330729e-05,3.4164779575367407e-09
gravity/kepler,7,interp,unbalanced,3700.0,1.0000000000000002,4.742658436315902e-05,3.2784808391095418e-09
gravity/kepler,7,interp,unbalanced,3800.0,1.0,4.633059010629344e-05,3.150066377135349e-09
gravity/kepler,7,interp,unbalanced,3900.0,1.0,4.5296669948031724e-05,3.0309731500414435e-09
gravity/kepler,7,interp,unbalanced,4000.0,1.0,4.432559438485869e-05,2.9209176849491633e-09
gravity/kepler,7,interp,unbalanced,4100.0,1.0,4.3417810971742865e-05,2.8196002149356494e-09
gravity/kepler,7,interp,unbalanced,4200.0,1.0,4.257346090179615e-05,2.7267098704282736e-09
gravity/kepler,7,interp,unbalanced,4300.0,0.9999999999999998,4.179239707080853e-05,2.6419292143869555e-09
gravity/kepler,7,interp,unbalanced,4400.0,1.0,4.1074202526202724e-05,2.564938036022452e-09
gravity/kepler,7,interp,unbalanced,4500.0,0.9999999999999998,4.041820798396949e-05,2.4954163208841053e-09
gravity/kepler,7,interp,unbalanced,4600.0,1.0000000000000002,3.982350689624062e-05,2.4330463140052692e-09
gravity/kepler,7,interp,unbalanced,4700.0,1.0000000000000002,3.9288966358569e-05,2.3775135881073637e-09
gravity/kepler,7,interp,unbalanced,4800.0,0.9999999999999999,3.8813231967919797e-05,2.328507019440785e-09
gravity/kepler,7,interp,unbalanced,4900.0,1.0000000000000002,3.839472459119266e-05,2.2857175607591063e-09
gravity/kepler,7,interp,unbalanced,5000.0,0.9999999999999999,3.8031626885626894e-05,2.24883568405459e-09
gravity/kepler,7,interp,unbalanced,5100.0,1.0,3.772185733711077e-05,2.2175473483595884e-09
gravity/kepler,7,interp,unbalanced,5200.0,1.0,3.746302958722241e-05,2.191528330847917e-09
gravity/kepler,7,interp,unbalanced,5300.0,1.0,3.725239491610281e-05,2.1704367499446943e-09
gravity/kepler,7,interp,unbalanced,5400.0,1.0000000000000002,3.708676599989925e-05,2.153903611888949e-09
gravity/kepler,7,interp,unbalanced,5500.0,0.9999999999999999,3.696242052114483e-05,2.1415212384291224e-09
gravity/kepler,7,interp,unbalanced,5600.0,1.0000000000000002,3.687498396120979e-05,2.1328294960692144e-09
gravity/kepler,7,interp,unbalanced,5700.0,1.0000000000000002,3.681929205322299e-05,2.1272998637726356e-09
gravity/kepler,7,interp,unbalanced,5800.0,1.0,3.678923503583173e-05,2.1243175690737613e-09
gravity/kepler,7,interp,unbalanced,5900.0,0.9999999999999999,3.677758817410556e-05,2.1231623166326395e-09
gravity/kepler,7,interp,unbalanced,5999.0,0.9999999999999999,3.6775836206121415e-05,2.1229885528010415e-09
gravity/kepler,7,extrap,balanced,0.0,3.5543366179651423,0.07324924052501379,0.12161744299638905
gravity/kepler,7,extrap,balanced,100.0,5.52474126848276,0.001964638935988989,3.486011966883294e-05
gravity/kepler,7,extrap,balanced,200.0,5.2663901329297635,5.477735918869705e-05,3.0076969089302796e-09
gravity/kepler,7,extrap,balanced,300.0,8.294000064218492,2.9122913915039523e-05,8.62475992137479e-10
gravity/kepler,7,extrap,balanced,400.0,13.318595740765895,9.268215806576236e-06,9.110264193571187e-11
gravity/kepler,7,extrap,balanced,500.0,13.200946973250714,9.864758050297362e-07,2.7073003525871727e-12
gravity/kepler,7,extrap,balanced,600.0,12.565113011910677,6.303821874702275e-05,3.9773086702819315e-09
gravity/kepler,7,extrap,balanced,700.0,11.70433091332577,9.524319598384468e-07,1.5870694976852897e-12
gravity/kepler,7,extrap,balanced,800.0,17.543345570079513,8.852204196461316e-08,9.517093684827678e-13
gravity/kepler,7,extrap,balanced,900.0,27.397502696410477,5.627152436262169e-08,9.768231628912547e-13
gravity/kepler,7,extrap,balanced,1000.0,25.31320773785533,0.00017451025032318406,2.6044027326518635e-08
gravity/kepler,7,extrap,balanced,1100.0,23.829224074942257,1.33227413736489e-06,2.8794986883165566e-12
gravity/kepler,7,extrap,balanced,1200.0,36.04669091068986,6.20700205851794e-08,9.908798750122601e-13
gravity/kepler,7,extrap,balanced,1300.0,58.423474179190904,2.8139717684645907e-08,1.0332229837936097e-12
gravity/kepler,7,extrap,balanced,1400.0,94.61247872542945,1.7597641967531306e-08,1.0547640031820787e-12
gravity/kepler,7,extrap,balanced,1500.0,85.8924368435108,0.0001172253530017961,1.4107746949738711e-08
gravity/kepler,7,extrap,balanced,1600.0,78.33135094274463,6.712612486294039e-07,1.9015883556614015e-12
gravity/kepler,7,extrap,balanced,1700.0,109.76975824802535,1.365977965702335e-08,1.063040694287829e-12
gravity/kepler,7,extrap,balanced,1800.0,178.52669768820974,9.421384861432286e-09,1.0716251417748514e-12
gravity/kepler,7,extrap,balanced,1900.0,161.0189029119319,0.0002548600937687388,9.50994912734864e-08
gravity/kepler,7,extrap,balanced,2000.0,145.62005936380558,3.398423448768643e-05,1.1381305709166558e-09
gravity/kepler,7,extrap,balanced,2100.0,133.5759626615998,2.1067792916889974e-05,4.3359161923748426e-10
gravity/kepler,7,extrap,balanced,2200.0,124.39514559611996,1.3464858012055475e-05,1.751231238207885e-10
gravity/kepler,7,extrap,balanced,2300.0,118.65718645984761,8.800687349445627e-06,7.378334901012747e-11
gravity/kepler,7,extrap,balanced,2400.0,116.93994470041034,5.825502408810818e-06,3.1869959414802835e-11
gravity/kepler,7,extrap,balanced,2500.0,120.10157693290924,3.856572248046742e-06,1.3867605444020657e-11
gravity/kepler,7,extrap,balanced,2600.0,129.53384262362172,2.511964675425653e-06,6.029767968771524e-12
gravity/kepler,7,extrap,balanced,2700.0,147.70735560540405,1.5744445645266931e-06,2.7054053296437564e-12
gravity/kepler,7,extrap,balanced,2800.0,179.3798718033024,9.194428114204104e-07,1.4270426918022692e-12
gravity/kepler,7,extrap,balanced,2900.0,234.12163579810357,4.750289426339953e-07,1.049399222607109e-12
gravity/kepler,7,extrap,balanced,3000.0,332.14782081179413,1.9790290764372053e-07,1.0150042710319654e-12
gravity/kepler,7,extrap,balanced,3100.0,512.3448473919625,5.514922777083185e-08,1.0584481294839083e-12
gravity/kepler,7,extrap,balanced,3200.0,824.4406747660287,7.115195525005444e-09,1.083617121881503e-12
gravity/kepler,7,extrap,balanced,3300.0,1339.0143636087305,1.2849112126125888e-09,1.0885398397033143e-12
gravity/kepler,7,extrap,balanced,3400.0,2179.5393657096315,7.783009720297332e-10,1.0895943579393162e-12
gravity/kepler,7,extrap,balanced,3500.0,1962.4013430072223,3.0332573476543377e-05,1.068957535925004e-09
gravity/kepler,7,extrap,balanced,3600.0,1767.3350580229965,1.1079463847430984e-07,1.0211211627693534e-12
gravity/kepler,7,extrap,balanced,3700.0,2935.170039932448,8.356875542673611e-10,1.0896019165470559e-12
gravity/kepler,7,extrap,balanced,3800.0,4878.881528301406,3.5222332667396776e-10,1.0904840690248872e-12
gravity/kepler,7,extrap,balanced,3900.0,8016.445855471497,2.135338501477489e-10,1.0907737259866473e-12
gravity/kepler,7,extrap,balanced,4000.0,13089.37299479398,1.305126421563628e-10,1.0909471489021204e-12
gravity/kepler,7,extrap,balanced,4100.0,11781.185457414653,2.9852970381024054e-05,8.713234239580807e-10
gravity/kepler,7,extrap,balanced,4200.0,10611.866714177637,4.1320027958071165e-08,1.1171512390144145e-12
gravity/kepler,7,extrap,balanced,4300.0,10713.171101690989,2.751712929376224e-10,1.0911398445255249e-12
gravity/kepler,7,extrap,balanced,4400.0,17622.86221958135,9.707841423927017e-11,1.0910169985745077e-12
gravity/kepler,7,extrap,balanced,4500.0,29058.046317508015,5.916994864840053e-11,1.0910961848464388e-12
gravity/kepler,7,extrap,balanced,4600.0,47810.26309003067,3.587924947488134e-11,1.0911448420406017e-12
gravity/kepler,7,extrap,balanced,4700.0,78863.82284475214,2.1871150489588594e-11,1.0911741076766493e-12
gravity/kepler,7,extrap,balanced,4800.0,70978.24140870846,6.4289154299632555e-06,4.608036355671193e-11
gravity/kepler,7,extrap,balanced,4900.0,63886.16884171413,4.224938703487612e-08,1.115377321759366e-12
gravity/kepler,7,extrap,balanced,5000.0,58902.64145872733,1.5097054183063574e-10,1.0912650448243901e-12
gravity/kepler,7,extrap,balanced,5100.0,88936.19023323644,1.8039670607862142e-11,1.091182174496824e-12
gravity/kepler,7,extrap,balanced,5200.0,146306.00035790628,1.1738077097865828e-11,1.0911952772069113e-12
gravity/kepler,7,extrap,balanced,5300.0,240362.90017313068,7.142427281276796e-12,1.0912048785259462e-12
gravity/kepler,7,extrap,balanced,5400.0,395037.0549484342,4.347388743878986e-12,1.0912107180788186e-12
gravity/kepler,7,extrap,balanced,5500.0,355533.5358884391,3.6438799329371706e-07,1.0242467023191585e-12
gravity/kepler,7,extrap,balanced,5600.0,320042.72544361255,3.329246059918177e-09,1.089490510982286e-12
gravity/kepler,7,extrap,balanced,5700.0,292561.16338709515,4.662585940364192e-11,1.0911887286524992e-12
gravity/kepler,7,extrap,balanced,5800.0,483430.52762150334,3.5693536016003416e-12,1.0912123433643207e-12
gravity/kepler,7,extrap,balanced,5900.0,796347.0224167407,2.1712224899199633e-12,1.091215265146712e-12
gravity/kepler,7,extrap,balanced,5999.0,796347.0224431377,1.3699318342507294e-12,1.0912169590334207e-12
gravity/kepler,7,extrap,unbalanced,0.0,1.0000000000000007,0.07324924052501379,0.12161744299638905
gravity/kepler,7,extrap,unbalanced,100.0,1.0,0.008504730172623867,7.513162845999204e-05
gravity/kepler,7,extrap,unbalanced,200.0,1.0,0.00024418182318053876,5.974659921497822e-08
gravity/kepler,7,extrap,unbalanced,300.0,0.9999999999999998,0.00018068303720770966,3.2714993625665194e-08
gravity/kepler,7,extrap,unbalanced,400.0,0.9999999999999998,0.00012673364423087543,1.6113746429634996e-08
gravity/kepler,7,extrap,unbalanced,500.0,1.0000000000000002,8.385151798255853e-05,7.067289856993345e-09
gravity/kepler,7,extrap,unbalanced,600.0,1.0,5.246645774128885e-05,2.7760984294597516e-09
gravity/kepler,7,extrap,unbalanced,700.0,1.0000000000000002,3.1094425795986513e-05,9.810054348575445e-10
gravity/kepler,7,extrap,unbalanced,800.0,0.9999999999999998,1.7469926071330018e-05,3.1326074723909476e-10
gravity/kepler,7,extrap,unbalanced,900.0,1.0000000000000002,9.307001855421875e-06,9.096634989901986e-11
gravity/kepler,7,extrap,unbalanced,1000.0,1.0,4.7020334803850785e-06,2.4330615271437697e-11
gravity/kepler,7,extrap,unbalanced,1100.0,1.0,2.263901759584e-06,6.204355726913474e-12
gravity/kepler,7,extrap,unbalanced,1200.0,0.9999999999999998,1.0834233213331695e-06,1.6727917972839258e-12
gravity/kepler,7,extrap,unbalanced,1300.0,0.9999999999999998,6.214046376317495e-07,6.060929986274551e-13
gravity/kepler,7,extrap,unbalanced,1400.0,0.9999999999999998,5.157953251145049e-07,3.5857882762890807e-13
gravity/kepler,7,extrap,unbalanced,1500.0,0.9999999999999998,5.104788021965148e-07,2.9778855857902487e-13
gravity/kepler,7,extrap,unbalanced,1600.0,1.0000000000000002,5.16328555629185e-07,2.809033467745619e-13
gravity/kepler,7,extrap,unbalanced,1700.0,1.0,5.199009001593688e-07,2.755693958584366e-13
gravity/kepler,7,extrap,unbalanced,1800.0,1.0000000000000002,5.214296759665994e-07,2.737530497674117e-13
gravity/kepler,7,extrap,unbalanced,1900.0,1.0,5.220058177371218e-07,2.7312352804944683e-13
gravity/kepler,7,extrap,unbalanced,2000.0,0.9999999999999998,5.222083033436124e-07,2.729087845901633e-13
gravity/kepler,7,extrap,unbalanced,2100.0,1.0,5.222760262401605e-07,2.7283769224816843e-13
gravity/kepler,7,extrap,unbalanced,2200.0,1.0,5.222977682608631e-07,2.72814945337025e-13
gravity/kepler,7,extrap,unbalanced,2300.0,1.0,5.223045000854597e-07,2.728079099624406e-13
gravity/kepler,7,extrap,unbalanced,2400.0,1.0,5.223065170350557e-07,2.7280580264762185e-13
gravity/kepler,7,extrap,unbalanced,2500.0,1.0000000000000002,5.223071039114205e-07,2.7280518957897683e-13
gravity/kepler,7,extrap,unbalanced,2600.0,0.9999999999999998,5.223072699498398e-07,2.7280501610989064e-13
gravity/kepler,7,extrap,unbalanced,2700.0,1.0,5.223073159678028e-07,2.728049679398266e-13
gravity/kepler,7,extrap,unbalanced,2800.0,1.0,5.22307328482816e-07,2.7280495487980565e-13
gravity/kepler,7,extrap,unbalanced,2900.0,1.0,5.223073318944722e-07,2.728049513979462e-13
gravity/kepler,7,extrap,unbalanced,3000.0,1.0,5.223073327524831e-07,2.728049505960388e-13
gravity/kepler,7,extrap,unbalanced,3100.0,1.0000000000000002,5.223073330909507e-07,2.72804950086871e-13
gravity/kepler,7,extrap,unbalanced,3200.0,1.0000000000000002,5.223073330610661e-07,2.728049501965326e-13
gravity/kepler,7,extrap,unbalanced,3300.0,1.0,5.223073330785843e-07,2.7280495011550745e-13
gravity/kepler,7,extrap,unbalanced,3400.0,1.0000000000000002,5.223073331175e-07,2.7280495010060775e-13
gravity/kepler,7,extrap,unbalanced,3500.0,1.0,5.223073330198402e-07,2.728049502344465e-13
gravity/kepler,7,extrap,unbalanced,3600.0,1.0,5.223073330388134e-07,2.7280495024256106e-13
gravity/kepler,7,extrap,unbalanced,3700.0,1.0,5.223073330423907e-07,2.728049502398562e-13
gravity/kepler,7,extrap,unbalanced,3800.0,0.9999999999999998,5.22307333077641e-07,2.7280495012091714e-13
gravity/kepler,7,extrap,unbalanced,3900.0,1.0,5.223073330839872e-07,2.7280495011550745e-13
gravity/kepler,7,extrap,unbalanced,4000.0,0.9999999999999998,5.223073331616096e-07,2.7280495008300315e-13
gravity/kepler,7,extrap,unbalanced,4100.0,0.9999999999999998,5.223073330872081e-07,2.7280495012091714e-13
gravity/kepler,7,extrap,unbalanced,4200.0,1.0,5.223073331435476e-07,2.728049501033126e-13
gravity/kepler,7,extrap,unbalanced,4300.0,0.9999999999999998,5.223073330558663e-07,2.728049502452659e-13
gravity/kepler,7,extrap,unbalanced,4400.0,0.9999999999999998,5.223073330834854e-07,2.728049501182123e-13
gravity/kepler,7,extrap,unbalanced,4500.0,0.9999999999999998,5.223073330727333e-07,2.728049501182123e-13
gravity/kepler,7,extrap,unbalanced,4600.0,1.0,5.223073330618459e-07,2.728049502452659e-13
gravity/kepler,7,extrap,unbalanced,4700.0,1.0,5.223073330926781e-07,2.7280495012091714e-13
gravity/kepler,7,extrap,unbalanced,4800.0,1.0,5.223073330749902e-07,2.728049501385217e-13
gravity/kepler,7,extrap,unbalanced,4900.0,1.0000000000000002,5.223073330569282e-07,2.7280495024256106e-13
gravity/kepler,7,extrap,unbalanced,5000.0,1.0000000000000002,5.223073330708405e-07,2.7280495014122654e-13
gravity/kepler,7,extrap,unbalanced,5100.0,0.9999999999999998,5.223073330774552e-07,2.728049501182123e-13
gravity/kepler,7,extrap,unbalanced,5200.0,1.0,5.223073330780779e-07,2.728049501182123e-13
gravity/kepler,7,extrap,unbalanced,5300.0,1.0000000000000002,5.223073330726705e-07,2.728049501182123e-13
gravity/kepler,7,extrap,unbalanced,5400.0,0.9999999999999998,5.223073330690205e-07,2.728049502452659e-13
gravity/kepler,7,extrap,unbalanced,5500.0,1.0,5.223073330755624e-07,2.728049502195468e-13
gravity/kepler,7,extrap,unbalanced,5600.0,1.0,5.223073330732329e-07,2.728049501182123e-13
gravity/kepler,7,extrap,unbalanced,5700.0,1.0000000000000002,5.223073330648005e-07,2.728049502195468e-13
gravity/kepler,7,extrap,unbalanced,5800.0,1.0,5.223073330702079e-07,2.7280495011550745e-13
gravity/kepler,7,extrap,unbalanced,5900.0,1.0000000000000002,5.223073330648005e-07,2.728049502195468e-13
gravity/kepler,7,extrap,unbalanced,5999.0,1.0000000000000002,5.223073330648005e-07,2.728049502195468e-13
gravity/kepler,19,interp,balanced,0.0,3.2690094204153914,0.04702753623703451,0.048309760922398276
gravity/kepler,19,interp,balanced,100.0,4.822886204863601,0.0014127083765134159,1.974954112692687e-05
gravity/kepler,19,interp,balanced,200.0,6.442968238402524,0.00027389294028718874,8.507989235505573e-08
gravity/kepler,19,interp,balanced,300.0,9.611920301008684,9.03909644790881e-05,1.2523682020919153e-08
gravity/kepler,19,interp,balanced,400.0,9.363384419785065,0.0009403830690836134,9.644179508332275e-07
gravity/kepler,19,interp,balanced,500.0,8.528991690296658,7.197924718934142e-05,8.081878679536108e-09
gravity/kepler,19,interp,balanced,600.0,13.847199709888958,1.324641837256679e-05,2.0955434644384995e-09
gravity/kepler,19,interp,balanced,700.0,21.9172261805053,9.615682763021227e-06,1.8350030436919251e-09
gravity/kepler,19,interp,balanced,800.0,20.64689897091689,0.00012903213781248176,2.5073701628509446e-08
gravity/kepler,19,interp,balanced,900.0,38.34732344953999,5.331332517441299e-05,2.9258776865044705e-09
gravity/kepler,19,interp,balanced,1000.0,61.93795123972396,4.442692459126459e-05,2.403032692745099e-09
gravity/kepler,19,interp,balanced,1100.0,99.56368235655388,3.2414858397711824e-05,1.876627951582734e-09
gravity/kepler,19,interp,balanced,1200.0,160.4370502074818,1.8841938926580356e-05,1.6135383745761453e-09
gravity/kepler,19,interp,balanced,1300.0,262.1643243853201,7.327613028099349e-06,1.6757703084778016e-09
gravity/kepler,19,interp,balanced,1400.0,360.17808426990575,1.606043679137124e-06,1.8122908316944238e-09
gravity/kepler,19,interp,balanced,1500.0,324.7373635279933,7.13089187550379e-05,5.1002694710762436e-09
gravity/kepler,19,interp,balanced,1600.0,343.42099281051026,1.834337112185004e-06,1.909170318475026e-09
gravity/kepler,19,interp,balanced,1700.0,584.330409283911,1.7863267867553055e-06,1.8926496077070026e-09
gravity/kepler,19,interp,balanced,1800.0,982.1413991677236,1.7748297221837763e-06,1.893544188137857e-09
gravity/kepler,19,interp,balanced,1900.0,1655.5235128051793,1.7688981512104327e-06,1.8936454668105486e-09
gravity/kepler,19,interp,balanced,2000.0,2802.303453992356,1.7633347725917042e-06,1.894190636121688e-09
gravity/kepler,19,interp,balanced,2100.0,2522.1887748940817,8.818226831465836e-05,1.3034467783158604e-08
gravity/kepler,19,interp,balanced,2200.0,2285.044126368373,5.526034810789269e-06,2.1125915525219353e-09
gravity/kepler,19,interp,balanced,2300.0,3139.6250572692893,5.021767193154004e-06,2.0400247676846384e-09
gravity/kepler,19,interp,balanced,2400.0,3983.4235297134687,4.5461414105529995e-06,2.0217068278881965e-09
gravity/kepler,19,interp,balanced,2500.0,4971.631134170296,3.994992546095909e-06,2.000935706126794e-09
gravity/kepler,19,interp,balanced,2600.0,6150.623033883325,3.391172526740605e-06,1.978767850688898e-09
gravity/kepler,19,interp,balanced,2700.0,7600.92855049684,2.762707167285298e-06,1.956375923921661e-09
gravity/kepler,19,interp,balanced,2800.0,9465.492962687742,2.142508956443668e-06,1.9349359518206418e-09
gravity/kepler,19,interp,balanced,2900.0,11985.620795349838,1.5660815381326016e-06,1.9154984296142986e-09
gravity/kepler,19,interp,balanced,3000.0,15592.774833992638,1.07108082313648e-06,1.8989385262322514e-09
gravity/kepler,19,interp,balanced,3100.0,21124.894864571128,6.979294782688664e-07,1.8859060157758155e-09
gravity/kepler,19,interp,balanced,3200.0,19012.609040022457,2.8517474523676085e-05,1.5340919124490554e-09
gravity/kepler,19,interp,balanced,3300.0,17259.568440980784,6.995256331831444e-07,1.8891163785401228e-09
gravity/kepler,19,interp,balanced,3400.0,32444.15060340226,4.377778622165821e-07,1.885951858552539e-09
gravity/kepler,19,interp,balanced,3500.0,55216.066427147045,1.9535495716226895e-07,1.8786214482279454e-09
gravity/kepler,19,interp,balanced,3600.0,93516.43633655466,6.550890956582044e-08,1.8743023665254564e-09
gravity/kepler,19,interp,balanced,3700.0,84165.60577554749,5.004869063083447e-05,8.096137278651267e-09
gravity/kepler,19,interp,balanced,3800.0,76210.47004711053,2.5561361940565566e-06,1.7991507960775685e-09
gravity/kepler,19,interp,balanced,3900.0,71589.91433601688,2.2021172658004664e-06,1.8103348230388557e-09
gravity/kepler,19,interp,balanced,4000.0,68842.9546168795,1.9259148761478913e-06,1.81766710001342e-09
gravity/kepler,19,interp,balanced,4100.0,66878.27057327838,1.702328357986456e-06,1.8236876563131955e-09
gravity/kepler,19,interp,balanced,4200.0,65633.5237295246,1.5184843687852633e-06,1.8287149173990701e-09
gravity/kepler,19,interp,balanced,4300.0,65045.80832200516,1.3654361482276508e-06,1.8329534114392188e-09
gravity/kepler,19,interp,balanced,4400.0,65057.92652153489,1.2366978227821342e-06,1.8365567724083614e-09
gravity/kepler,19,interp,balanced,4500.0,65618.57268935666,1.1275153832474348e-06,1.8396405830790634e-09
gravity/kepler,19,interp,balanced,4600.0,66680.61748762315,1.034366977459477e-06,1.842292170475221e-09
gravity/kepler,19,interp,balanced,4700.0,68199.94482262082,9.546176427601047e-07,1.8445778635633829e-09
gravity/kepler,19,interp,balanced,4800.0,70132.83032870712,8.862762902733015e-07,1.846548346158741e-09
gravity/kepler,19,interp,balanced,4900.0,72435.57336601602,8.278231065019181e-07,1.848242648960486e-09
gravity/kepler,19,interp,balanced,5000.0,75060.56751542573,7.780833502138818e-07,1.8496911247989999e-09
gravity/kepler,19,interp,balanced,5100.0,77956.94498951318,7.361354302507724e-07,1.8509177382480365e-09
gravity/kepler,19,interp,balanced,5200.0,81067.22095751157,7.012396557179487e-07,1.851941834885181e-09
gravity/kepler,19,interp,balanced,5300.0,84330.14878460347,6.72782358969061e-07,1.8527796316304697e-09
gravity/kepler,19,interp,balanced,5400.0,87677.38669560602,6.50226845097553e-07,1.853445500013373e-09
gravity/kepler,19,interp,balanced,5500.0,91039.12332662154,6.330684798768943e-07,1.8539532662949456e-09
gravity/kepler,19,interp,balanced,5600.0,94346.49434482172,6.207871123166211e-07,1.8543175438565483e-09
gravity/kepler,19,interp,balanced,5700.0,97535.4954815231,6.127946831325121e-07,1.8545552050217438e-09
gravity/kepler,19,interp,balanced,5800.0,100553.22027807581,6.083754629669583e-07,1.8546870463816254e-09
gravity/kepler,19,interp,balanced,5900.0,103364.4927728301,6.066187573158653e-07,1.8547397803077054e-09
gravity/kepler,19,interp,balanced,5999.0,103364.49277283011,6.063480587969956e-07,1.8547481335916178e-09
gravity/kepler,19,interp,unbalanced,0.0,1.0,0.04702753623703451,0.048309760922398276
gravity/kepler,19,interp,unbalanced,100.0,1.0000000000000002,0.005648231366320464,3.624468769165376e-05
gravity/kepler,19,interp,unbalanced,200.0,1.0,0.000313301927344561,1.0817999087815529e-07
gravity/kepler,19,interp,unbalanced,300.0,1.0,0.00019383766249912965,4.414743187457555e-08
gravity/kepler,19,interp,unbalanced,400.0,1.0000000000000002,0.00010787119825088687,1.5398780777213997e-08
gravity/kepler,19,interp,unbalanced,500.0,1.0000000000000002,5.464564443669247e-05,4.963077007024092e-09
gravity/kepler,19,interp,unbalanced,600.0,0.9999999999999998,2.806989859888486e-05,1.7558127006560946e-09
gravity/kepler,19,interp,unbalanced,700.0,0.9999999999999999,2.036179700082475e-05,8.702369507969901e-10
gravity/kepler,19,interp,unbalanced,800.0,1.0000000000000002,2.0263323040816274e-05,6.310615653856889e-10
gravity/kepler,19,interp,unbalanced,900.0,1.0000000000000002,2.097643656757213e-05,5.623861509631413e-10
gravity/kepler,19,interp,unbalanced,1000.0,0.9999999999999999,2.1353033119423518e-05,5.410273640680882e-10
gravity/kepler,19,interp,unbalanced,1100.0,1.0,4.2885338075776426e-05,6.174607993415266e-10
gravity/kepler,19,interp,unbalanced,1200.0,1.0000000000000002,0.00011534105960773942,1.966587154123388e-08
gravity/kepler,19,interp,unbalanced,1300.0,0.9999999999999999,4.262794384916212e-05,3.3178311495925787e-09
gravity/kepler,19,interp,unbalanced,1400.0,1.0000000000000002,2.2101373546736756e-05,1.0845404588352553e-09
gravity/kepler,19,interp,unbalanced,1500.0,1.0000000000000002,2.0753868901235236e-05,6.949733636654173e-10
gravity/kepler,19,interp,unbalanced,1600.0,1.0000000000000002,2.1499906972105328e-05,6.130273569965371e-10
gravity/kepler,19,interp,unbalanced,1700.0,1.0,2.186161976428214e-05,5.920235289543578e-10
gravity/kepler,19,interp,unbalanced,1800.0,1.0,2.1981697950118085e-05,5.860122576824378e-10
gravity/kepler,19,interp,unbalanced,1900.0,1.0000000000000002,2.2015840119186602e-05,5.841714958653453e-10
gravity/kepler,19,interp,unbalanced,2000.0,1.0,2.2023677799133245e-05,5.835133387158334e-10
gravity/kepler,19,interp,unbalanced,2100.0,1.0000000000000002,2.2024048242898155e-05,5.83178640465987e-10
gravity/kepler,19,interp,unbalanced,2200.0,1.0000000000000002,2.202239380922091e-05,5.829260796759398e-10
gravity/kepler,19,interp,unbalanced,2300.0,1.0000000000000002,2.2020194472854103e-05,5.826910410868718e-10
gravity/kepler,19,interp,unbalanced,2400.0,1.0000000000000002,2.2017835171105365e-05,5.824573390672232e-10
gravity/kepler,19,interp,unbalanced,2500.0,1.0,2.201541482167266e-05,5.822214389112512e-10
gravity/kepler,19,interp,unbalanced,2600.0,1.0,2.2012961443838753e-05,5.819829705445976e-10
gravity/kepler,19,interp,unbalanced,2700.0,1.0000000000000002,2.2010486424845723e-05,5.817423366672166e-10
gravity/kepler,19,interp,unbalanced,2800.0,1.0000000000000002,2.2007997560670862e-05,5.815001370371472e-10
gravity/kepler,19,interp,unbalanced,2900.0,0.9999999999999998,2.2005502046586138e-05,5.812570350515457e-10
gravity/kepler,19,interp,unbalanced,3000.0,1.0000000000000002,2.2003007125746678e-05,5.810137269704158e-10
gravity/kepler,19,interp,unbalanced,3100.0,1.0,2.20005202105018e-05,5.807709339047218e-10
gravity/kepler,19,interp,unbalanced,3200.0,1.0,2.1998048888616674e-05,5.805293983123629e-10
gravity/kepler,19,interp,unbalanced,3300.0,1.0,2.1995600901502868e-05,5.802898811858914e-10
gravity/kepler,19,interp,unbalanced,3400.0,1.0000000000000002,2.19931841141781e-05,5.800531590246737e-10
gravity/kepler,19,interp,unbalanced,3500.0,1.0,2.199080648077864e-05,5.798200203769077e-10
gravity/kepler,19,interp,unbalanced,3600.0,0.9999999999999998,2.1988476004419458e-05,5.795912619605115e-10
gravity/kepler,19,interp,unbalanced,3700.0,1.0,2.1986200693907276e-05,5.793676842275348e-10
gravity/kepler,19,interp,unbalanced,3800.0,1.0000000000000002,2.1983988513811963e-05,5.791500864560618e-10
gravity/kepler,19,interp,unbalanced,3900.0,1.0,2.1981847331365363e-05,5.789392611566837e-10
gravity/kepler,19,interp,unbalanced,4000.0,1.0,2.197978485580213e-05,5.787359879499672e-10
gravity/kepler,19,interp,unbalanced,4100.0,1.0,2.1977808572081736e-05,5.785410267402196e-10
gravity/kepler,19,interp,unbalanced,4200.0,0.9999999999999998,2.1975925668945506e-05,5.783551101110937e-10
gravity/kepler,19,interp,unbalanced,4300.0,1.0000000000000002,2.1974142957654798e-05,5.781789350110998e-10
gravity/kepler,19,interp,unbalanced,4400.0,0.9999999999999998,2.1972466784608114e-05,5.780131535331595e-10
gravity/kepler,19,interp,unbalanced,4500.0,1.0000000000000002,2.1970902933680253e-05,5.778583627997483e-10
gravity/kepler,19,interp,unbalanced,4600.0,1.0,2.196945651979631e-05,5.777150938570363e-10
gravity/kepler,19,interp,unbalanced,4700.0,1.0,2.19681318714013e-05,5.77583799477036e-10
gravity/kepler,19,interp,unbalanced,4800.0,0.9999999999999998,2.19669324012085e-05,5.774648408349374e-10
gravity/kepler,19,interp,unbalanced,4900.0,1.0000000000000002,2.196586046464798e-05,5.773584729049943e-10
gravity/kepler,19,interp,unbalanced,5000.0,1.0000000000000002,2.196491720433635e-05,5.772648285336738e-10
gravity/kepler,19,interp,unbalanced,5100.0,1.0,2.1964102379266206e-05,5.771839010858414e-10
gravity/kepler,19,interp,unbalanced,5200.0,1.0,2.196341417829741e-05,5.771155255517895e-10
gravity/kepler,19,interp,unbalanced,5300.0,1.0000000000000002,2.1962849015893425e-05,5.770593580634876e-10
gravity/kepler,19,interp,unbalanced,5400.0,1.0,2.1962401310329827e-05,5.770148536773713e-10
gravity/kepler,19,interp,unbalanced,5500.0,1.0000000000000002,2.1962063242208688e-05,5.769812424290374e-10
gravity/kepler,19,interp,unbalanced,5600.0,1.0,2.1961824493781637e-05,5.76957503551034e-10
gravity/kepler,19,interp,unbalanced,5700.0,1.0,2.1961671968651602e-05,5.769423378421365e-10
gravity/kepler,19,interp,unbalanced,5800.0,0.9999999999999998,2.196158949266606e-05,5.769341381866124e-10
gravity/kepler,19,interp,unbalanced,5900.0,1.0,2.1961557497617588e-05,5.769309582474754e-10
gravity/kepler,19,interp,unbalanced,5999.0,0.9999999999999998,2.1961552682894756e-05,5.769304797716295e-10
gravity/kepler,19,extrap,balanced,0.0,5.994735083192614,0.0562485707414909,0.10789020667898153
gravity/kepler,19,extrap,balanced,100.0,9.76360004830774,0.0009099085307030533,3.3600027374836546e-05
gravity/kepler,19,extrap,balanced,200.0,10.924848753812746,2.271258395749139e-06,1.8064698256290304e-11
gravity/kepler,19,extrap,balanced,300.0,14.487217942466522,9.009428724734508e-08,9.230654093973124e-13
gravity/kepler,19,extrap,balanced,400.0,21.940774432683305,6.754100141931106e-08,9.54673111357617e-13
gravity/kepler,19,extrap,balanced,500.0,20.432802682326315,6.762390915059815e-05,4.301199986412016e-09
gravity/kepler,19,extrap,balanced,600.0,18.75294814941988,7.053835458040414e-07,6.261768154627491e-13
gravity/kepler,19,extrap,balanced,700.0,44.00855576929964,5.234868417826477e-08,9.858380309222095e-13
gravity/kepler,19,extrap,balanced,800.0,70.34306286408375,2.3271531734370945e-08,1.0431419196396344e-12
gravity/kepler,19,extrap,balanced,900.0,112.15995762815288,1.4661671486889343e-08,1.0608031973210568e-12
gravity/kepler,19,extrap,balanced,1000.0,177.92639117930935,9.224687531010776e-09,1.0720326224087953e-12
gravity/kepler,19,extrap,balanced,1100.0,160.91958765913523,8.961289504221888e-05,8.334855410635988e-09
gravity/kepler,19,extrap,balanced,1200.0,145.99968917044484,8.332610555398708e-07,2.0545559206666626e-12
gravity/kepler,19,extrap,balanced,1300.0,595.1290044698801,8.089523494858287e-08,1.0346372163581426e-12
gravity/kepler,19,extrap,balanced,1400.0,980.5631958711608,1.6739137261739387e-09,1.0877650893124904e-12
gravity/kepler,19,extrap,balanced,1500.0,1605.3993166929608,1.065753846679652e-09,1.088994340338535e-12
gravity/kepler,19,extrap,balanced,1600.0,1445.6814508396733,0.00012754263628338405,1.8094149022635554e-08
gravity/kepler,19,extrap,balanced,1700.0,1301.6651946252412,2.837037448370409e-06,1.0064782925593172e-11
gravity/kepler,19,extrap,balanced,1800.0,1204.318126095588,1.3703412977466492e-06,3.795183113404986e-12
gravity/kepler,19,extrap,balanced,1900.0,1247.6271576517247,7.652246311382559e-07,2.13558256037354e-12
gravity/kepler,19,extrap,balanced,2000.0,1377.6927435046343,4.127490303518876e-07,1.5084951940029357e-12
gravity/kepler,19,extrap,balanced,2100.0,1658.7730897785984,2.044126749914667e-07,1.2546784225059129e-12
gravity/kepler,19,extrap,balanced,2200.0,2217.563044132904,8.511717939140186e-08,1.148538324391616e-12
gravity/kepler,19,extrap,balanced,2300.0,3326.986000806425,2.4833734974906464e-08,1.1058962016352113e-12
gravity/kepler,19,extrap,balanced,2400.0,5399.62492213539,3.2198478849739055e-09,1.092560609764321e-12
gravity/kepler,19,extrap,balanced,2500.0,4860.2738737011505,5.974284755073389e-05,3.3185343628098454e-09
gravity/kepler,19,extrap,balanced,2600.0,4374.441753289834,8.213114555292036e-06,6.285467916661584e-11
gravity/kepler,19,extrap,balanced,2700.0,3942.635836412152,5.105326943037767e-06,2.3771909554699528e-11
gravity/kepler,19,extrap,balanced,2800.0,3558.3720172374865,3.32049812500334e-06,9.918162339239127e-12
gravity/kepler,19,extrap,balanced,2900.0,3218.3814867762358,2.2491891368309164e-06,4.6617276116167036e-12
gravity/kepler,19,extrap,balanced,3000.0,2920.095869499357,1.5811142305531402e-06,2.5451967781872487e-12
gravity/kepler,19,extrap,balanced,3100.0,2661.4816439703764,1.149374363865427e-06,1.6519661643952926e-12
gravity/kepler,19,extrap,balanced,3200.0,2440.9799493111564,8.608999520958037e-07,1.262772333387229e-12
gravity/kepler,19,extrap,balanced,3300.0,2257.4774757905793,6.620136586748092e-07,1.091304326205125e-12
gravity/kepler,19,extrap,balanced,3400.0,2110.318905606088,5.207666228863932e-07,1.017529980452895e-12
gravity/kepler,19,extrap,balanced,3500.0,1999.3680561492415,4.1757703631850594e-07,9.888310517062356e-13
gravity/kepler,19,extrap,balanced,3600.0,1925.1040356069882,3.401138314145261e-07,9.812679665597022e-13
gravity/kepler,19,extrap,balanced,3700.0,1888.8105046207843,2.804189604785931e-07,9.836249671463424e-13
gravity/kepler,19,extrap,balanced,3800.0,1892.7644176090073,2.33243548230958e-07,9.905370462574708e-13
gravity/kepler,19,extrap,balanced,3900.0,1940.5763499192992,1.950625693572372e-07,9.994065506841483e-13
gravity/kepler,19,extrap,balanced,4000.0,2037.6006532911238,1.634760874925174e-07,1.0089704527692435e-12
gravity/kepler,19,extrap,balanced,4100.0,2191.6376339918897,1.3683742104859443e-07,1.0186130674476536e-12
gravity/kepler,19,extrap,balanced,4200.0,2414.040719879093,1.1401533057279676e-07,1.028028828538505e-12
gravity/kepler,19,extrap,balanced,4300.0,2721.3472689123773,9.423702509717822e-08,1.0370549194829332e-12
gravity/kepler,19,extrap,balanced,4400.0,3139.0258950343805,7.698151028855796e-08,1.0455882650098938e-12
gravity/kepler,19,extrap,balanced,4500.0,3705.6922401212482,6.189964484109033e-08,1.0535501176454866e-12
gravity/kepler,19,extrap,balanced,4600.0,4485.192912414688,4.876102332270088e-08,1.060868603525242e-12
gravity/kepler,19,extrap,balanced,4700.0,5584.166548082686,3.7406629600164794e-08,1.0674803771427143e-12
gravity/kepler,19,extrap,balanced,4800.0,7193.2857946548465,2.7721244954981032e-08,1.0733312147456743e-12
gravity/kepler,19,extrap,balanced,4900.0,9698.745497840851,1.9612255340567473e-08,1.0783804631766313e-12
gravity/kepler,19,extrap,balanced,5000.0,13951.928901492616,1.2987228135933458e-08,1.0826103172580272e-12
gravity/kepler,19,extrap,balanced,5100.0,22358.998524832376,7.758263598873936e-09,1.0860164092489508e-12
gravity/kepler,19,extrap,balanced,5200.0,45873.040210241874,3.833279509030698e-09,1.0886157526255224e-12
gravity/kepler,19,extrap,balanced,5300.0,41286.53521231152,4.902975839065419e-06,2.7087159139548234e-11
gravity/kepler,19,extrap,balanced,5400.0,37168.62104909439,6.804677886609683e-07,1.099036384128481e-12
gravity/kepler,19,extrap,balanced,5500.0,33545.76641163995,4.825563658973807e-07,1.0086845357814926e-12
gravity/kepler,19,extrap,balanced,5600.0,30304.689396708123,3.8876402735684936e-07,9.882932426361206e-13
gravity/kepler,19,extrap,balanced,5700.0,27403.069786627097,3.4354122927990625e-07,9.847219537330073e-13
gravity/kepler,19,extrap,balanced,5800.0,24799.87028023687,3.2349118656163214e-07,9.844427396105715e-13
gravity/kepler,19,extrap,balanced,5900.0,22460.075619991567,3.167473427573146e-07,9.845244918568175e-13
gravity/kepler,19,extrap,balanced,5999.0,22460.075619991567,3.158334242565724e-07,9.845409197270133e-13
gravity/kepler,19,extrap,unbalanced,0.0,1.0,0.0562485707414909,0.10789020667898153
gravity/kepler,19,extrap,unbalanced,100.0,0.9999999999999998,0.008371927842210337,6.550954730572008e-05
gravity/kepler,19,extrap,unbalanced,200.0,0.9999999999999999,0.00016559993632567736,2.7753473740388312e-08
gravity/kepler,19,extrap,unbalanced,300.0,1.0000000000000002,2.1097561321727063e-05,4.5573842473957494e-10
gravity/kepler,19,extrap,unbalanced,400.0,1.0000000000000002,1.424278581546033e-06,2.9286897963307896e-12
gravity/kepler,19,extrap,unbalanced,500.0,1.0000000000000002,5.097344891942638e-07,2.9094264788637666e-13
gravity/kepler,19,extrap,unbalanced,600.0,0.9999999999999998,5.221184040444465e-07,2.730031058515424e-13
gravity/kepler,19,extrap,unbalanced,700.0,1.0,5.223073571998083e-07,2.728049247986896e-13
gravity/kepler,19,extrap,unbalanced,800.0,1.0,5.223073354966693e-07,2.7280494762468386e-13
gravity/kepler,19,extrap,unbalanced,900.0,1.0,5.223073330091756e-07,2.728049502195468e-13
gravity/kepler,19,extrap,unbalanced,1000.0,1.0000000000000002,5.223073330707466e-07,2.7280495022225167e-13
gravity/kepler,19,extrap,unbalanced,1100.0,1.0,5.223073330598387e-07,2.7280495024256106e-13
gravity/kepler,19,extrap,unbalanced,1200.0,1.0000000000000002,5.223073330702731e-07,2.728049502452659e-13
gravity/kepler,19,extrap,unbalanced,1300.0,1.0,5.223073330644019e-07,2.7280495024256106e-13
gravity/kepler,19,extrap,unbalanced,1400.0,0.9999999999999998,5.223073330726601e-07,2.728049502452659e-13
gravity/kepler,19,extrap,unbalanced,1500.0,1.0,5.223073331022862e-07,2.7280495012091714e-13
gravity/kepler,19,extrap,unbalanced,1600.0,1.0000000000000002,5.223073331365564e-07,2.7280495010060775e-13
gravity/kepler,19,extrap,unbalanced,1700.0,1.0000000000000002,5.223073331151102e-07,2.7280495010060775e-13
gravity/kepler,19,extrap,unbalanced,1800.0,0.9999999999999998,5.223073331493843e-07,2.7280495010060775e-13
gravity/kepler,19,extrap,unbalanced,1900.0,1.0,5.223073330941935e-07,2.7280495012091714e-13
gravity/kepler,19,extrap,unbalanced,2000.0,1.0,5.223073333269905e-07,2.728049499491644e-13
gravity/kepler,19,extrap,unbalanced,2100.0,1.0,5.223073330654964e-07,2.7280495024256106e-13
gravity/kepler,19,extrap,unbalanced,2200.0,1.0,5.223073330742245e-07,2.728049501182123e-13
gravity/kepler,19,extrap,unbalanced,2300.0,0.9999999999999998,5.223073330820826e-07,2.728049501182123e-13
gravity/kepler,19,extrap,unbalanced,2400.0,1.0,5.22307333068636e-07,2.7280495014122654e-13
gravity/kepler,19,extrap,unbalanced,2500.0,1.0000000000000002,5.223073330414008e-07,2.7280495024256106e-13
gravity/kepler,19,extrap,unbalanced,2600.0,0.9999999999999998,5.223073329256718e-07,2.728049502723605e-13
gravity/kepler,19,extrap,unbalanced,2700.0,1.0,5.223073332070308e-07,2.72804950085708e-13
gravity/kepler,19,extrap,unbalanced,2800.0,0.9999999999999998,5.223073329483784e-07,2.7280495028047505e-13
gravity/kepler,19,extrap,unbalanced,2900.0,1.0000000000000002,5.223073331696854e-07,2.7280495010872224e-13
gravity/kepler,19,extrap,unbalanced,3000.0,0.9999999999999998,5.223073337070541e-07,2.72804949519224e-13
gravity/kepler,19,extrap,unbalanced,3100.0,1.0,5.22307333090238e-07,2.7280495012091714e-13
gravity/kepler,19,extrap,unbalanced,3200.0,0.9999999999999998,5.223073330790516e-07,2.7280495012091714e-13
gravity/kepler,19,extrap,unbalanced,3300.0,0.9999999999999998,5.223073330649074e-07,2.728049502452659e-13
gravity/kepler,19,extrap,unbalanced,3400.0,1.0,5.223073329118892e-07,2.7280495026965567e-13
gravity/kepler,19,extrap,unbalanced,3500.0,1.0,5.223073332017753e-07,2.7280494998437347e-13
gravity/kepler,19,extrap,unbalanced,3600.0,1.0,5.223073331223547e-07,2.72804950123622e-13
gravity/kepler,19,extrap,unbalanced,3700.0,1.0,5.223073331375168e-07,2.728049501033126e-13
gravity/kepler,19,extrap,unbalanced,3800.0,0.9999999999999998,5.22307333058842e-07,2.7280495024256106e-13
gravity/kepler,19,extrap,unbalanced,3900.0,1.0,5.22307333159643e-07,2.728049501060174e-13
gravity/kepler,19,extrap,unbalanced,4000.0,1.0,5.223073330478246e-07,2.728049502398562e-13
gravity/kepler,19,extrap,unbalanced,4100.0,1.0000000000000002,5.223073330577403e-07,2.7280495024256106e-13
gravity/kepler,19,extrap,unbalanced,4200.0,1.0,5.223073330714522e-07,2.728049501385217e-13
gravity/kepler,19,extrap,unbalanced,4300.0,1.0,5.223073331054805e-07,2.7280495012091714e-13
gravity/kepler,19,extrap,unbalanced,4400.0,1.0,5.223073330526391e-07,2.7280495024256106e-13
gravity/kepler,19,extrap,unbalanced,4500.0,1.0,5.223073330996075e-07,2.7280495012091714e-13
gravity/kepler,19,extrap,unbalanced,4600.0,1.0,5.223073330797338e-07,2.7280495012091714e-13
gravity/kepler,19,extrap,unbalanced,4700.0,1.0,5.223073330700028e-07,2.7280495024256106e-13
gravity/kepler,19,extrap,unbalanced,4800.0,1.0000000000000002,5.223073330521561e-07,2.7280495024256106e-13
gravity/kepler,19,extrap,unbalanced,4900.0,1.0,5.22307333068321e-07,2.7280495022225167e-13
gravity/kepler,19,extrap,unbalanced,5000.0,1.0,5.223073330677587e-07,2.728049502452659e-13
gravity/kepler,19,extrap,unbalanced,5100.0,1.0,5.223073330727146e-07,2.728049502452659e-13
gravity/kepler,19,extrap,unbalanced,5200.0,1.0000000000000002,5.223073330713321e-07,2.728049502452659e-13
gravity/kepler,19,extrap,unbalanced,5300.0,1.0,5.22307333075336e-07,2.728049502452659e-13
gravity/kepler,19,extrap,unbalanced,5400.0,1.0000000000000002,5.223073330748899e-07,2.7280495014122654e-13
gravity/kepler,19,extrap,unbalanced,5500.0,0.9999999999999998,5.223073330706131e-07,2.728049502452659e-13
gravity/kepler,19,extrap,unbalanced,5600.0,1.0000000000000002,5.223073330734849e-07,2.728049501182123e-13
gravity/kepler,19,extrap,unbalanced,5700.0,0.9999999999999998,5.223073330757702e-07,2.728049501182123e-13
gravity/kepler,19,extrap,unbalanced,5800.0,0.9999999999999998,5.223073330727696e-07,2.7280495022225167e-13
gravity/kepler,19,extrap,unbalanced,5900.0,1.0,5.223073330715741e-07,2.7280495022225167e-13
gravity/kepler,19,extrap,unbalanced,5999.0,1.0,5.223073330715741e-07,2.7280495022225167e-13
quantum/hydrogen,3,interp,balanced,0.0,2.564353613136297,0.1383640254516755,0.1084550848356993
quantum/hydrogen,3,interp,balanced,100.0,3.8091154473930886,0.0005126890030533044,9.59961214522733e-07
quantum/hydrogen,3,interp,balanced,200.0,5.6309504626683395,0.00020135155875615845,4.044972407234668e-08
quantum/hydrogen,3,interp,balanced,300.0,5.6610293447445965,0.0002585777860144199,6.441337023772976e-08
quantum/hydrogen,3,interp,balanced,400.0,6.462878127545864,0.00011437233964106672,1.3052061123137537e-08
quantum/hydrogen,3,interp,balanced,500.0,8.476181037685787,5.872183856434065e-05,3.4227038184779763e-09
quantum/hydrogen,3,interp,balanced,600.0,8.337569690547706,0.000256505836105584,6.8877162563374e-08
quantum/hydrogen,3,interp,balanced,700.0,8.330604746889609,6.0350406472451234e-05,3.6291959861815167e-09
quantum/hydrogen,3,interp,balanced,800.0,12.780138583285098,3.8171028821796374e-05,1.4310320145316825e-09
quantum/hydrogen,3,interp,balanced,900.0,12.336234493636937,0.0002096558078274049,4.8248912260363604e-08
quantum/hydrogen,3,interp,balanced,1000.0,16.430309821241107,5.147593817160729e-05,2.6417924366265994e-09
quantum/hydrogen,3,interp,balanced,1100.0,21.52755159400074,1.6825612611395557e-05,2.751932590398036e-10
quantum/hydrogen,3,interp,balanced,1200.0,32.88499453622767,1.3265649943156309e-05,1.6704919973249655e-10
quantum/hydrogen,3,interp,balanced,1300.0,49.93756176750085,1.1900513834927728e-05,1.3373192268825503e-10
quantum/hydrogen,3,interp,balanced,1400.0,46.112516058509925,0.0005117746838019526,4.830521169330826e-07
quantum/hydrogen,3,interp,balanced,1500.0,53.36304605218604,0.00010305827144188264,1.0524250714553825e-08
quantum/hydrogen,3,interp,balanced,1600.0,81.87210091714896,7.441696701817485e-05,5.491430687999922e-09
quantum/hydrogen,3,interp,balanced,1700.0,114.22404135118117,4.825586366420813e-05,2.312844145295687e-09
quantum/hydrogen,3,interp,balanced,1800.0,176.35199541384736,3.383200913939504e-05,1.1453951337813795e-09
quantum/hydrogen,3,interp,balanced,1900.0,358.16370065037995,2.9722453180464598e-05,8.912522274174107e-10
quantum/hydrogen,3,interp,balanced,2000.0,328.05007949358117,0.00011818510941245998,4.7075966648948284e-08
quantum/hydrogen,3,interp,balanced,2100.0,313.9254215927116,8.880294265103508e-05,7.873524839239288e-09
quantum/hydrogen,3,interp,balanced,2200.0,306.1877779391909,8.242601317573463e-05,6.778295079556659e-09
quantum/hydrogen,3,interp,balanced,2300.0,300.20269797725865,7.671488658558897e-05,5.871415396313211e-09
quantum/hydrogen,3,interp,balanced,2400.0,295.2645840894454,7.14418059359034e-05,5.092467397259447e-09
quantum/hydrogen,3,interp,balanced,2500.0,291.15386325007347,6.655335209329335e-05,4.419956401404194e-09
quantum/hydrogen,3,interp,balanced,2600.0,287.7411107300609,6.201221595538379e-05,3.837927781858841e-09
quantum/hydrogen,3,interp,balanced,2700.0,284.93134987851846,5.7788974719684756e-05,3.333541660328151e-09
quantum/hydrogen,3,interp,balanced,2800.0,282.65257502962646,5.385980179961693e-05,2.8962064879630997e-09
quantum/hydrogen,3,interp,balanced,2900.0,280.84679328058155,5.020495065935358e-05,2.5170342262318784e-09
quantum/hydrogen,3,interp,balanced,3000.0,279.46812927932154,4.68076799537939e-05,2.188465729253032e-09
quantum/hydrogen,3,interp,balanced,3100.0,278.4805187485443,4.365343712184797e-05,1.904000590115345e-09
quantum/hydrogen,3,interp,balanced,3200.0,277.85605939204277,4.072924429197043e-05,1.6580001227866962e-09
quantum/hydrogen,3,interp,balanced,3300.0,277.57352342420654,3.8023240265653854e-05,1.4455416872750388e-09
quantum/hydrogen,3,interp,balanced,3400.0,277.6168053317082,3.552434629089988e-05,1.2623093190466266e-09
quantum/hydrogen,3,interp,balanced,3500.0,277.97390139873227,3.322203150733132e-05,1.104510024580104e-09
quantum/hydrogen,3,interp,balanced,3600.0,278.635765446182,3.1106153454538115e-05,9.688078071157375e-10
quantum/hydrogen,3,interp,balanced,3700.0,279.5951477342953,2.916685797528993e-05,8.52270169020619e-10
quantum/hydrogen,3,interp,balanced,3800.0,280.84580018005386,2.739452452607287e-05,7.523233608873259e-10
quantum/hydrogen,3,interp,balanced,3900.0,282.38078727619495,2.5779742928264757e-05,6.667137147486035e-10
quantum/hydrogen,3,interp,balanced,4000.0,284.19301764114147,2.4313316620336993e-05,5.934736205563131e-10
quantum/hydrogen,3,interp,balanced,4100.0,286.27322083018373,2.29862738406105e-05,5.308905556908598e-10
quantum/hydrogen,3,interp,balanced,4200.0,288.61027655267196,2.178989376564598e-05,4.774791755583974e-10
quantum/hydrogen,3,interp,balanced,4300.0,291.1885713253621,2.0715733242554362e-05,4.3195561719251313e-10
quantum/hydrogen,3,interp,balanced,4400.0,293.98997674277877,1.9755661485698976e-05,3.93214236701139e-10
quantum/hydrogen,3,interp,balanced,4500.0,296.99260898197133,1.890188479718191e-05,3.6030603633550196e-10
quantum/hydrogen,3,interp,balanced,4600.0,300.16990533038893,1.8146971005733784e-05,3.3241916834954167e-10
quantum/hydrogen,3,interp,balanced,4700.0,303.4912333217897,1.7483870097770165e-05,3.0886135234431787e-10
quantum/hydrogen,3,interp,balanced,4800.0,306.9218703571255,1.6905924736804453e-05,2.8904393035734957e-10
quantum/hydrogen,3,interp,balanced,4900.0,310.4232418107712,1.6406869785372075e-05,2.724674856579885e-10
quantum/hydrogen,3,interp,balanced,5000.0,313.95358139745406,1.5980817028115644e-05,2.5870882640714224e-10
quantum/hydrogen,3,interp,balanced,5100.0,317.46871415780566,1.5622220350430885e-05,2.474090880163399e-10
quantum/hydrogen,3,interp,balanced,5200.0,320.9236051295434,1.532581652948184e-05,2.382626847969078e-10
quantum/hydrogen,3,interp,balanced,5300.0,324.2752105890926,1.5086535725358903e-05,2.3100678718079307e-10
quantum/hydrogen,3,interp,balanced,5400.0,327.4817913835161,1.4899375810905628e-05,2.254109830356372e-10
quantum/hydrogen,3,interp,balanced,5500.0,330.506768858536,1.4759237772866187e-05,2.2126681217100307e-10
quantum/hydrogen,3,interp,balanced,5600.0,333.3193969681539,1.4660715255512614e-05,2.1837676340354805e-10
quantum/hydrogen,3,interp,balanced,5700.0,335.89813193710523,1.4597838924624943e-05,2.1654249854089973e-10
quantum/hydrogen,3,interp,balanced,5800.0,338.2307787666,1.45637786715042e-05,2.1555219572159835e-10
quantum/hydrogen,3,interp,balanced,5900.0,340.3173444740312,1.4550516211321284e-05,2.151672475858371e-10
quantum/hydrogen,3,interp,balanced,5999.0,340.3173444740312,1.4548511046158142e-05,2.151091137647178e-10
quantum/hydrogen,3,interp,unbalanced,0.0,0.9999999999999994,0.1383640254516755,0.1084550848356993
quantum/hydrogen,3,interp,unbalanced,100.0,1.0,0.0011874694351146167,1.4158795425373856e-06
quantum/hydrogen,3,interp,unbalanced,200.0,1.0000000000000002,0.0007630464561514897,5.731541637519372e-07
quantum/hydrogen,3,interp,unbalanced,300.0,1.0,0.0004698746840000664,2.1728680116954635e-07
quantum/hydrogen,3,interp,unbalanced,400.0,1.0,0.0002553719181718372,6.419255393302658e-08
quantum/hydrogen,3,interp,unbalanced,500.0,1.0,0.00012426938734065528,1.5211082130087144e-08
quantum/hydrogen,3,interp,unbalanced,600.0,1.0,5.812993915874056e-05,3.339220201941349e-09
quantum/hydrogen,3,interp,unbalanced,700.0,1.0000000000000002,3.3341159322485616e-05,1.1086251355141338e-09
quantum/hydrogen,3,interp,unbalanced,800.0,1.0,2.772173790031789e-05,7.715989330434826e-10
quantum/hydrogen,3,interp,unbalanced,900.0,1.0,2.6829602881771927e-05,7.240479829821449e-10
quantum/hydrogen,3,interp,unbalanced,1000.0,1.0,2.659516454605941e-05,7.118530679553375e-10
quantum/hydrogen,3,interp,unbalanced,1100.0,1.0,2.643413115395229e-05,7.034751790692147e-10
quantum/hydrogen,3,interp,unbalanced,1200.0,0.9999999999999999,0.0006199810023489332,4.223342309462476e-07
quantum/hydrogen,3,interp,unbalanced,1300.0,1.0,0.00013585416389182858,1.7632216583382562e-08
quantum/hydrogen,3,interp,unbalanced,1400.0,1.0,6.867097676319458e-05,4.463332732262595e-09
quantum/hydrogen,3,interp,unbalanced,1500.0,0.9999999999999999,5.4319364415860206e-05,2.820033770572333e-09
quantum/hydrogen,3,interp,unbalanced,1600.0,1.0,5.0246113208000415e-05,2.432106368425727e-09
quantum/hydrogen,3,interp,unbalanced,1700.0,1.0000000000000002,4.742208034776818e-05,2.173014122865737e-09
quantum/hydrogen,3,interp,unbalanced,1800.0,1.0,4.480072480752929e-05,1.9418882177792758e-09
quantum/hydrogen,3,interp,unbalanced,1900.0,1.0,4.228932719364516e-05,1.731662861207971e-09
quantum/hydrogen,3,interp,unbalanced,2000.0,1.0000000000000002,3.9887392901322804e-05,1.5416885636268188e-09
quantum/hydrogen,3,interp,unbalanced,2100.0,1.0,3.7602557973522465e-05,1.3712444875981263e-09
quantum/hydrogen,3,interp,unbalanced,2200.0,1.0,3.54420317069522e-05,1.2193314952013344e-09
quantum/hydrogen,3,interp,unbalanced,2300.0,1.0000000000000002,3.341144979048822e-05,1.0847695045239333e-09
quantum/hydrogen,3,interp,unbalanced,2400.0,1.0000000000000002,3.151468388834165e-05,9.66267860122188e-10
quantum/hydrogen,3,interp,unbalanced,2500.0,1.0,2.9753841766090162e-05,8.624777604347121e-10
quantum/hydrogen,3,interp,unbalanced,2600.0,1.0000000000000002,2.812932420920548e-05,7.720348034303822e-10
quantum/hydrogen,3,interp,unbalanced,2700.0,1.0,2.663991035991827e-05,6.935937604306567e-10
quantum/hydrogen,3,interp,unbalanced,2800.0,1.0,2.5282866570141592e-05,6.258561776859904e-10
quantum/hydrogen,3,interp,unbalanced,2900.0,1.0,2.4054079285087404e-05,5.675912607680862e-10
quantum/hydrogen,3,interp,unbalanced,3000.0,1.0,2.294821299372813e-05,5.176506254311705e-10
quantum/hydrogen,3,interp,unbalanced,3100.0,0.9999999999999998,2.1958892913719298e-05,4.749776314599968e-10
quantum/hydrogen,3,interp,unbalanced,3200.0,0.9999999999999999,2.107890957042788e-05,4.386120998261631e-10
quantum/hydrogen,3,interp,unbalanced,3300.0,1.0,2.030043942616237e-05,4.076912400470479e-10
quantum/hydrogen,3,interp,unbalanced,3400.0,0.9999999999999999,1.9615272847599936e-05,3.814475945368356e-10
quantum/hydrogen,3,interp,unbalanced,3500.0,1.0,1.9015038683227232e-05,3.5920475179516063e-10
quantum/hydrogen,3,interp,unbalanced,3600.0,1.0000000000000002,1.849141420812201e-05,3.403714976464528e-10
quantum/hydrogen,3,interp,unbalanced,3700.0,1.0,1.8036310252517695e-05,3.244349803010686e-10
quantum/hydrogen,3,interp,unbalanced,3800.0,1.0,1.7642023879508723e-05,3.109533629862959e-10
quantum/hydrogen,3,interp,unbalanced,3900.0,1.0,1.7301354318439337e-05,2.995483409023334e-10
quantum/hydrogen,3,interp,unbalanced,4000.0,1.0000000000000002,1.700768142708293e-05,2.8989780661228823e-10
quantum/hydrogen,3,interp,unbalanced,4100.0,1.0,1.6755009023386376e-05,2.8172886805228563e-10
quantum/hydrogen,3,interp,unbalanced,4200.0,1.0,1.6537977691760963e-05,2.7481135339561723e-10
quantum/hydrogen,3,interp,unbalanced,4300.0,1.0,1.6351852900124373e-05,2.689518815879359e-10
quantum/hydrogen,3,interp,unbalanced,4400.0,1.0,1.619249463079724e-05,2.639885320140087e-10
quantum/hydrogen,3,interp,unbalanced,4500.0,0.9999999999999998,1.605631435724579e-05,2.5978611392178357e-10
quantum/hydrogen,3,interp,unbalanced,4600.0,0.9999999999999998,1.5940224406022573e-05,2.562320113902587e-10
quantum/hydrogen,3,interp,unbalanced,4700.0,1.0,1.584158371467196e-05,2.5323256343552096e-10
quantum/hydrogen,3,interp,unbalanced,4800.0,1.0000000000000002,1.5758142940755926e-05,2.5070992797356343e-10
quantum/hydrogen,3,interp,unbalanced,4900.0,1.0,1.5687990891056714e-05,2.4859937239987785e-10
quantum/hydrogen,3,interp,unbalanced,5000.0,1.0,1.5629503385163504e-05,2.4684693070045045e-10
quantum/hydrogen,3,interp,unbalanced,5100.0,0.9999999999999998,1.5581294976167887e-05,2.4540736603923703e-10
quantum/hydrogen,3,interp,unbalanced,5200.0,0.9999999999999998,1.5542173403099762e-05,2.4424237828682027e-10
quantum/hydrogen,3,interp,unbalanced,5300.0,0.9999999999999998,1.5511096237029655e-05,2.4331899743733174e-10
quantum/hydrogen,3,interp,unbalanced,5400.0,1.0000000000000002,1.5487128909123823e-05,2.42608105783651e-10
quantum/hydrogen,3,interp,unbalanced,5500.0,1.0000000000000002,1.546940314723345e-05,2.4208303539072795e-10
quantum/hydrogen,3,interp,unbalanced,5600.0,1.0,1.545707485437464e-05,2.4171819345300743e-10
quantum/hydrogen,3,interp,unbalanced,5700.0,1.0000000000000002,1.5449280666907816e-05,2.4148767884308825e-10
quantum/hydrogen,3,interp,unbalanced,5800.0,0.9999999999999998,1.5445092934525695e-05,2.4136387205084477e-10
quantum/hydrogen,3,interp,unbalanced,5900.0,1.0,1.5443473783558722e-05,2.413160115327096e-10
quantum/hydrogen,3,interp,unbalanced,5999.0,1.0000000000000002,1.5443230401478716e-05,2.413088176149044e-10
quantum/hydrogen,3,extrap,balanced,0.0,1.7100343341093533,0.13624174308294973,0.02760802042768598
quantum/hydrogen,3,extrap,balanced,100.0,2.8096556791250005,0.00028080097998006394,1.6238964493909417e-07
quantum/hydrogen,3,extrap,balanced,200.0,4.48518912278826,0.0001367923903452277,1.8556566643840006e-08
quantum/hydrogen,3,extrap,balanced,300.0,4.446703367308642,0.00021216793042968716,4.269779183570859e-08
quantum/hydrogen,3,extrap,balanced,400.0,7.0844462230905805,0.00012089487828784475,1.4502543009199493e-08
quantum/hydrogen,3,extrap,balanced,500.0,12.171928265972845,5.2016902033158086e-05,2.707685747501753e-09
quantum/hydrogen,3,extrap,balanced,600.0,11.5465294832787,0.00021777026991890537,4.735198418961188e-08
quantum/hydrogen,3,extrap,balanced,700.0,16.147857792914735,8.24613069077335e-05,6.767653293513627e-09
quantum/hydrogen,3,extrap,balanced,800.0,26.741565420038732,2.1373315291397442e-05,4.613972395599019e-10
quantum/hydrogen,3,extrap,balanced,900.0,40.20452463356896,8.335325487741127e-06,6.71213529262562e-11
quantum/hydrogen,3,extrap,balanced,1000.0,36.93756773630608,7.911767378397015e-05,6.741315435127774e-09
quantum/hydrogen,3,extrap,balanced,1100.0,36.108833924577915,1.2662689628073824e-05,1.5615015926584214e-10
quantum/hydrogen,3,extrap,balanced,1200.0,52.75690770875804,1.1571288576882532e-05,1.2947841053385963e-10
quantum/hydrogen,3,extrap,balanced,1300.0,48.22857988418091,8.770516228274509e-05,8.329677705611505e-09
quantum/hydrogen,3,extrap,balanced,1400.0,43.643021658135396,5.973382967586859e-06,3.360269801190474e-11
quantum/hydrogen,3,extrap,balanced,1500.0,58.80678472343832,5.615552545076626e-06,2.989397694006115e-11
quantum/hydrogen,3,extrap,balanced,1600.0,53.97405080783629,5.7808591331552456e-05,3.310182111996828e-09
quantum/hydrogen,3,extrap,balanced,1700.0,49.5104373854481,7.126061794492418e-06,4.864534881082082e-11
quantum/hydrogen,3,extrap,balanced,1800.0,71.18154857309199,6.2411640916248045e-06,3.6970281732221593e-11
quantum/hydrogen,3,extrap,balanced,1900.0,64.82284412082164,9.22741478622845e-05,9.35861324184348e-09
quantum/hydrogen,3,extrap,balanced,2000.0,58.4292429067959,3.543309458080219e-06,1.163084399882364e-11
quantum/hydrogen,3,extrap,balanced,2100.0,124.41860230665695,3.0266468333005806e-06,8.54068670226748e-12
quantum/hydrogen,3,extrap,balanced,2200.0,113.44867318265038,0.0006013520460423548,8.220089467901745e-07
quantum/hydrogen,3,extrap,balanced,2300.0,111.84067751523794,0.00019442137552609496,3.7669945286596494e-08
quantum/hydrogen,3,extrap,balanced,2400.0,105.91719031658874,0.00014817467340279842,2.192999025473618e-08
quantum/hydrogen,3,extrap,balanced,2500.0,100.62632587100553,0.00011382014184616584,1.2951236598613416e-08
quantum/hydrogen,3,extrap,balanced,2600.0,95.94919676302496,8.808952082839601e-05,7.76535102899236e-09
quantum/hydrogen,3,extrap,balanced,2700.0,91.85799635994913,6.876219370430221e-05,4.7377366360870425e-09
quantum/hydrogen,3,extrap,balanced,2800.0,88.32633120378162,5.4221102412082776e-05,2.9506832140156604e-09
quantum/hydrogen,3,extrap,balanced,2900.0,85.3353255142223,4.3276192222558655e-05,1.883570811397047e-09
quantum/hydrogen,3,extrap,balanced,3000.0,82.8750587686452,3.504876760830457e-05,1.2385808619183044e-09
quantum/hydrogen,3,extrap,balanced,3100.0,80.94540759047955,2.8887223999776755e-05,8.438543725899302e-10
quantum/hydrogen,3,extrap,balanced,3200.0,79.55715756064251,2.4303993398620333e-05,5.992561107427996e-10
quantum/hydrogen,3,extrap,balanced,3300.0,78.73346681073649,2.0928594285941333e-05,4.458195637959796e-10
quantum/hydrogen,3,extrap,balanced,3400.0,78.51179594257215,1.8473944443532997e-05,3.4842531393921776e-10
quantum/hydrogen,3,extrap,balanced,3500.0,78.94664243362756,1.6713875998336533e-05,2.859083380042081e-10
quantum/hydrogen,3,extrap,balanced,3600.0,80.1130608314302,1.5469373655799922e-05,2.453586995842593e-10
quantum/hydrogen,3,extrap,balanced,3700.0,82.11112807952894,1.4600302314174144e-05,2.1880599686765883e-10
quantum/hydrogen,3,extrap,balanced,3800.0,85.07011285038193,1.3999490324996494e-05,2.0127011707837855e-10
quantum/hydrogen,3,extrap,balanced,3900.0,89.15545828306033,1.3587263623982265e-05,1.896026433258733e-10
quantum/hydrogen,3,extrap,balanced,4000.0,94.58497326704556,1.3305944739455524e-05,1.817900194049448e-10
quantum/hydrogen,3,extrap,balanced,4100.0,101.6283427296692,1.311464411938317e-05,1.7652946396691457e-10
quantum/hydrogen,3,extrap,balanced,4200.0,110.63654621161922,1.2984814362979762e-05,1.7296906026423227e-10
quantum/hydrogen,3,extrap,balanced,4300.0,122.05994507919662,1.2896693447164758e-05,1.705454842362102e-10
quantum/hydrogen,3,extrap,balanced,4400.0,136.4418221284531,1.2836662203272278e-05,1.6888245668303e-10
quantum/hydrogen,3,extrap,balanced,4500.0,154.42055762828434,1.2795360343527166e-05,1.677266241551795e-10
quantum/hydrogen,3,extrap,balanced,4600.0,176.6717989930004,1.2766364102036342e-05,1.6690629276546937e-10
quantum/hydrogen,3,extrap,balanced,4700.0,203.7321785121385,1.2745284829078992e-05,1.6630490120763887e-10
quantum/hydrogen,3,extrap,balanced,4800.0,235.93733721701727,1.2729165073741981e-05,1.6584397517005558e-10
quantum/hydrogen,3,extrap,balanced,4900.0,272.7150935637957,1.2716065580531909e-05,1.65471752072225e-10
quantum/hydrogen,3,extrap,balanced,5000.0,313.2373573628084,1.270481102226378e-05,1.651563106627634e-10
quantum/hydrogen,3,extrap,balanced,5100.0,356.310629577422,1.2694772309367374e-05,1.6487979463597895e-10
quantum/hydrogen,3,extrap,balanced,5200.0,400.4295534041317,1.2685706959051334e-05,1.6463430823753133e-10
quantum/hydrogen,3,extrap,balanced,5300.0,444.00323108016954,1.2677620835660353e-05,1.6441846146198285e-10
quantum/hydrogen,3,extrap,balanced,5400.0,485.84550151922633,1.2670645920324274e-05,1.6423431759005193e-10
quantum/hydrogen,3,extrap,balanced,5500.0,525.0700321225278,1.2664937427299766e-05,1.6408480765728056e-10
quantum/hydrogen,3,extrap,balanced,5600.0,561.1509328540078,1.2660602097153133e-05,1.639718933391549e-10
quantum/hydrogen,3,extrap,balanced,5700.0,593.7589055492072,1.26576496835171e-05,1.638952984038363e-10
quantum/hydrogen,3,extrap,balanced,5800.0,622.8675493337315,1.2655962682608724e-05,1.638516627438365e-10
quantum/hydrogen,3,extrap,balanced,5900.0,648.5911350739166,1.265527687011488e-05,1.6383399584862098e-10
quantum/hydrogen,3,extrap,balanced,5999.0,648.5911350739166,1.2655169691414796e-05,1.6383127347704521e-10
quantum/hydrogen,3,extrap,unbalanced,0.0,1.0,0.13624174308294973,0.02760802042768598
quantum/hydrogen,3,extrap,unbalanced,100.0,0.9999999999999999,0.000957346032646933,9.692633497330925e-07
quantum/hydrogen,3,extrap,unbalanced,200.0,1.0,0.0006384036865316762,3.918897400547432e-07
quantum/hydrogen,3,extrap,unbalanced,300.0,1.0000000000000002,0.00043796849115217883,1.8445666847020226e-07
quantum/hydrogen,3,extrap,unbalanced,400.0,1.0,0.0002806037487908144,7.561501167675643e-08
quantum/hydrogen,3,extrap,unbalanced,500.0,1.0,0.00017344012680653982,2.888206208416412e-08
quantum/hydrogen,3,extrap,unbalanced,600.0,1.0000000000000002,0.00011169480503904247,1.2036053167700336e-08
quantum/hydrogen,3,extrap,unbalanced,700.0,1.0,8.323692454010637e-05,6.761839460994563e-09
quantum/hydrogen,3,extrap,unbalanced,800.0,1.0000000000000002,7.241859566960946e-05,5.173003390357869e-09
quantum/hydrogen,3,extrap,unbalanced,900.0,0.9999999999999998,6.783373970786876e-05,4.5643688866806175e-09
quantum/hydrogen,3,extrap,unbalanced,1000.0,1.0,0.001194260460299751,2.0482008935763906e-06
quantum/hydrogen,3,extrap,unbalanced,1100.0,1.0,0.0002210753302324339,4.741490280708204e-08
quantum/hydrogen,3,extrap,unbalanced,1200.0,1.0,0.00011613357771227223,1.2901123052072524e-08
quantum/hydrogen,3,extrap,unbalanced,1300.0,0.9999999999999998,6.578568775232577e-05,4.166983820773614e-09
quantum/hydrogen,3,extrap,unbalanced,1400.0,0.9999999999999998,4.624167582381315e-05,2.091678628936477e-09
quantum/hydrogen,3,extrap,unbalanced,1500.0,1.0,3.988856776255684e-05,1.5760579779611525e-09
quantum/hydrogen,3,extrap,unbalanced,1600.0,1.0,3.73782592567552e-05,1.3917781540674933e-09
quantum/hydrogen,3,extrap,unbalanced,1700.0,0.9999999999999999,3.572758283672849e-05,1.274591500271953e-09
quantum/hydrogen,3,extrap,unbalanced,1800.0,1.0,3.426267243909745e-05,1.1735982913573897e-09
quantum/hydrogen,3,extrap,unbalanced,1900.0,0.9999999999999998,3.2857876833911536e-05,1.080155206282356e-09
quantum/hydrogen,3,extrap,unbalanced,2000.0,1.0,3.1495566884922084e-05,9.930572875215392e-10
quantum/hydrogen,3,extrap,unbalanced,2100.0,0.9999999999999999,3.0177189916976225e-05,9.121873239661168e-10
quantum/hydrogen,3,extrap,unbalanced,2200.0,1.0,2.8906971214092128e-05,8.374930922220303e-10
quantum/hydrogen,3,extrap,unbalanced,2300.0,0.9999999999999999,2.7689044399880486e-05,7.688559860718841e-10
quantum/hydrogen,3,extrap,unbalanced,2400.0,1.0,2.6526927681663702e-05,7.060895681296621e-10
quantum/hydrogen,3,extrap,unbalanced,2500.0,1.0000000000000002,2.542341706663073e-05,6.489526379060513e-10
quantum/hydrogen,3,extrap,unbalanced,2600.0,1.0,2.43805676765424e-05,5.971622355733114e-10
quantum/hydrogen,3,extrap,unbalanced,2700.0,1.0,2.3399703208967877e-05,5.504053721858673e-10
quantum/hydrogen,3,extrap,unbalanced,2800.0,0.9999999999999998,2.2481440580360373e-05,5.083495163903972e-10
quantum/hydrogen,3,extrap,unbalanced,2900.0,1.0,2.1625726261291124e-05,4.706518417835271e-10
quantum/hydrogen,3,extrap,unbalanced,3000.0,1.0000000000000002,2.0831883006370446e-05,4.3696720724459797e-10
quantum/hydrogen,3,extrap,unbalanced,3100.0,1.0,2.0098666064452426e-05,4.0695486019321116e-10
quantum/hydrogen,3,extrap,unbalanced,3200.0,1.0,1.942432774948649e-05,3.8028388932388585e-10
quantum/hydrogen,3,extrap,unbalanced,3300.0,0.9999999999999999,1.88066888595143e-05,3.5663748913848277e-10
quantum/hydrogen,3,extrap,unbalanced,3400.0,1.0000000000000002,1.824321499157984e-05,3.357161282154678e-10
quantum/hydrogen,3,extrap,unbalanced,3500.0,1.0,1.77310954236154e-05,3.172397341742589e-10
quantum/hydrogen,3,extrap,unbalanced,3600.0,1.0000000000000002,1.7267322003312414e-05,3.00949020906783e-10
quantum/hydrogen,3,extrap,unbalanced,3700.0,1.0,1.6848765430244725e-05,2.8660608849980814e-10
quantum/hydrogen,3,extrap,unbalanced,3800.0,1.0,1.647224648434191e-05,2.7399442489152696e-10
quantum/hydrogen,3,extrap,unbalanced,3900.0,1.0,1.6134600110191932e-05,2.629184317388668e-10
quantum/hydrogen,3,extrap,unbalanced,4000.0,1.0,1.5832730773877212e-05,2.532025867530518e-10
quantum/hydrogen,3,extrap,unbalanced,4100.0,1.0,1.556365810324956e-05,2.4469034204385454e-10
quantum/hydrogen,3,extrap,unbalanced,4200.0,1.0000000000000002,1.532455242167772e-05,2.372428440725604e-10
quantum/hydrogen,3,extrap,unbalanced,4300.0,1.0,1.5112760332509498e-05,2.3073754626032676e-10
quantum/hydrogen,3,extrap,unbalanced,4400.0,0.9999999999999999,1.4925820951023858e-05,2.2506677131662665e-10
quantum/hydrogen,3,extrap,unbalanced,4500.0,1.0000000000000002,1.4761473685806977e-05,2.2013626672889822e-10
quantum/hydrogen,3,extrap,unbalanced,4600.0,1.0000000000000002,1.4617658637313884e-05,2.1586378473289578e-10
quantum/hydrogen,3,extrap,unbalanced,4700.0,0.9999999999999999,1.4492510714424091e-05,2.12177706904049e-10
quantum/hydrogen,3,extrap,unbalanced,4800.0,0.9999999999999999,1.4384348496111934e-05,2.0901572353145353e-10
quantum/hydrogen,3,extrap,unbalanced,4900.0,1.0,1.4291658704904226e-05,2.0632356948840688e-10
quantum/hydrogen,3,extrap,unbalanced,5000.0,1.0,1.4213076943752238e-05,2.0405381027137593e-10
quantum/hydrogen,3,extrap,unbalanced,5100.0,0.9999999999999999,1.4147365102313769e-05,2.02164665571669e-10
quantum/hydrogen,3,extrap,unbalanced,5200.0,1.0,1.4093385586629002e-05,2.006188517352572e-10
quantum/hydrogen,3,extrap,unbalanced,5300.0,1.0,1.405007229090132e-05,1.9938241983416395e-10
quantum/hydrogen,3,extrap,unbalanced,5400.0,0.9999999999999999,1.401639804288377e-05,1.9842356305772265e-10
quantum/hydrogen,3,extrap,unbalanced,5500.0,0.9999999999999999,1.3991338147380687e-05,1.9771136615079418e-10
quantum/hydrogen,3,extrap,unbalanced,5600.0,1.0000000000000002,1.3973829677002719e-05,1.9721447271891901e-10
quantum/hydrogen,3,extrap,unbalanced,5700.0,1.0000000000000002,1.3962726386231026e-05,1.9689965489206764e-10
quantum/hydrogen,3,extrap,unbalanced,5800.0,0.9999999999999999,1.3956749640017736e-05,1.9673028777052173e-10
quantum/hydrogen,3,extrap,unbalanced,5900.0,0.9999999999999999,1.3954436666553753e-05,1.9666476125630868e-10
quantum/hydrogen,3,extrap,unbalanced,5999.0,1.0,1.3954088883919438e-05,1.9665490941155161e-10
quantum/hydrogen,7,interp,balanced,0.0,4.060966695136423,0.07382311503204424,0.1367172351794529
quantum/hydrogen,7,interp,balanced,100.0,8.203038483926177,0.0004679629733085948,6.792387559773715e-07
quantum/hydrogen,7,interp,balanced,200.0,14.349513892848526,0.00016527991778727782,2.738155907311142e-08
quantum/hydrogen,7,interp,balanced,300.0,24.300439609184544,0.00011523637479468245,1.3077906806063778e-08
quantum/hydrogen,7,interp,balanced,400.0,22.59233886227409,0.00044935774657983224,2.2238072499238768e-07
quantum/hydrogen,7,interp,balanced,500.0,21.966916803416137,8.499034919696152e-05,7.030830776100488e-09
quantum/hydrogen,7,interp,balanced,600.0,36.94391027059227,6.845170219437136e-05,4.5878819429566074e-09
quantum/hydrogen,7,interp,balanced,700.0,33.90940651244496,0.00011847614646058085,1.3211329563833375e-08
quantum/hydrogen,7,interp,balanced,800.0,33.58412255401419,5.7890596931344574e-05,3.2624106053879124e-09
quantum/hydrogen,7,interp,balanced,900.0,53.44679768629449,4.1269436003581804e-05,1.659850043389144e-09
quantum/hydrogen,7,interp,balanced,1000.0,48.74124417858582,5.829563085036748e-05,3.371643830442598e-09
quantum/hydrogen,7,interp,balanced,1100.0,130.0143945221543,1.4071980106785517e-05,1.9957183485403247e-10
quantum/hydrogen,7,interp,balanced,1200.0,117.76398234667137,4.007283036557437e-05,1.7379827905214605e-09
quantum/hydrogen,7,interp,balanced,1300.0,106.9255535914974,3.0419943590821603e-06,9.901633721493339e-12
quantum/hydrogen,7,interp,balanced,1400.0,122.86136807884974,2.3000590911286945e-06,5.8314613641350144e-12
quantum/hydrogen,7,interp,balanced,1500.0,134.22462144866722,1.9932646811062354e-06,4.612769648745515e-12
quantum/hydrogen,7,interp,balanced,1600.0,121.58370416189946,6.597888095339802e-05,5.031572336481473e-09
quantum/hydrogen,7,interp,balanced,1700.0,110.46072712841602,3.810359085262362e-06,1.613155532284642e-11
quantum/hydrogen,7,interp,balanced,1800.0,155.15803057702638,3.5066194575125945e-06,1.4021776172571542e-11
quantum/hydrogen,7,interp,balanced,1900.0,233.47368708017436,3.4327084920100717e-06,1.3484914016431188e-11
quantum/hydrogen,7,interp,balanced,2000.0,211.90823333270416,0.0005093578252715691,1.4890573743266341e-06
quantum/hydrogen,7,interp,balanced,2100.0,205.17226748197427,7.24370204784011e-05,5.192106613841399e-09
quantum/hydrogen,7,interp,balanced,2200.0,224.54985364360738,6.620948273443591e-05,4.330318612774828e-09
quantum/hydrogen,7,interp,balanced,2300.0,246.89858986095123,6.006722893672316e-05,3.5616360484260268e-09
quantum/hydrogen,7,interp,balanced,2400.0,268.55992083328744,5.399733333325786e-05,2.8756957774376605e-09
quantum/hydrogen,7,interp,balanced,2500.0,290.0163470746141,4.816549222157544e-05,2.285652309677256e-09
quantum/hydrogen,7,interp,balanced,2600.0,311.70317630974023,4.2714975763418624e-05,1.7953424160459935e-09
quantum/hydrogen,7,interp,balanced,2700.0,334.08312738050546,3.775649303453814e-05,1.4006388511142928e-09
quantum/hydrogen,7,interp,balanced,2800.0,357.5669522750536,3.3368537722501945e-05,1.0921733545113217e-09
quantum/hydrogen,7,interp,balanced,2900.0,382.6806226992931,2.9598300687499273e-05,8.577796243043714e-10
quantum/hydrogen,7,interp,balanced,3000.0,409.93110921783546,2.6460036235799836e-05,6.843155747895588e-10
quantum/hydrogen,7,interp,balanced,3100.0,370.02251966100283,0.00015806618564395518,2.4927848261291007e-08
quantum/hydrogen,7,interp,balanced,3200.0,344.3891019865504,2.185400283240073e-05,4.659341907529825e-10
quantum/hydrogen,7,interp,balanced,3300.0,389.2912642328391,2.033666140268045e-05,4.031279569663659e-10
quantum/hydrogen,7,interp,balanced,3400.0,434.0457516496365,1.9063556363584405e-05,3.5386650101146804e-10
quantum/hydrogen,7,interp,balanced,3500.0,479.588629621556,1.8026974053118413e-05,3.1620298231922335e-10
quantum/hydrogen,7,interp,balanced,3600.0,527.0044698131913,1.72213293960163e-05,2.8847470153308837e-10
quantum/hydrogen,7,interp,balanced,3700.0,576.9942431180351,1.6616431202260115e-05,2.685708239385072e-10
quantum/hydrogen,7,interp,balanced,3800.0,523.2285678954507,2.0323538154436936e-05,4.0405751461103925e-10
quantum/hydrogen,7,interp,balanced,3900.0,477.0665090059464,1.4537396101420108e-05,2.057092829901009e-10
quantum/hydrogen,7,interp,balanced,4000.0,509.63855657070815,1.4038337399911882e-05,1.9175648103661403e-10
quantum/hydrogen,7,interp,balanced,4100.0,547.5012732969955,1.367145786934788e-05,1.8181758821543806e-10
quantum/hydrogen,7,interp,balanced,4200.0,587.1697086278401,1.3392681297347812e-05,1.7446392995514416e-10
quantum/hydrogen,7,interp,balanced,4300.0,628.7446467965877,1.3182199605153046e-05,1.6903108055963146e-10
quantum/hydrogen,7,interp,balanced,4400.0,672.0874844309208,1.3023135217644458e-05,1.6499765645290084e-10
quantum/hydrogen,7,interp,balanced,4500.0,716.5347060932186,1.290185342170476e-05,1.6196670683154418e-10
quantum/hydrogen,7,interp,balanced,4600.0,760.8211045139167,1.2807944013946238e-05,1.596474268904472e-10
quantum/hydrogen,7,interp,balanced,4700.0,804.3395366171408,1.2733822070160098e-05,1.5783399608604304e-10
quantum/hydrogen,7,interp,balanced,4800.0,845.7104044701177,1.2674111909138666e-05,1.5638368916093617e-10
quantum/hydrogen,7,interp,balanced,4900.0,884.609362321494,1.2625189373574673e-05,1.5520172571390606e-10
quantum/hydrogen,7,interp,balanced,5000.0,920.8646740028453,1.2584654178169532e-05,1.5422610450387515e-10
quantum/hydrogen,7,interp,balanced,5100.0,954.3110228520992,1.2550958024234957e-05,1.534172138085327e-10
quantum/hydrogen,7,interp,balanced,5200.0,984.8246692949235,1.2523114826505418e-05,1.5275003123823547e-10
quantum/hydrogen,7,interp,balanced,5300.0,1012.4436147893182,1.2500478805745764e-05,1.5220829891933652e-10
quantum/hydrogen,7,interp,balanced,5400.0,1037.198764899414,1.2482581332474505e-05,1.517803433833484e-10
quantum/hydrogen,7,interp,balanced,5500.0,1059.3264460640687,1.246901905902248e-05,1.5145624739417674e-10
quantum/hydrogen,7,interp,balanced,5600.0,1079.054540935715,1.245937273227715e-05,1.512258292574011e-10
quantum/hydrogen,7,interp,balanced,5700.0,1096.6011829042836,1.2453151699857136e-05,1.5107727469449854e-10
quantum/hydrogen,7,interp,balanced,5800.0,1112.1750244599377,1.2449751291817894e-05,1.5099609419789327e-10
quantum/hydrogen,7,interp,balanced,5900.0,1125.9719644163224,1.2448417255441746e-05,1.5096425691777526e-10
quantum/hydrogen,7,interp,balanced,5999.0,1125.9719644163224,1.244821435906134e-05,1.509594259276462e-10
quantum/hydrogen,7,interp,unbalanced,0.0,1.0000000000000002,0.07382311503204424,0.1367172351794529
quantum/hydrogen,7,interp,unbalanced,100.0,1.0000000000000002,0.0008902286495935266,1.0696606232818613e-06
quantum/hydrogen,7,interp,unbalanced,200.0,1.0,0.00022937003593259656,5.0789537823819984e-08
quantum/hydrogen,7,interp,unbalanced,300.0,1.0,0.00019834341116749916,3.8369434871535463e-08
quantum/hydrogen,7,interp,unbalanced,400.0,1.0,0.00016765330144436969,2.7443144575180352e-08
quantum/hydrogen,7,interp,unbalanced,500.0,1.0000000000000002,0.0001383801502339077,1.872377016506861e-08
quantum/hydrogen,7,interp,unbalanced,600.0,1.0,0.00011181673290557122,1.2248933641750851e-08
quantum/hydrogen,7,interp,unbalanced,700.0,1.0,8.868321895577024e-05,7.724561714206588e-09
quantum/hydrogen,7,interp,unbalanced,800.0,1.0,6.928229311681232e-05,4.730232774255014e-09
quantum/hydrogen,7,interp,unbalanced,900.0,0.9999999999999999,5.3611635218344835e-05,2.8444701495393814e-09
quantum/hydrogen,7,interp,unbalanced,1000.0,1.0,4.145009374309581e-05,1.7090550802551183e-09
quantum/hydrogen,7,interp,unbalanced,1100.0,1.0000000000000002,3.2420086138445495e-05,1.0513017140336423e-09
quantum/hydrogen,7,interp,unbalanced,1200.0,1.0,2.6027833250066347e-05,6.809207872385321e-10
quantum/hydrogen,7,interp,unbalanced,1300.0,0.9999999999999998,2.1698046556404563e-05,4.746776897491217e-10
quantum/hydrogen,7,interp,unbalanced,1400.0,1.0,1.8834168479132314e-05,3.579349698528905e-10
quantum/hydrogen,7,interp,unbalanced,1500.0,1.0000000000000002,1.6906870683855665e-05,2.881815856926526e-10
quantum/hydrogen,7,interp,unbalanced,1600.0,1.0,0.005351191771008287,2.87560742759203e-05
quantum/hydrogen,7,interp,unbalanced,1700.0,1.0,2.3875641297005853e-05,5.655856965278264e-10
quantum/hydrogen,7,interp,unbalanced,1800.0,1.0000000000000002,2.0690525158492143e-05,4.2751352153687017e-10
quantum/hydrogen,7,interp,unbalanced,1900.0,1.0,1.969198149344473e-05,3.873513625651387e-10
quantum/hydrogen,7,interp,unbalanced,2000.0,1.0000000000000002,1.871974536374371e-05,3.501652975225884e-10
quantum/hydrogen,7,interp,unbalanced,2100.0,1.0000000000000002,1.7777741268328934e-05,3.159134597468357e-10
quantum/hydrogen,7,interp,unbalanced,2200.0,0.9999999999999998,1.6869307110828603e-05,2.8453677614485875e-10
quantum/hydrogen,7,interp,unbalanced,2300.0,0.9999999999999998,1.5997307594459526e-05,2.559443045114232e-10
quantum/hydrogen,7,interp,unbalanced,2400.0,1.0,1.516412306874381e-05,2.3001897103545555e-10
quantum/hydrogen,7,interp,unbalanced,2500.0,0.9999999999999999,1.4371647878838636e-05,2.0662328730816792e-10
quantum/hydrogen,7,interp,unbalanced,2600.0,1.0000000000000002,1.3621296770003925e-05,1.8560484900664532e-10
quantum/hydrogen,7,interp,unbalanced,2700.0,1.0000000000000002,1.2914018179302e-05,1.668014483198587e-10
quantum/hydrogen,7,interp,unbalanced,2800.0,1.0,1.2250313339955709e-05,1.5004567776717307e-10
quantum/hydrogen,7,interp,unbalanced,2900.0,1.0,1.163026027616477e-05,1.3516894764743587e-10
quantum/hydrogen,7,interp,unbalanced,3000.0,0.9999999999999998,1.1053541944461615e-05,1.2200487873588922e-10
quantum/hydrogen,7,interp,unbalanced,3100.0,1.0000000000000002,1.0519477944730034e-05,1.1039206578553599e-10
quantum/hydrogen,7,interp,unbalanced,3200.0,1.0000000000000002,1.0027059355092651e-05,1.0017623417071613e-10
quantum/hydrogen,7,interp,unbalanced,3300.0,1.0000000000000002,9.5749863162055e-06,9.121183231517454e-11
quantum/hydrogen,7,interp,unbalanced,3400.0,1.0,9.161707989667954e-06,8.336311662749939e-11
quantum/hydrogen,7,interp,unbalanced,3500.0,1.0000000000000002,8.785464438112795e-06,7.650479395906372e-11
quantum/hydrogen,7,interp,unbalanced,3600.0,0.9999999999999998,8.444329827062288e-06,7.052229026669149e-11
quantum/hydrogen,7,interp,unbalanced,3700.0,1.0000000000000002,8.13625616995456e-06,6.53117138002782e-11
quantum/hydrogen,7,interp,unbalanced,3800.0,1.0000000000000002,7.859116650940047e-06,6.077957779588422e-11
quantum/hydrogen,7,interp,unbalanced,3900.0,1.0,7.610747424391933e-06,5.684234224617626e-11
quantum/hydrogen,7,interp,unbalanced,4000.0,1.0000000000000002,7.388986734945202e-06,5.3425827338168105e-11
quantum/hydrogen,7,interp,unbalanced,4100.0,0.9999999999999999,7.191710254962979e-06,5.04645436613682e-11
quantum/hydrogen,7,interp,unbalanced,4200.0,0.9999999999999999,7.016861698272138e-06,4.790097654239019e-11
quantum/hydrogen,7,interp,unbalanced,4300.0,1.0,6.862478019102714e-06,4.568485425692691e-11
quantum/hydrogen,7,interp,unbalanced,4400.0,0.9999999999999999,6.726708806052599e-06,4.3772422972550494e-11
quantum/hydrogen,7,interp,unbalanced,4500.0,1.0000000000000002,6.607829787837385e-06,4.212574487688563e-11
quantum/hydrogen,7,interp,unbalanced,4600.0,0.9999999999999999,6.504250639000958e-06,4.071203044632103e-11
quantum/hydrogen,7,interp,unbalanced,4700.0,1.0,6.414517476997804e-06,3.9503011000820414e-11
quantum/hydrogen,7,interp,unbalanced,4800.0,0.9999999999999999,6.337310560572092e-06,3.847435368026102e-11
quantum/hydrogen,7,interp,unbalanced,4900.0,1.0,6.27143773042596e-06,3.7605117496039494e-11
quantum/hydrogen,7,interp,unbalanced,5000.0,0.9999999999999998,6.215824083497588e-06,3.6877246329794053e-11
quantum/hydrogen,7,interp,unbalanced,5100.0,1.0000000000000002,6.169498262705459e-06,3.627509226330519e-11
quantum/hydrogen,7,interp,unbalanced,5200.0,0.9999999999999998,6.1315755928425795e-06,3.57849607166053e-11
quantum/hydrogen,7,interp,unbalanced,5300.0,1.0,6.1012381300739055e-06,3.539466719086081e-11
quantum/hydrogen,7,interp,unbalanced,5400.0,1.0,6.077711543835479e-06,3.509309450941552e-11
quantum/hydrogen,7,interp,unbalanced,5500.0,1.0,6.060238655398451e-06,3.486973914922269e-11
quantum/hydrogen,7,interp,unbalanced,5600.0,0.9999999999999998,6.048049458415466e-06,3.4714236443681545e-11
quantum/hydrogen,7,interp,unbalanced,5700.0,1.0000000000000002,6.040327606481385e-06,3.4615857652923855e-11
quantum/hydrogen,7,interp,unbalanced,5800.0,0.9999999999999998,6.036173742071959e-06,3.4562978390466144e-11
quantum/hydrogen,7,interp,unbalanced,5900.0,0.9999999999999998,6.034566750998275e-06,3.454252899771572e-11
quantum/hydrogen,7,interp,unbalanced,5999.0,1.0,6.03432515177177e-06,3.4539454908402594e-11
quantum/hydrogen,7,extrap,balanced,0.0,2.5404914250998414,0.07365068500278371,0.0400508059362372
quantum/hydrogen,7,extrap,balanced,100.0,3.4319071831519623,0.0005914113077368474,3.8438006393435725e-07
quantum/hydrogen,7,extrap,balanced,200.0,5.537202103499262,0.00021357875292763552,4.497833160864637e-08
quantum/hydrogen,7,extrap,balanced,300.0,9.347006096385176,8.157856645733703e-05,6.651040759386136e-09
quantum/hydrogen,7,extrap,balanced,400.0,15.562178192268348,5.155078076372854e-05,2.594207888599792e-09
quantum/hydrogen,7,extrap,balanced,500.0,14.746614210785792,0.00021152192247747705,5.140942452152864e-08
quantum/hydrogen,7,extrap,balanced,600.0,20.201885277661315,5.347958310160682e-05,2.79691897338919e-09
quantum/hydrogen,7,extrap,balanced,700.0,36.253763113384096,4.561575330696562e-05,2.0232113231317515e-09
quantum/hydrogen,7,extrap,balanced,800.0,36.72303147356151,8.896367829623395e-05,4.005681674089689e-08
quantum/hydrogen,7,extrap,balanced,900.0,50.49973069761932,4.02461176339514e-05,1.5749080114184101e-09
quantum/hydrogen,7,extrap,balanced,1000.0,141.60933145660198,3.589216876952306e-05,1.2596230901400954e-09
quantum/hydrogen,7,extrap,balanced,1100.0,164.9483972219382,2.7129741144102745e-05,7.19135319259118e-10
quantum/hydrogen,7,extrap,balanced,1200.0,184.76265934005332,1.9043763411415945e-05,3.5316357966717553e-10
quantum/hydrogen,7,extrap,balanced,1300.0,201.7581837848669,1.2735658309038886e-05,1.5755020027430235e-10
quantum/hydrogen,7,extrap,balanced,1400.0,216.3399864338934,8.35959988602976e-06,6.815860626559338e-11
quantum/hydrogen,7,extrap,balanced,1500.0,195.48033702589072,0.00022546134800431394,5.5192184070254045e-08
quantum/hydrogen,7,extrap,balanced,1600.0,176.224368305646,1.665354992909975e-05,2.6342974631647624e-10
quantum/hydrogen,7,extrap,balanced,1700.0,250.3614140186686,1.0581367588092412e-05,1.0650964383222206e-10
quantum/hydrogen,7,extrap,balanced,1800.0,306.4394365506691,5.735509421047773e-06,3.0833329384116505e-11
quantum/hydrogen,7,extrap,balanced,1900.0,276.589923513147,8.725668981847748e-05,8.511257990076492e-09
quantum/hydrogen,7,extrap,balanced,2000.0,249.37368827504918,2.2453122480695087e-06,5.0336572678555585e-12
quantum/hydrogen,7,extrap,balanced,2100.0,255.6407896085176,1.5531601910584513e-06,2.8462791644834654e-12
quantum/hydrogen,7,extrap,balanced,2200.0,271.3439600935334,1.215363283416051e-06,2.1031853157505643e-12
quantum/hydrogen,7,extrap,balanced,2300.0,288.3036148504859,1.0476489663964338e-06,1.821372582960168e-12
quantum/hydrogen,7,extrap,balanced,2400.0,309.7263997610413,9.63774324385394e-07,1.6940551661710863e-12
quantum/hydrogen,7,extrap,balanced,2500.0,344.81969425966764,9.180962636235662e-07,1.6184232823783333e-12
quantum/hydrogen,7,extrap,balanced,2600.0,399.0654521656536,8.904168703347652e-07,1.5630481886121187e-12
quantum/hydrogen,7,extrap,balanced,2700.0,476.8416950574109,8.725117137557108e-07,1.519161236387525e-12
quantum/hydrogen,7,extrap,balanced,2800.0,594.4929353401155,8.604844975477007e-07,1.4841477149071178e-12
quantum/hydrogen,7,extrap,balanced,2900.0,536.1978400508146,2.863770290013341e-05,1.279024780409555e-09
quantum/hydrogen,7,extrap,balanced,3000.0,483.6923671321719,4.567464101067473e-06,2.1896705406399012e-11
quantum/hydrogen,7,extrap,balanced,3100.0,446.8128401126666,3.5952862107096834e-06,1.4202456535108033e-11
quantum/hydrogen,7,extrap,balanced,3200.0,429.33327591293227,3.020606573568083e-06,1.0461926938890796e-11
quantum/hydrogen,7,extrap,balanced,3300.0,419.94738646542555,2.6120268193107604e-06,8.140433756704626e-12
quantum/hydrogen,7,extrap,balanced,3400.0,414.3158131493684,2.302124725565406e-06,6.569766289336354e-12
quantum/hydrogen,7,extrap,balanced,3500.0,410.14078259031015,2.0625774082328643e-06,5.469672507714471e-12
quantum/hydrogen,7,extrap,balanced,3600.0,406.0214148501866,1.8772825478690023e-06,4.686909100098615e-12
quantum/hydrogen,7,extrap,balanced,3700.0,401.04839995657255,1.734886559496648e-06,4.1250119146477085e-12
quantum/hydrogen,7,extrap,balanced,3800.0,394.5866094712625,1.6263965443973918e-06,3.719017344585088e-12
quantum/hydrogen,7,extrap,balanced,3900.0,389.44246157803786,1.544398913804853e-06,3.4238528178111347e-12
quantum/hydrogen,7,extrap,balanced,4000.0,391.0604631351544,1.4823729479121804e-06,3.2064112444850715e-12
quantum/hydrogen,7,extrap,balanced,4100.0,399.96904285447715,1.4347499957215397e-06,3.042185550812969e-12
quantum/hydrogen,7,extrap,balanced,4200.0,417.0121124961084,1.397603083825193e-06,2.915152235401217e-12
quantum/hydrogen,7,extrap,balanced,4300.0,443.4675926676619,1.3681951225938764e-06,2.814766301502283e-12
quantum/hydrogen,7,extrap,balanced,4400.0,481.1251186092751,1.3445982255337398e-06,2.7339269876823292e-12
quantum/hydrogen,7,extrap,balanced,4500.0,532.6140678946687,1.3254400362086037e-06,2.6677570526459212e-12
quantum/hydrogen,7,extrap,balanced,4600.0,601.992312772191,1.3097269512329332e-06,2.612830411399643e-12
quantum/hydrogen,7,extrap,balanced,4700.0,671.4622825452124,1.296720673099008e-06,2.5666705100769423e-12
quantum/hydrogen,7,extrap,balanced,4800.0,738.1671252702208,1.2861675347338548e-06,2.5285227832721387e-12
quantum/hydrogen,7,extrap,balanced,4900.0,802.3026815778562,1.277755618567962e-06,2.4975472493674666e-12
quantum/hydrogen,7,extrap,balanced,5000.0,863.8766609599552,1.2711152084310223e-06,2.4726877738254726e-12
quantum/hydrogen,7,extrap,balanced,5100.0,922.292393202165,1.2658999391145552e-06,2.452907274495277e-12
quantum/hydrogen,7,extrap,balanced,5200.0,976.4891219500199,1.2618251750158737e-06,2.4373156067729963e-12
quantum/hydrogen,7,extrap,balanced,5300.0,1026.5191478242418,1.2586727980671457e-06,2.42519603508502e-12
quantum/hydrogen,7,extrap,balanced,5400.0,1072.6263909642832,1.2562775128042473e-06,2.415974762689466e-12
quantum/hydrogen,7,extrap,balanced,5500.0,1115.0716501897991,1.254513631698726e-06,2.4091919196987223e-12
quantum/hydrogen,7,extrap,balanced,5600.0,1154.0754386354388,1.2532812205955503e-06,2.404465372338177e-12
quantum/hydrogen,7,extrap,balanced,5700.0,1189.8652195638338,1.2524929619789652e-06,2.4014543411044824e-12
quantum/hydrogen,7,extrap,balanced,5800.0,1222.6359065235933,1.2520622430974691e-06,2.39981953127442e-12
quantum/hydrogen,7,extrap,balanced,5900.0,1252.5870822698096,1.251892319273579e-06,2.3991855418344666e-12
quantum/hydrogen,7,extrap,balanced,5999.0,1252.5870822698096,1.2518662510797828e-06,2.399095014143463e-12
quantum/hydrogen,7,extrap,unbalanced,0.0,0.9999999999999997,0.07365068500278371,0.0400508059362372
quantum/hydrogen,7,extrap,unbalanced,100.0,1.0000000000000007,0.0003346260964132612,1.119266640450861e-06
quantum/hydrogen,7,extrap,unbalanced,200.0,0.9999999999999999,0.00023216655153242036,5.19592975590351e-08
quantum/hydrogen,7,extrap,unbalanced,300.0,1.0,0.0002131410803386141,4.388406567884043e-08
quantum/hydrogen,7,extrap,unbalanced,400.0,0.9999999999999998,0.00019279322931885375,3.5912902196329764e-08
quantum/hydrogen,7,extrap,unbalanced,500.0,1.0,0.00017190313858052105,2.8578816526759568e-08
quantum/hydrogen,7,extrap,unbalanced,600.0,0.9999999999999999,0.0001513222533593871,2.2171576808031685e-08
quantum/hydrogen,7,extrap,unbalanced,700.0,1.0,0.00013165673080228838,1.6807220336882414e-08
quantum/hydrogen,7,extrap,unbalanced,800.0,1.0,0.00011333842088429724,1.2477001416216602e-08
quantum/hydrogen,7,extrap,unbalanced,900.0,1.0,9.66607858328941e-05,9.09407393256677e-09
quantum/hydrogen,7,extrap,unbalanced,1000.0,1.0,8.180317534352208e-05,6.529596313032649e-09
quantum/hydrogen,7,extrap,unbalanced,1100.0,1.0,6.884900768104442e-05,4.639192517054437e-09
quantum/hydrogen,7,extrap,unbalanced,1200.0,0.9999999999999999,5.7800228400834116e-05,3.2811917434814326e-09
quantum/hydrogen,7,extrap,unbalanced,1300.0,1.0,4.858927468148817e-05,2.327999273022737e-09
quantum/hydrogen,7,extrap,unbalanced,1400.0,0.9999999999999999,4.1089266164876834e-05,1.6719412467714346e-09
quantum/hydrogen,7,extrap,unbalanced,1500.0,1.0,3.5123570273277794e-05,1.226949213776836e-09
quantum/hydrogen,7,extrap,unbalanced,1600.0,1.0,3.047707686583464e-05,9.274199611084811e-10
quantum/hydrogen,7,extrap,unbalanced,1700.0,0.9999999999999999,2.6911995756413435e-05,7.254498241724723e-10
quantum/hydrogen,7,extrap,unbalanced,1800.0,1.0,2.4188731804375967e-05,5.874065963940738e-10
quantum/hydrogen,7,extrap,unbalanced,1900.0,1.0,2.208785554562241e-05,4.90515170092452e-10
quantum/hydrogen,7,extrap,unbalanced,2000.0,0.9999999999999999,2.0426551859489344e-05,4.198543508451341e-10
quantum/hydrogen,7,extrap,unbalanced,2100.0,1.0,1.9065284763989947e-05,3.659357989722685e-10
quantum/hydrogen,7,extrap,unbalanced,2200.0,0.9999999999999999,1.790538331972469e-05,3.228804972816605e-10
quantum/hydrogen,7,extrap,unbalanced,2300.0,1.0,1.6881416582159773e-05,2.871204623016296e-10
quantum/hydrogen,7,extrap,unbalanced,2400.0,1.0000000000000002,0.00033381963446394553,1.1216078151168271e-07
quantum/hydrogen,7,extrap,unbalanced,2500.0,1.0,1.9222375370924912e-05,3.7520734664941877e-10
quantum/hydrogen,7,extrap,unbalanced,2600.0,1.0000000000000002,1.3311080899417831e-05,1.7733375767416612e-10
quantum/hydrogen,7,extrap,unbalanced,2700.0,1.0,1.2235619689563978e-05,1.50580899487198e-10
quantum/hydrogen,7,extrap,unbalanced,2800.0,0.9999999999999998,1.1369928302578066e-05,1.3058458290822934e-10
quantum/hydrogen,7,extrap,unbalanced,2900.0,1.0,1.065087330025988e-05,1.149894184646901e-10
quantum/hydrogen,7,extrap,unbalanced,3000.0,0.9999999999999999,1.0035571826346387e-05,1.0237624380740484e-10
quantum/hydrogen,7,extrap,unbalanced,3100.0,1.0000000000000002,9.495791617661577e-06,9.187276114482414e-11
quantum/hydrogen,7,extrap,unbalanced,3200.0,1.0000000000000002,9.013329141137466e-06,8.293575600368379e-11
quantum/hydrogen,7,extrap,unbalanced,3300.0,1.0000000000000002,8.576560210870601e-06,7.521842403479526e-11
quantum/hydrogen,7,extrap,unbalanced,3400.0,0.9999999999999998,8.178036400716217e-06,6.849077439821264e-11
quantum/hydrogen,7,extrap,unbalanced,3500.0,1.0,7.81288902754414e-06,6.25925287041681e-11
quantum/hydrogen,7,extrap,unbalanced,3600.0,1.0,7.4778062301454954e-06,5.74055794069714e-11
quantum/hydrogen,7,extrap,unbalanced,3700.0,1.0,7.170395382979113e-06,5.283803614868066e-11
quantum/hydrogen,7,extrap,unbalanced,3800.0,1.0000000000000002,6.88879529691186e-06,4.881503613985304e-11
quantum/hydrogen,7,extrap,unbalanced,3900.0,0.9999999999999999,6.631446170803736e-06,4.5273447708710896e-11
quantum/hydrogen,7,extrap,unbalanced,4000.0,1.0000000000000002,6.396957197618435e-06,4.2158784896237885e-11
quantum/hydrogen,7,extrap,unbalanced,4100.0,1.0000000000000002,6.184033594311153e-06,3.9423361893617904e-11
quantum/hydrogen,7,extrap,unbalanced,4200.0,1.0000000000000002,5.991439146639287e-06,3.7025134557617045e-11
quantum/hydrogen,7,extrap,unbalanced,4300.0,1.0,5.8179794714950855e-06,3.492691903267952e-11
quantum/hydrogen,7,extrap,unbalanced,4400.0,1.0000000000000002,5.662496875101326e-06,3.3095816289422964e-11
quantum/hydrogen,7,extrap,unbalanced,4500.0,1.0000000000000002,5.523871173773929e-06,3.150274947768308e-11
quantum/hydrogen,7,extrap,unbalanced,4600.0,0.9999999999999998,5.401022969670325e-06,3.012206425219413e-11
quantum/hydrogen,7,extrap,unbalanced,4700.0,1.0,5.292917158658452e-06,2.893116545995721e-11
quantum/hydrogen,7,extrap,unbalanced,4800.0,1.0,5.198565224809047e-06,2.7910175710850837e-11
quantum/hydrogen,7,extrap,unbalanced,4900.0,1.0,5.117025341348774e-06,2.7041607065398255e-11
quantum/hydrogen,7,extrap,unbalanced,5000.0,1.0000000000000002,5.047399571614517e-06,2.631003949760906e-11
quantum/hydrogen,7,extrap,unbalanced,5100.0,1.0000000000000002,4.988827617065702e-06,2.5701800203620238e-11
quantum/hydrogen,7,extrap,unbalanced,5200.0,0.9999999999999999,4.9404766420577864e-06,2.5204637447993868e-11
quantum/hydrogen,7,extrap,unbalanced,5300.0,1.0,4.90152675086182e-06,2.480738182560985e-11
quantum/hydrogen,7,extrap,unbalanced,5400.0,1.0,4.871151733227265e-06,2.4499587139994593e-11
quantum/hydrogen,7,extrap,unbalanced,5500.0,1.0000000000000002,4.848494769725974e-06,2.42711431007188e-11
quantum/hydrogen,7,extrap,unbalanced,5600.0,0.9999999999999999,4.8326389382305316e-06,2.411185310042057e-11
quantum/hydrogen,7,extrap,unbalanced,5700.0,1.0,4.82257264702647e-06,2.4010973345939917e-11
quantum/hydrogen,7,extrap,unbalanced,5800.0,1.0,4.8171505996017325e-06,2.3956715697654288e-11
quantum/hydrogen,7,extrap,unbalanced,5900.0,1.0,4.81505165140042e-06,2.393572670988585e-11
quantum/hydrogen,7,extrap,unbalanced,5999.0,1.0000000000000002,4.814736023218141e-06,2.393257116840008e-11
quantum/hydrogen,19,interp,balanced,0.0,118.32221632430706,0.057173664503881415,37.13599165376668
quantum/hydrogen,19,interp,balanced,100.0,165.621714671719,0.00032275610552181595,0.0002773519420646215
quantum/hydrogen,19,interp,balanced,200.0,344.16581110215316,0.0001903847031142003,6.746619696131064e-08
quantum/hydrogen,19,interp,balanced,300.0,310.4994199416087,0.00023765704217854639,5.995273235140235e-08
quantum/hydrogen,19,interp,balanced,400.0,283.66171700465867,0.0001186023654043271,1.349141263561787e-08
quantum/hydrogen,19,interp,balanced,500.0,256.9435242723103,0.00010055088597999841,9.660890111229697e-09
quantum/hydrogen,19,interp,balanced,600.0,233.57714774017808,8.986979678260614e-05,7.711395883021715e-09
quantum/hydrogen,19,interp,balanced,700.0,213.28363693466974,8.258316029348025e-05,6.512820676848562e-09
quantum/hydrogen,19,interp,balanced,800.0,195.78235338685215,7.683871144368233e-05,5.638637240716682e-09
quantum/hydrogen,19,interp,balanced,900.0,180.7572392892221,7.1886452886472e-05,4.933540260441322e-09
quantum/hydrogen,19,interp,balanced,1000.0,167.8934244024749,6.743041150438044e-05,4.3377494012775946e-09
quantum/hydrogen,19,interp,balanced,1100.0,156.91669954511536,6.334457781106921e-05,3.8242550169977686e-09
quantum/hydrogen,19,interp,balanced,1200.0,147.59154154994295,5.9564680779023216e-05,3.3776592690268393e-09
quantum/hydrogen,19,interp,balanced,1300.0,139.721483723569,5.6049589395075644e-05,2.9872274902040717e-09
quantum/hydrogen,19,interp,balanced,1400.0,133.14480717333453,5.2767857642382275e-05,2.6445681902496006e-09
quantum/hydrogen,19,interp,balanced,1500.0,127.7289659949048,4.969304695622938e-05,2.3427934974420563e-09
quantum/hydrogen,19,interp,balanced,1600.0,123.36544332816707,4.680206967154995e-05,2.076153547609044e-09
quantum/hydrogen,19,interp,balanced,1700.0,119.96406971180106,4.40745630386737e-05,1.8398281288139673e-09
quantum/hydrogen,19,interp,balanced,1800.0,117.45196539185767,4.1492639671471996e-05,1.6297792994759103e-09
quantum/hydrogen,19,interp,balanced,1900.0,115.77262485929643,3.904071132081208e-05,1.4426281623425363e-09
quantum/hydrogen,19,interp,balanced,2000.0,114.88304614324892,3.670532266638815e-05,1.2755483062863726e-09
quantum/hydrogen,19,interp,balanced,2100.0,114.75305241543265,3.447502422601482e-05,1.1261762999632165e-09
quantum/hydrogen,19,interp,balanced,2200.0,115.36349936582914,3.2340248896946306e-05,9.925344481385072e-10
quantum/hydrogen,19,interp,balanced,2300.0,116.70453057453457,3.0293213389673183e-05,8.729654353715664e-10
quantum/hydrogen,19,interp,balanced,2400.0,118.783930031572,2.8327844668143746e-05,7.660769005529919e-10
quantum/hydrogen,19,interp,balanced,2500.0,121.62363481915688,2.6439585392432247e-05,6.706873611536187e-10
quantum/hydrogen,19,interp,balanced,2600.0,125.25957438904845,2.46252740221641e-05,5.857843095483659e-10
quantum/hydrogen,19,interp,balanced,2700.0,129.74103411748305,2.288305918140056e-05,5.104895759315882e-10
quantum/hydrogen,19,interp,balanced,2800.0,135.1364452530186,2.1212344625943877e-05,4.4403059196115187e-10
quantum/hydrogen,19,interp,balanced,2900.0,141.54304759094012,1.9613688408174093e-05,3.8571522816175207e-10
quantum/hydrogen,19,interp,balanced,3000.0,149.09295537290535,1.8088641730692945e-05,3.3490829040424484e-10
quantum/hydrogen,19,interp,balanced,3100.0,157.94681306498566,1.663960607690079e-05,2.9101233942559745e-10
quantum/hydrogen,19,interp,balanced,3200.0,168.31983874962683,1.526982280002636e-05,2.5346065570131804e-10
quantum/hydrogen,19,interp,balanced,3300.0,180.481299303645,1.3983214276320106e-05,2.2170478511197232e-10
quantum/hydrogen,19,interp,balanced,3400.0,194.77797778371848,1.278431220985555e-05,1.9521024121603134e-10
quantum/hydrogen,19,interp,balanced,3500.0,211.6716362425825,1.1678096346436076e-05,1.7345423787309037e-10
quantum/hydrogen,19,interp,balanced,3600.0,231.75950143294278,1.0669699700992342e-05,1.5592172871622866e-10
quantum/hydrogen,19,interp,balanced,3700.0,255.8305442375383,9.764087795892952e-06,1.4210873549228875e-10
quantum/hydrogen,19,interp,balanced,3800.0,284.9786668467835,8.965537461006308e-06,1.3152591675817054e-10
quantum/hydrogen,19,interp,balanced,3900.0,320.6942402568186,8.276836315221882e-06,1.236985208811834e-10
quantum/hydrogen,19,interp,balanced,4000.0,365.11432645790666,7.69846006435417e-06,1.1817328014885285e-10
quantum/hydrogen,19,interp,balanced,4100.0,421.31523184410173,7.227665817461493e-06,1.1452357949434984e-10
quantum/hydrogen,19,interp,balanced,4200.0,494.0041140804982,6.857945689179772e-06,1.1235271862887529e-10
quantum/hydrogen,19,interp,balanced,4300.0,590.5640303714326,6.578947389877857e-06,1.1129914225704295e-10
quantum/hydrogen,19,interp,balanced,4400.0,723.495499506472,6.377192773224499e-06,1.1103999992097359e-10
quantum/hydrogen,19,interp,balanced,4500.0,914.4493950802041,6.237305178200552e-06,1.1129308377491747e-10
quantum/hydrogen,19,interp,balanced,4600.0,823.7547810029632,4.788610494274207e-05,2.2429347047969065e-09
quantum/hydrogen,19,interp,balanced,4700.0,744.6556735731731,3.5356022588935786e-05,1.1810016080888663e-09
quantum/hydrogen,19,interp,balanced,4800.0,684.9357094142573,2.9024108122520166e-05,8.023022097902975e-10
quantum/hydrogen,19,interp,balanced,4900.0,634.2498755030576,2.4741406236301406e-05,5.904654960207569e-10
quantum/hydrogen,19,interp,balanced,5000.0,591.1741996946987,2.176687426471469e-05,4.649114656523864e-10
quantum/hydrogen,19,interp,balanced,5100.0,554.7140240066655,1.966596017338891e-05,3.8693709586111797e-10
quantum/hydrogen,19,interp,balanced,5200.0,523.9238345461075,1.8168607158281726e-05,3.3678726830671426e-10
quantum/hydrogen,19,interp,balanced,5300.0,497.8993736598249,1.7101194530597906e-05,3.0379894092877965e-10
quantum/hydrogen,19,interp,balanced,5400.0,475.8286959607127,1.6348492967201927e-05,2.819209038266317e-10
quantum/hydrogen,19,interp,balanced,5500.0,456.97830954413354,1.583124295969334e-05,2.6755012610372525e-10
quantum/hydrogen,19,interp,balanced,5600.0,440.72290114653003,1.5492422036075416e-05,2.584283296349961e-10
quantum/hydrogen,19,interp,balanced,5700.0,426.53208001587274,1.5288412365949974e-05,2.5304528972470083e-10
quantum/hydrogen,19,interp,balanced,5800.0,413.9923902287162,1.5183085545575071e-05,2.502953555069167e-10
quantum/hydrogen,19,interp,balanced,5900.0,402.7873720855885,1.5143679786874036e-05,2.4926754008939756e-10
quantum/hydrogen,19,interp,balanced,5999.0,402.7873720855885,1.5137911900565034e-05,2.4911239226499596e-10
quantum/hydrogen,19,interp,unbalanced,0.0,1.000000000000875,0.057173664503881415,37.13599165376668
quantum/hydrogen,19,interp,unbalanced,100.0,1.0,0.013773637128969653,0.000123161335417687
quantum/hydrogen,19,interp,unbalanced,200.0,1.0,0.0035845795229497443,1.2680539117594499e-05
quantum/hydrogen,19,interp,unbalanced,300.0,0.9999999999999998,0.0022477085728755323,5.04928196936686e-06
quantum/hydrogen,19,interp,unbalanced,400.0,1.0000000000000002,0.0018554619317858842,3.440537734094185e-06
quantum/hydrogen,19,interp,unbalanced,500.0,1.0000000000000002,0.0016800237634881296,2.8170489768182475e-06
quantum/hydrogen,19,interp,unbalanced,600.0,1.0,0.0015811480381392295,2.4933722086772004e-06
quantum/hydrogen,19,interp,unbalanced,700.0,1.0,0.001505841283732515,2.260527509058603e-06
quantum/hydrogen,19,interp,unbalanced,800.0,0.9999999999999998,0.0014350614641805424,2.0524094227144326e-06
quantum/hydrogen,19,interp,unbalanced,900.0,1.0,0.0013639602665628167,1.8536343767194544e-06
quantum/hydrogen,19,interp,unbalanced,1000.0,0.9999999999999999,0.001292011475802818,1.6628677390502885e-06
quantum/hydrogen,19,interp,unbalanced,1100.0,1.0000000000000002,0.0012196792313156311,1.4815519045638387e-06
quantum/hydrogen,19,interp,unbalanced,1200.0,0.9999999999999999,0.0011475671985864177,1.311212602266498e-06
quantum/hydrogen,19,interp,unbalanced,1300.0,1.0,0.0010762469118180947,1.1529727796032086e-06
quantum/hydrogen,19,interp,unbalanced,1400.0,1.0,0.001006231699570594,1.0075209530134902e-06
quantum/hydrogen,19,interp,unbalanced,1500.0,1.0,0.0009379752347332097,8.751568677782792e-07
quantum/hydrogen,19,interp,unbalanced,1600.0,0.9999999999999999,0.0008718730529361367,7.558480737644024e-07
quantum/hydrogen,19,interp,unbalanced,1700.0,1.0,0.0008082641562070133,6.492868920462698e-07
quantum/hydrogen,19,interp,unbalanced,1800.0,0.9999999999999998,0.0007474325877606124,5.549454974103588e-07
quantum/hydrogen,19,interp,unbalanced,1900.0,1.0,0.0006896091266287882,4.7212794600635825e-07
quantum/hydrogen,19,interp,unbalanced,2000.0,0.9999999999999999,0.0006349732241134377,4.0001822121791173e-07
quantum/hydrogen,19,interp,unbalanced,2100.0,1.0,0.0005836552620135117,3.377235443019143e-07
quantum/hydrogen,19,interp,unbalanced,2200.0,1.0,0.0005357391720514331,2.843123817783738e-07
quantum/hydrogen,19,interp,unbalanced,2300.0,1.0,0.0004912654145420508,2.3884678518802023e-07
quantum/hydrogen,19,interp,unbalanced,2400.0,1.0000000000000002,0.00045023427380081995,2.0040891569231363e-07
quantum/hydrogen,19,interp,unbalanced,2500.0,1.0,0.00041260939286130315,1.6812182486255268e-07
quantum/hydrogen,19,interp,unbalanced,2600.0,1.0000000000000002,0.00037832144673385367,1.4116476912777486e-07
quantum/hydrogen,19,interp,unbalanced,2700.0,1.0,0.0003472718473224648,1.1878351390930537e-07
quantum/hydrogen,19,interp,unbalanced,2800.0,1.0,0.0003193363881243132,1.0029622135249027e-07
quantum/hydrogen,19,interp,unbalanced,2900.0,1.0,0.00029436877341934456,8.509560549855692e-08
quantum/hydrogen,19,interp,unbalanced,3000.0,0.9999999999999998,0.00027220402991400575,7.264807808219962e-08
quantum/hydrogen,19,interp,unbalanced,3100.0,0.9999999999999998,0.00025266185700886936,6.249060051351909e-08
quantum/hydrogen,19,interp,unbalanced,3200.0,0.9999999999999999,0.00023555001693106162,5.4225910779406224e-08
quantum/hydrogen,19,interp,unbalanced,3300.0,1.0,0.0002206678774254676,4.751671818414969e-08
quantum/hydrogen,19,interp,unbalanced,3400.0,0.9999999999999999,0.0002078101826187443,4.207936546148547e-08
quantum/hydrogen,19,interp,unbalanced,3500.0,1.0000000000000002,0.0001967710422483979,3.7677357474947e-08
quantum/hydrogen,19,interp,unbalanced,3600.0,1.0,0.0001873480164735225,3.411505718039283e-08
quantum/hydrogen,19,interp,unbalanced,3700.0,1.0,0.00017934607001482566,3.123175948249467e-08
quantum/hydrogen,19,interp,unbalanced,3800.0,1.0000000000000002,0.00017258111405810199,2.889627601406707e-08
quantum/hydrogen,19,interp,unbalanced,3900.0,1.0,0.00016688286936182838,2.700210074862159e-08
quantum/hydrogen,19,interp,unbalanced,4000.0,0.9999999999999999,0.00016209686463333067,2.546317776957045e-08
quantum/hydrogen,19,interp,unbalanced,4100.0,1.0,0.0001580855025409664,2.4210257422363164e-08
quantum/hydrogen,19,interp,unbalanced,4200.0,1.0,0.00015472824504088746,2.3187803652100562e-08
quantum/hydrogen,19,interp,unbalanced,4300.0,1.0,0.0001519210603926339,2.235140133164267e-08
quantum/hydrogen,19,interp,unbalanced,4400.0,0.9999999999999999,0.00014957532250592538,2.1665605711639264e-08
quantum/hydrogen,19,interp,unbalanced,4500.0,0.9999999999999999,0.00014761636078089799,2.110217471651998e-08
quantum/hydrogen,19,interp,unbalanced,4600.0,0.9999999999999999,0.00014598183658905332,2.0638626956199348e-08
quantum/hydrogen,19,interp,unbalanced,4700.0,1.0,0.00014462008481315195,2.025707267104645e-08
quantum/hydrogen,19,interp,unbalanced,4800.0,1.0,0.00014348851712007348,1.9943270300165622e-08
quantum/hydrogen,19,interp,unbalanced,4900.0,1.0,0.0001425521454850031,1.9685867212088248e-08
quantum/hydrogen,19,interp,unbalanced,5000.0,1.0,0.00014178225359269295,1.9475788858368366e-08
quantum/hydrogen,19,interp,unbalanced,5100.0,1.0,0.00014115522091602474,1.9305745877400824e-08
quantum/hydrogen,19,interp,unbalanced,5200.0,1.0000000000000002,0.00014065148870008587,1.9169833302001622e-08
quantum/hydrogen,19,interp,unbalanced,5300.0,1.0,0.00014025464732019078,1.9063200000573723e-08
quantum/hydrogen,19,interp,unbalanced,5400.0,1.0,0.00013995061910684897,1.89817698310272e-08
quantum/hydrogen,19,interp,unbalanced,5500.0,1.0000000000000002,0.00013972690872934797,1.892199883215476e-08
quantum/hydrogen,19,interp,unbalanced,5600.0,1.0000000000000002,0.00013957189420665364,1.888065546251981e-08
quantum/hydrogen,19,interp,unbalanced,5700.0,0.9999999999999998,0.00013947413592821776,1.885461371317939e-08
quantum/hydrogen,19,interp,unbalanced,5800.0,1.0,0.0001394216898898228,1.8840652557050524e-08
quantum/hydrogen,19,interp,unbalanced,5900.0,1.0000000000000002,0.0001394014266165202,1.8835260319239624e-08
quantum/hydrogen,19,interp,unbalanced,5999.0,1.0000000000000002,0.00013939838138051655,1.883445004340336e-08
quantum/hydrogen,19,extrap,balanced,0.0,5.185225362744498,0.05804501565734193,0.05508922538225882
quantum/hydrogen,19,extrap,balanced,100.0,7.461381750522886,0.0003028502018815122,4.048369884083107e-07
quantum/hydrogen,19,extrap,balanced,200.0,13.258937960113562,0.0001600762913878102,2.538598002115772e-08
quantum/hydrogen,19,extrap,balanced,300.0,12.601144171284345,0.0001997888175423141,3.7745548140017465e-08
quantum/hydrogen,19,extrap,balanced,400.0,23.988028629609357,0.00011696185151482227,1.3525883590181665e-08
quantum/hydrogen,19,extrap,balanced,500.0,51.17608559673191,8.781898572576722e-05,7.657100407677762e-09
quantum/hydrogen,19,extrap,balanced,600.0,112.50798363508747,6.202515846804304e-05,3.844829461631034e-09
quantum/hydrogen,19,extrap,balanced,700.0,102.47107690887988,0.00022304556364331128,9.490464884108273e-08
quantum/hydrogen,19,extrap,balanced,800.0,104.71167066508043,6.025569838385222e-05,3.6011778410428213e-09
quantum/hydrogen,19,extrap,balanced,900.0,147.02618211072837,4.869137266688496e-05,2.35611256583304e-09
quantum/hydrogen,19,extrap,balanced,1000.0,196.8993869102385,3.667786036627906e-05,1.3427374955581922e-09
quantum/hydrogen,19,extrap,balanced,1100.0,177.87997719388142,2.6104869388889807e-05,6.667528786426275e-10
quantum/hydrogen,19,extrap,balanced,1200.0,244.70100944664478,2.0060341604859574e-05,4.077686458299375e-10
quantum/hydrogen,19,extrap,balanced,1300.0,223.71307312016972,4.889080546785386e-05,1.990293404515811e-08
quantum/hydrogen,19,extrap,balanced,1400.0,246.21387288779874,1.643723956156055e-05,2.656872469308334e-10
quantum/hydrogen,19,extrap,balanced,1500.0,254.91588700398347,1.0866289876046061e-05,1.164826478216742e-10
quantum/hydrogen,19,extrap,balanced,1600.0,276.78151435132963,9.329676304753268e-06,8.677298521107022e-11
quantum/hydrogen,19,extrap,balanced,1700.0,280.83195812906007,8.354334237602025e-06,6.999940621057039e-11
quantum/hydrogen,19,extrap,balanced,1800.0,278.47109277621047,7.485411639633104e-06,5.644576854548493e-11
quantum/hydrogen,19,extrap,balanced,1900.0,273.5442532616391,6.69654815819338e-06,4.538593245625989e-11
quantum/hydrogen,19,extrap,balanced,2000.0,267.08283381580605,5.988134446527279e-06,3.6492827210681485e-11
quantum/hydrogen,19,extrap,balanced,2100.0,259.49146848928524,5.357437083092743e-06,2.940798482395041e-11
quantum/hydrogen,19,extrap,balanced,2200.0,251.0376594049632,4.799616860989214e-06,2.379599045437295e-11
quantum/hydrogen,19,extrap,balanced,2300.0,241.92558665310605,4.308799214753145e-06,1.9365627770595632e-11
quantum/hydrogen,19,extrap,balanced,2400.0,232.37803960946562,3.878704128065528e-06,1.5873525325869727e-11
quantum/hydrogen,19,extrap,balanced,2500.0,223.7287772845661,3.502963053847519e-06,1.3120595122720834e-11
quantum/hydrogen,19,extrap,balanced,2600.0,217.34639011685553,3.1739540844881416e-06,1.0937823716561911e-11
quantum/hydrogen,19,extrap,balanced,2700.0,213.13841394368697,2.8834382348930508e-06,9.186972181615857e-12
quantum/hydrogen,19,extrap,balanced,2800.0,211.01983733084333,2.6247211285828824e-06,7.76690994123528e-12
quantum/hydrogen,19,extrap,balanced,2900.0,210.92658036516656,2.392522721427048e-06,6.603825148508274e-12
quantum/hydrogen,19,extrap,balanced,3000.0,212.83841440199996,2.1826882482313302e-06,5.643238464264518e-12
quantum/hydrogen,19,extrap,balanced,3100.0,216.76294169641866,1.9919470473959007e-06,4.844415129453123e-12
quantum/hydrogen,19,extrap,balanced,3200.0,222.73755469538585,1.8177410559545053e-06,4.1765463429953864e-12
quantum/hydrogen,19,extrap,balanced,3300.0,230.8327989045618,1.6580911553882863e-06,3.616050483932385e-12
quantum/hydrogen,19,extrap,balanced,3400.0,241.1568077681171,1.5114893056353295e-06,3.144636561391725e-12
quantum/hydrogen,19,extrap,balanced,3500.0,253.8604452049934,1.3768095002173083e-06,2.7479022818223443e-12
quantum/hydrogen,19,extrap,balanced,3600.0,269.143210268285,1.2532326449361704e-06,2.4143143098682628e-12
quantum/hydrogen,19,extrap,balanced,3700.0,287.2242971041965,1.1401815168251695e-06,2.134465807384741e-12
quantum/hydrogen,19,extrap,balanced,3800.0,308.3700884278838,1.0372735175796627e-06,1.9005610298610605e-12
quantum/hydrogen,19,extrap,balanced,3900.0,332.9665201541186,9.442628671667381e-07,1.706011253990107e-12
quantum/hydrogen,19,extrap,balanced,4000.0,361.4749552358315,8.609675244064229e-07,1.5451194582661506e-12
quantum/hydrogen,19,extrap,balanced,4100.0,394.454767010424,7.872184218892035e-07,1.4129055560914293e-12
quantum/hydrogen,19,extrap,balanced,4200.0,432.55993860530754,7.228074649647376e-07,1.3049876155009207e-12
quantum/hydrogen,19,extrap,balanced,4300.0,476.5661878486819,6.67439994076991e-07,1.2175059061127934e-12
quantum/hydrogen,19,extrap,balanced,4400.0,527.3781770950508,6.206920440574226e-07,1.1470676314410799e-12
quantum/hydrogen,19,extrap,balanced,4500.0,586.0032135754324,5.819844684834417e-07,1.0907095085146727e-12
quantum/hydrogen,19,extrap,balanced,4600.0,653.5806552641548,5.505832272389491e-07,1.0458716351863023e-12
quantum/hydrogen,19,extrap,balanced,4700.0,731.2781995119932,5.256251790688971e-07,1.0103697851662288e-12
quantum/hydrogen,19,extrap,balanced,4800.0,820.2642541642144,5.061718159882638e-07,9.82370185450335e-13
quantum/hydrogen,19,extrap,balanced,4900.0,921.3477148602898,4.91273577019251e-07,9.603575032873978e-13
quantum/hydrogen,19,extrap,balanced,5000.0,1034.7032364170586,4.800351781951281e-07,9.431040027040338e-13
quantum/hydrogen,19,extrap,balanced,5100.0,1160.2468448212428,4.7166295306134265e-07,9.296326075577855e-13
quantum/hydrogen,19,extrap,balanced,5200.0,1297.163183138361,4.654877110295168e-07,9.191732930323327e-13
quantum/hydrogen,19,extrap,balanced,5300.0,1443.4623338680317,4.6097393482056243e-07,9.111294101147514e-13
quantum/hydrogen,19,extrap,balanced,5400.0,1595.7154546860197,4.577130377698902e-07,9.0504278918144e-13
quantum/hydrogen,19,extrap,balanced,5500.0,1751.0466836943426,4.5540484100327865e-07,9.005660587000425e-13
quantum/hydrogen,19,extrap,balanced,5600.0,1906.3712214878142,4.538315580734956e-07,8.974268254729054e-13
quantum/hydrogen,19,extrap,balanced,5700.0,2058.5089320325305,4.528335159256325e-07,8.954013186419164e-13
quantum/hydrogen,19,extrap,balanced,5800.0,2204.491491756856,4.52283963403885e-07,8.942821767128667e-13
quantum/hydrogen,19,extrap,balanced,5900.0,2341.7791113538465,4.520626480065023e-07,8.938420279192982e-13
quantum/hydrogen,19,extrap,balanced,5999.0,2341.779111353846,4.5202777111753675e-07,8.937903690816155e-13
quantum/hydrogen,19,extrap,unbalanced,0.0,1.0000000000000002,0.05804501565734193,0.05508922538225882
quantum/hydrogen,19,extrap,unbalanced,100.0,1.0,0.0009351166864287064,1.6894799244232133e-07
quantum/hydrogen,19,extrap,unbalanced,200.0,1.0,0.00037409935572665004,1.3427024731611182e-07
quantum/hydrogen,19,extrap,unbalanced,300.0,0.9999999999999999,0.000318465335820912,9.737795055819556e-08
quantum/hydrogen,19,extrap,unbalanced,400.0,1.0,0.0002718902711983107,7.140586541812556e-08
quantum/hydrogen,19,extrap,unbalanced,500.0,1.0,0.0002330387248143179,5.2728702039558145e-08
quantum/hydrogen,19,extrap,unbalanced,600.0,1.0000000000000002,0.0001992841466950358,3.870431971932015e-08
quantum/hydrogen,19,extrap,unbalanced,700.0,1.0,0.0001691396541812466,2.7948194138937255e-08
quantum/hydrogen,19,extrap,unbalanced,800.0,1.0,0.00014213519336650886,1.97653674643937e-08
quantum/hydrogen,19,extrap,unbalanced,900.0,1.0,0.00032556834227909,1.31054150097487e-07
quantum/hydrogen,19,extrap,unbalanced,1000.0,1.0000000000000002,0.0001699833969218118,2.7421849857791176e-08
quantum/hydrogen,19,extrap,unbalanced,1100.0,1.0,0.00012994517993275377,1.6084105800914476e-08
quantum/hydrogen,19,extrap,unbalanced,1200.0,1.0000000000000002,0.00010386148633003522,1.0354284829355602e-08
quantum/hydrogen,19,extrap,unbalanced,1300.0,1.0000000000000002,8.534662966144488e-05,7.040150349988366e-09
quantum/hydrogen,19,extrap,unbalanced,1400.0,1.0,7.096664799568598e-05,4.893707894286315e-09
quantum/hydrogen,19,extrap,unbalanced,1500.0,0.9999999999999999,5.9140603744086395e-05,3.412169529977103e-09
quantum/hydrogen,19,extrap,unbalanced,1600.0,1.0000000000000002,4.9178616489873205e-05,2.366819488864561e-09
quantum/hydrogen,19,extrap,unbalanced,1700.0,0.9999999999999999,4.075503133426192e-05,1.6298963885207843e-09
quantum/hydrogen,19,extrap,unbalanced,1800.0,1.0,3.3676667047233124e-05,1.1159476356484064e-09
quantum/hydrogen,19,extrap,unbalanced,1900.0,1.0000000000000002,2.779508060643838e-05,7.625178861645226e-10
quantum/hydrogen,19,extrap,unbalanced,2000.0,1.0000000000000002,2.2977582853085193e-05,5.229946910426642e-10
quantum/hydrogen,19,extrap,unbalanced,2100.0,1.0000000000000002,1.909901151720322e-05,3.6290552013208574e-10
quantum/hydrogen,19,extrap,unbalanced,2200.0,0.9999999999999998,1.6039401810239835e-05,2.5723748795460374e-10
quantum/hydrogen,19,extrap,unbalanced,2300.0,1.0,1.3682520008703781e-05,1.8822354944341203e-10
quantum/hydrogen,19,extrap,unbalanced,2400.0,1.0,1.1914505930043805e-05,1.435047285426584e-10
quantum/hydrogen,19,extrap,unbalanced,2500.0,1.0000000000000002,1.0623892590205402e-05,1.1465247046919471e-10
quantum/hydrogen,19,extrap,unbalanced,2600.0,1.0,9.704417358003254e-06,9.602387260681254e-11
quantum/hydrogen,19,extrap,unbalanced,2700.0,1.0,9.060221675042053e-06,8.390508017204607e-11
quantum/hydrogen,19,extrap,unbalanced,2800.0,1.0000000000000002,8.61094098142878e-06,7.588998643369536e-11
quantum/hydrogen,19,extrap,unbalanced,2900.0,1.0000000000000002,8.294156518092041e-06,7.044198712145209e-11
quantum/hydrogen,19,extrap,unbalanced,3000.0,0.9999999999999998,8.064597591873295e-06,6.659247967191825e-11
quantum/hydrogen,19,extrap,unbalanced,3100.0,0.9999999999999998,7.891211402762513e-06,6.373803557744985e-11
quantum/hydrogen,19,extrap,unbalanced,3200.0,0.9999999999999998,7.753594412872866e-06,6.150666654502174e-11
quantum/hydrogen,19,extrap,unbalanced,3300.0,1.0,7.638771654430087e-06,5.967121555960795e-11
quantum/hydrogen,19,extrap,unbalanced,3400.0,1.0,7.538701114213655e-06,5.809415291902805e-11
quantum/hydrogen,19,extrap,unbalanced,3500.0,1.0000000000000002,7.448506556863358e-06,5.6692878367070593e-11
quantum/hydrogen,19,extrap,unbalanced,3600.0,1.0,7.365295032248335e-06,5.5418174777952154e-11
quantum/hydrogen,19,extrap,unbalanced,3700.0,0.9999999999999999,7.287394251464864e-06,5.42409656696837e-11
quantum/hydrogen,19,extrap,unbalanced,3800.0,0.9999999999999999,7.213872701998061e-06,5.314424524468064e-11
quantum/hydrogen,19,extrap,unbalanced,3900.0,1.0,7.1442426511135456e-06,5.2118193695332444e-11
quantum/hydrogen,19,extrap,unbalanced,4000.0,1.0,7.078278360116205e-06,5.1157235187693305e-11
quantum/hydrogen,19,extrap,unbalanced,4100.0,1.0000000000000002,7.0159055568158506e-06,5.025827140007795e-11
quantum/hydrogen,19,extrap,unbalanced,4200.0,1.0,6.9571344033978465e-06,4.9419621923124494e-11
quantum/hydrogen,19,extrap,unbalanced,4300.0,1.0,6.902018742479302e-06,4.8640387427434243e-11
quantum/hydrogen,19,extrap,unbalanced,4400.0,1.0,6.85063107353281e-06,4.792006438599096e-11
quantum/hydrogen,19,extrap,unbalanced,4500.0,1.0000000000000002,6.803046851140209e-06,4.7258308475361084e-11
quantum/hydrogen,19,extrap,unbalanced,4600.0,1.0,6.759334221830519e-06,4.66547848788105e-11
quantum/hydrogen,19,extrap,unbalanced,4700.0,1.0,6.719546848824229e-06,4.610906808703791e-11
quantum/hydrogen,19,extrap,unbalanced,4800.0,1.0000000000000002,6.683718390109475e-06,4.5620568464591825e-11
quantum/hydrogen,19,extrap,unbalanced,4900.0,1.0,6.651857742409314e-06,4.518847140871987e-11
quantum/hydrogen,19,extrap,unbalanced,5000.0,1.0,6.623944491204671e-06,4.481167998924444e-11
quantum/hydrogen,19,extrap,unbalanced,5100.0,0.9999999999999999,6.599924198114316e-06,4.448875502537142e-11
quantum/hydrogen,19,extrap,unbalanced,5200.0,1.0000000000000002,6.579703275407124e-06,4.4217848322037325e-11
quantum/hydrogen,19,extrap,unbalanced,5300.0,1.0,6.563143268468322e-06,4.399662598162857e-11
quantum/hydrogen,19,extrap,unbalanced,5400.0,1.0,6.550054417916406e-06,4.382217939024645e-11
quantum/hydrogen,19,extrap,unbalanced,5500.0,1.0,6.54018841194089e-06,4.369092230673395e-11
quantum/hydrogen,19,extrap,unbalanced,5600.0,1.0,6.533230277793536e-06,4.359847305268847e-11
quantum/hydrogen,19,extrap,unbalanced,5700.0,1.0,6.528789406183903e-06,4.3539521784262424e-11
quantum/hydrogen,19,extrap,unbalanced,5800.0,1.0,6.526389757815522e-06,4.350768398101076e-11
quantum/hydrogen,19,extrap,unbalanced,5900.0,1.0000000000000002,6.525459373069368e-06,4.349534296384756e-11
quantum/hydrogen,19,extrap,unbalanced,5999.0,1.0,6.525319398939663e-06,4.349348636803286e-11
quantum/cmb,3,interp,balanced,0.0,4.5517587413549485,0.13657407237459207,0.5454399409878012
quantum/cmb,3,interp,balanced,100.0,4.766757088254312,0.001329542819921775,2.7263563278811336e-06
quantum/cmb,3,interp,balanced,200.0,7.589017195252674,0.0009038343031159787,1.5909076866132555e-06
quantum/cmb,3,interp,balanced,300.0,12.413934921161193,0.00047520583224165496,8.350595682067233e-07
quantum/cmb,3,interp,balanced,400.0,12.076565824057106,0.003351968976741354,1.3039004761393931e-05
quantum/cmb,3,interp,balanced,500.0,19.08254918583743,7.74126290631919e-05,4.235023673630862e-07
quantum/cmb,3,interp,balanced,600.0,21.07911101610568,0.0002585180183459441,5.678353214201354e-07
quantum/cmb,3,interp,balanced,700.0,33.92224034259425,0.00012295711383723742,4.7584130215669486e-07
quantum/cmb,3,interp,balanced,800.0,54.0585329655919,4.188893064703979e-05,4.257073135379532e-07
quantum/cmb,3,interp,balanced,900.0,50.04239812445036,0.00015528840283434,5.073801227911724e-07
quantum/cmb,3,interp,balanced,1000.0,77.05293531533198,3.2384654814557524e-05,4.1767867012118216e-07
quantum/cmb,3,interp,balanced,1100.0,122.32251932282534,2.747571696224296e-05,4.1326458345835715e-07
quantum/cmb,3,interp,balanced,1200.0,110.25435025246762,0.00011450616239871197,4.483199972161132e-07
quantum/cmb,3,interp,balanced,1300.0,178.93086867007705,1.1690691035108411e-05,4.2604436567252264e-07
quantum/cmb,3,interp,balanced,1400.0,287.42791536855924,9.422982806668815e-06,4.2657582059582847e-07
quantum/cmb,3,interp,balanced,1500.0,261.7043625116703,3.592037439463242e-05,4.3321898788972297e-07
quantum/cmb,3,interp,balanced,1600.0,1079.3492480858042,2.5538537496380433e-06,4.232473694924376e-07
quantum/cmb,3,interp,balanced,1700.0,972.3499556397138,0.0004070353846801365,9.531803046331486e-07
quantum/cmb,3,interp,balanced,1800.0,918.8239276764184,0.00011496808119755256,4.962498582129118e-07
quantum/cmb,3,interp,balanced,1900.0,990.479260124136,0.00010231388652503893,4.789337491284027e-07
quantum/cmb,3,interp,balanced,2000.0,1087.5787122709178,9.243015598387041e-05,4.705634659941002e-07
quantum/cmb,3,interp,balanced,2100.0,1202.3570896327903,8.258772918569448e-05,4.6427858078913513e-07
quantum/cmb,3,interp,balanced,2200.0,1337.5757310434442,7.273163781242312e-05,4.585870281210412e-07
quantum/cmb,3,interp,balanced,2300.0,1501.493953195366,6.300996003517287e-05,4.5320886917090064e-07
quantum/cmb,3,interp,balanced,2400.0,1707.530685651837,5.3593755889980376e-05,4.481533214484098e-07
quantum/cmb,3,interp,balanced,2500.0,1977.5683532454236,4.467081615161305e-05,4.434767308646085e-07
quantum/cmb,3,interp,balanced,2600.0,2349.266376342627,3.645569515189592e-05,4.392354114624886e-07
quantum/cmb,3,interp,balanced,2700.0,2894.356612988924,2.9205585213742407e-05,4.354838595664921e-07
quantum/cmb,3,interp,balanced,2800.0,3768.646240766664,2.3226449397418442e-05,4.322799795554923e-07
quantum/cmb,3,interp,balanced,2900.0,5374.592818665931,1.8817911991391327e-05,4.2969497121055345e-07
quantum/cmb,3,interp,balanced,3000.0,9081.335331546903,1.6051219433106792e-05,4.2783754594192873e-07
quantum/cmb,3,interp,balanced,3100.0,8176.111310383806,6.940608603289568e-05,4.552995436424643e-07
quantum/cmb,3,interp,balanced,3200.0,7859.020749993911,3.0174187883263895e-05,4.3076148256679935e-07
quantum/cmb,3,interp,balanced,3300.0,9109.030147300851,2.24950569799726e-05,4.2631744902724633e-07
quantum/cmb,3,interp,balanced,3400.0,12240.7414938653,1.9436672133074083e-05,4.2493607706677415e-07
quantum/cmb,3,interp,balanced,3500.0,17584.27284497005,1.728637282492097e-05,4.2498234510159617e-07
quantum/cmb,3,interp,balanced,3600.0,15828.305872489613,7.607837992972567e-05,4.622349938140256e-07
quantum/cmb,3,interp,balanced,3700.0,14897.35122805471,2.2341904522125103e-05,4.3472313954373795e-07
quantum/cmb,3,interp,balanced,3800.0,16661.72978469456,1.369687689287591e-05,4.299710151700001e-07
quantum/cmb,3,interp,balanced,3900.0,24462.79007602617,1.1366086871214347e-05,4.2819972307044814e-07
quantum/cmb,3,interp,balanced,4000.0,44001.17151313906,1.054134067083611e-05,4.276193677536194e-07
quantum/cmb,3,interp,balanced,4100.0,68497.00797416232,9.877963390429635e-06,4.277610283410561e-07
quantum/cmb,3,interp,balanced,4200.0,61655.50368967007,3.091600481090634e-05,4.409738590252036e-07
quantum/cmb,3,interp,balanced,4300.0,56329.86651838968,9.598254756220665e-06,4.2771619417800014e-07
quantum/cmb,3,interp,balanced,4400.0,98719.24382081302,9.21392427136043e-06,4.278364953517503e-07
quantum/cmb,3,interp,balanced,4500.0,130000.85136214351,8.754161306054859e-06,4.279795996081275e-07
quantum/cmb,3,interp,balanced,4600.0,163832.4665945378,8.298816289078756e-06,4.2800912595872613e-07
quantum/cmb,3,interp,balanced,4700.0,147467.21141290807,9.207335631556397e-06,4.2638580509549034e-07
quantum/cmb,3,interp,balanced,4800.0,135183.5372601698,7.489361516156634e-06,4.27624874467769e-07
quantum/cmb,3,interp,balanced,4900.0,188499.87813735052,7.223576003807059e-06,4.2755252594823225e-07
quantum/cmb,3,interp,balanced,5000.0,234210.83181239624,6.9282162533480945e-06,4.2744542766796485e-07
quantum/cmb,3,interp,balanced,5100.0,276083.5861810849,6.626143908373196e-06,4.2730836140074163e-07
quantum/cmb,3,interp,balanced,5200.0,315121.3851720475,6.339582794062877e-06,4.2716138301037743e-07
quantum/cmb,3,interp,balanced,5300.0,351762.25962297845,6.083037487570038e-06,4.2702070245025754e-07
quantum/cmb,3,interp,balanced,5400.0,386134.79468582524,5.865501616225547e-06,4.2689691926578294e-07
quantum/cmb,3,interp,balanced,5500.0,418198.794799972,5.691613181265605e-06,4.267958826986385e-07
quantum/cmb,3,interp,balanced,5600.0,447805.17131023784,5.562452357531783e-06,4.267199289071045e-07
quantum/cmb,3,interp,balanced,5700.0,474782.99060437933,5.475983809070541e-06,4.266687340100927e-07
quantum/cmb,3,interp,balanced,5800.0,499005.6984113344,5.427103241967368e-06,4.266396950524586e-07
quantum/cmb,3,interp,balanced,5900.0,520457.1611721777,5.407329216370309e-06,4.2662794171778657e-07
quantum/cmb,3,interp,balanced,5999.0,520457.16117217764,5.404241667850087e-06,4.2662611956652275e-07
quantum/cmb,3,interp,unbalanced,0.0,1.0,0.13657407237459207,0.5454399409878012
quantum/cmb,3,interp,unbalanced,100.0,0.9999999999999998,0.003924593629938784,4.092764173545032e-06
quantum/cmb,3,interp,unbalanced,200.0,1.0000000000000002,0.0014091661621799365,2.8735866321548136e-06
quantum/cmb,3,interp,unbalanced,300.0,0.9999999999999998,0.0010348837932648166,1.8555105351650296e-06
quantum/cmb,3,interp,unbalanced,400.0,1.0,0.000723809448839191,1.1561621411843601e-06
quantum/cmb,3,interp,unbalanced,500.0,1.0,0.0004833553399156489,7.397899073342641e-07
quantum/cmb,3,interp,unbalanced,600.0,0.9999999999999998,0.00032250848308198316,5.134036735751862e-07
quantum/cmb,3,interp,unbalanced,700.0,1.0000000000000002,0.00024168244483348969,3.9826664108692154e-07
quantum/cmb,3,interp,unbalanced,800.0,0.9999999999999994,0.00022170315138604594,3.419750904856223e-07
quantum/cmb,3,interp,unbalanced,900.0,1.0000000000000002,0.00022791802630468325,3.146420129964298e-07
quantum/cmb,3,interp,unbalanced,1000.0,0.9999999999999997,0.00023822495955779733,3.010110563552706e-07
quantum/cmb,3,interp,unbalanced,1100.0,1.0000000000000002,0.0002459386149801191,2.9382055146620265e-07
quantum/cmb,3,interp,unbalanced,1200.0,0.9999999999999996,0.0002505612489074352,2.897008881942436e-07
quantum/cmb,3,interp,unbalanced,1300.0,1.0000000000000002,0.0002530170159295338,2.8706662318908795e-07
quantum/cmb,3,interp,unbalanced,1400.0,0.9999999999999998,0.00025420350412681434,2.8514799523166856e-07
quantum/cmb,3,interp,unbalanced,1500.0,1.0000000000000002,0.0002547167068968147,2.835633464989778e-07
quantum/cmb,3,interp,unbalanced,1600.0,0.9999999999999996,0.00025489579293223636,2.8212446690040713e-07
quantum/cmb,3,interp,unbalanced,1700.0,0.9999999999999998,0.00025491654498105686,2.807416506017854e-07
quantum/cmb,3,interp,unbalanced,1800.0,1.0000000000000002,0.00025486399134219266,2.793748175123485e-07
quantum/cmb,3,interp,unbalanced,1900.0,1.0000000000000002,0.0002547770097691662,2.780080617916877e-07
quantum/cmb,3,interp,unbalanced,2000.0,1.0000000000000002,0.0002546725763775744,2.766367182766128e-07
quantum/cmb,3,interp,unbalanced,2100.0,0.9999999999999998,0.0002545578906706027,2.752610699626646e-07
quantum/cmb,3,interp,unbalanced,2200.0,1.0000000000000002,0.0002544360453638258,2.738834383379891e-07
quantum/cmb,3,interp,unbalanced,2300.0,1.0,0.000254308526140218,2.725069066532778e-07
quantum/cmb,3,interp,unbalanced,2400.0,1.0000000000000002,0.00025417625409847794,2.7113478813148834e-07
quantum/cmb,3,interp,unbalanced,2500.0,1.0000000000000004,0.00025403999540411125,2.6977041580181926e-07
quantum/cmb,3,interp,unbalanced,2600.0,0.9999999999999998,0.0002539005094713153,2.6841706406805296e-07
quantum/cmb,3,interp,unbalanced,2700.0,1.0000000000000002,0.0002537585935006877,2.670779215288633e-07
quantum/cmb,3,interp,unbalanced,2800.0,0.9999999999999996,0.0002536150872019631,2.657560826585399e-07
quantum/cmb,3,interp,unbalanced,2900.0,0.9999999999999996,0.0002534708625460888,2.6445454590291376e-07
quantum/cmb,3,interp,unbalanced,3000.0,1.0000000000000004,0.0002533268080665521,2.631762135951712e-07
quantum/cmb,3,interp,unbalanced,3100.0,1.0,0.00025318381148282194,2.6192389203583414e-07
quantum/cmb,3,interp,unbalanced,3200.0,0.9999999999999998,0.0002530427423131034,2.6070029115066513e-07
quantum/cmb,3,interp,unbalanced,3300.0,0.9999999999999998,0.0002529044353851503,2.595080235049171e-07
quantum/cmb,3,interp,unbalanced,3400.0,0.9999999999999996,0.00025276967584875643,2.583496025700539e-07
quantum/cmb,3,interp,unbalanced,3500.0,1.0,0.0002526391861160384,2.5722744018232295e-07
quantum/cmb,3,interp,unbalanced,3600.0,1.0000000000000002,0.0002525136150545754,2.561438431182426e-07
quantum/cmb,3,interp,unbalanced,3700.0,1.0000000000000002,0.00025239352963786087,2.5510100870711973e-07
quantum/cmb,3,interp,unbalanced,3800.0,1.0000000000000004,0.00025227940916967986,2.5410101936310854e-07
quantum/cmb,3,interp,unbalanced,3900.0,1.0000000000000002,0.00025217164208998034,2.531458358931123e-07
quantum/cmb,3,interp,unbalanced,4000.0,0.9999999999999998,0.00025207052529135064,2.522372893832064e-07
quantum/cmb,3,interp,unbalanced,4100.0,1.0000000000000004,0.0002519762657895388,2.5137707141842235e-07
quantum/cmb,3,interp,unbalanced,4200.0,1.0000000000000002,0.0002518889845158532,2.5056672232747656e-07
quantum/cmb,3,interp,unbalanced,4300.0,0.9999999999999996,0.00025180872193475824,2.4980761707888844e-07
quantum/cmb,3,interp,unbalanced,4400.0,0.9999999999999998,0.0002517354451406271,2.4910094836847593e-07
quantum/cmb,3,interp,unbalanced,4500.0,1.0000000000000002,0.00025166905602440006,2.484477063691885e-07
quantum/cmb,3,interp,unbalanced,4600.0,1.0000000000000002,0.000251609400076738,2.4784865451144355e-07
quantum/cmb,3,interp,unbalanced,4700.0,0.9999999999999998,0.0002515562753470468,2.473043005789099e-07
quantum/cmb,3,interp,unbalanced,4800.0,1.0000000000000004,0.0002515094410608678,2.4681486230389565e-07
quantum/cmb,3,interp,unbalanced,4900.0,0.9999999999999996,0.0002514686253719546,2.4638022656264543e-07
quantum/cmb,3,interp,unbalanced,5000.0,1.0000000000000004,0.00025143353172115134,2.4599990118587584e-07
quantum/cmb,3,interp,unbalanced,5100.0,1.0000000000000002,0.00025140384327725725,2.456729583390006e-07
quantum/cmb,3,interp,unbalanced,5200.0,0.9999999999999998,0.0002513792249519047,2.453979683972668e-07
quantum/cmb,3,interp,unbalanced,5300.0,1.0000000000000004,0.0002513593225295457,2.4517292325758895e-07
quantum/cmb,3,interp,unbalanced,5400.0,1.0000000000000002,0.0002513437585272092,2.4499514811630976e-07
quantum/cmb,3,interp,unbalanced,5500.0,1.0000000000000002,0.00025133212451722005,2.448612009352152e-07
quantum/cmb,3,interp,unbalanced,5600.0,1.0000000000000004,0.0002513239698225547,2.447667591466965e-07
quantum/cmb,3,interp,unbalanced,5700.0,1.0000000000000002,0.0002513187867364205,2.447064936696462e-07
quantum/cmb,3,interp,unbalanced,5800.0,1.0000000000000002,0.0002513159927398679,2.446739310832627e-07
quantum/cmb,3,interp,unbalanced,5900.0,0.9999999999999998,0.000251314910601233,2.44661305900525e-07
quantum/cmb,3,interp,unbalanced,5999.0,1.0000000000000004,0.0002513147478162509,2.4465940635959543e-07
quantum/cmb,3,extrap,balanced,0.0,8.164662329081127,0.13634727605950914,2.0207533111974842
quantum/cmb,3,extrap,balanced,100.0,19.842397801780972,0.0012943214648127865,4.236830686373227e-05
quantum/cmb,3,extrap,balanced,200.0,28.30559244213427,0.00035749985964120246,1.8182168173290445e-07
quantum/cmb,3,extrap,balanced,300.0,35.316470476037324,0.0002452934584047621,1.1886387422800036e-07
quantum/cmb,3,extrap,balanced,400.0,32.40455041929469,0.0028446068656102297,7.215067610535509e-06
quantum/cmb,3,extrap,balanced,500.0,32.560001958996665,0.00014258395879488957,8.709153116982323e-08
quantum/cmb,3,extrap,balanced,600.0,45.30673144532657,8.526364714064809e-05,7.809971110112937e-08
quantum/cmb,3,extrap,balanced,700.0,41.03692304046222,0.00027128892744198487,1.408239042413901e-07
quantum/cmb,3,extrap,balanced,800.0,49.75260761585782,0.00014926037163354557,1.0117131858137525e-07
quantum/cmb,3,extrap,balanced,900.0,70.15409741869476,7.356657736923019e-05,8.616057952358224e-08
quantum/cmb,3,extrap,balanced,1000.0,102.45140417267524,2.602526665515211e-05,8.288765956796139e-08
quantum/cmb,3,extrap,balanced,1100.0,93.5817237677954,0.00013074547918593706,1.1482544758661684e-07
quantum/cmb,3,extrap,balanced,1200.0,184.41929651859698,3.5337905607194314e-05,8.484452016384294e-08
quantum/cmb,3,extrap,balanced,1300.0,166.47334876745714,0.0001699692323615693,1.0700837233107765e-07
quantum/cmb,3,extrap,balanced,1400.0,287.1964962644903,1.0439768279987427e-05,8.425804150202713e-08
quantum/cmb,3,extrap,balanced,1500.0,448.1963467627324,5.527286902036988e-06,8.478342391722404e-08
quantum/cmb,3,extrap,balanced,1600.0,703.9186997988741,4.6518277075215825e-06,8.508632868091983e-08
quantum/cmb,3,extrap,balanced,1700.0,634.5204347365142,0.00013141501257661246,7.513936514189158e-08
quantum/cmb,3,extrap,balanced,1800.0,625.1547888078609,6.581753780557173e-05,8.803970239081766e-08
quantum/cmb,3,extrap,balanced,1900.0,678.7410472159204,4.8739245482195175e-05,8.64256673469665e-08
quantum/cmb,3,extrap,balanced,2000.0,763.8182993516513,3.4989558423083016e-05,8.541191038277393e-08
quantum/cmb,3,extrap,balanced,2100.0,895.7012037049612,2.406163475579417e-05,8.48918114355601e-08
quantum/cmb,3,extrap,balanced,2200.0,1103.815571367743,1.5800671950041268e-05,8.467665486657148e-08
quantum/cmb,3,extrap,balanced,2300.0,1444.6769599656573,1.0236178544162138e-05,8.463748880968809e-08
quantum/cmb,3,extrap,balanced,2400.0,2036.4045200089301,7.335207454222071e-06,8.468581640221464e-08
quantum/cmb,3,extrap,balanced,2500.0,1832.9019407811295,0.00010744929633568079,8.86930807715598e-08
quantum/cmb,3,extrap,balanced,2600.0,1840.1853055073507,3.869739507340523e-05,8.644904828530186e-08
quantum/cmb,3,extrap,balanced,2700.0,2125.517004260888,1.7350553102406898e-05,8.522445776211632e-08
quantum/cmb,3,extrap,balanced,2800.0,2757.6927294580646,7.445448751027564e-06,8.50104955112621e-08
quantum/cmb,3,extrap,balanced,2900.0,3981.8426388245784,3.99434981824017e-06,8.501474089427971e-08
quantum/cmb,3,extrap,balanced,3000.0,6051.311088842737,3.381802407245838e-06,8.506605827338612e-08
quantum/cmb,3,extrap,balanced,3100.0,5447.830021376819,5.2220014137419586e-05,9.710791731098337e-08
quantum/cmb,3,extrap,balanced,3200.0,5054.267170029306,3.815078782970084e-06,8.596622668478399e-08
quantum/cmb,3,extrap,balanced,3300.0,7698.6339168833665,3.5122107351094516e-06,8.59390380438553e-08
quantum/cmb,3,extrap,balanced,3400.0,11733.918512450728,3.200858321697884e-06,8.588752296505706e-08
quantum/cmb,3,extrap,balanced,3500.0,17623.686657094557,2.83338582714049e-06,8.581952990616333e-08
quantum/cmb,3,extrap,balanced,3600.0,26109.59055840977,2.4609686253999688e-06,8.574066365314342e-08
quantum/cmb,3,extrap,balanced,3700.0,23502.996277851445,5.0357841751895595e-05,1.0364404290133119e-07
quantum/cmb,3,extrap,balanced,3800.0,29086.119056419055,2.7480136790537637e-06,8.590336885442259e-08
quantum/cmb,3,extrap,balanced,3900.0,37310.129731306675,2.5077761630682984e-06,8.591723722069331e-08
quantum/cmb,3,extrap,balanced,4000.0,48470.1254695384,2.2779853531754952e-06,8.587251310951684e-08
quantum/cmb,3,extrap,balanced,4100.0,43644.441448439684,4.490279051877181e-06,8.629208102384692e-08
quantum/cmb,3,extrap,balanced,4200.0,39824.02014094962,2.469635774692623e-06,8.591394826489207e-08
quantum/cmb,3,extrap,balanced,4300.0,52232.259712173356,2.2818132894898334e-06,8.58625516326833e-08
quantum/cmb,3,extrap,balanced,4400.0,68088.403029751,2.1045078748775946e-06,8.582448765192872e-08
quantum/cmb,3,extrap,balanced,4500.0,87867.76494194115,1.9423978282499844e-06,8.578636296534697e-08
quantum/cmb,3,extrap,balanced,4600.0,112825.02910718619,1.8074022699396813e-06,8.575059044807674e-08
quantum/cmb,3,extrap,balanced,4700.0,144897.7987239753,1.7051029247090225e-06,8.571925363207407e-08
quantum/cmb,3,extrap,balanced,4800.0,131031.16157956718,1.6351493010711417e-06,8.568346544624677e-08
quantum/cmb,3,extrap,balanced,4900.0,160332.50740050638,1.5965050664884166e-06,8.567896404015416e-08
quantum/cmb,3,extrap,balanced,5000.0,213676.85257835727,1.5697280304776298e-06,8.566855620464006e-08
quantum/cmb,3,extrap,balanced,5100.0,192323.78688396706,3.5973890199900923e-06,8.614328928872288e-08
quantum/cmb,3,extrap,balanced,5200.0,179980.93077747937,1.5389076746224262e-06,8.566522213777694e-08
quantum/cmb,3,extrap,balanced,5300.0,245776.40131972777,1.5280648046497944e-06,8.566114962013725e-08
quantum/cmb,3,extrap,balanced,5400.0,320245.79732168524,1.5178662985917434e-06,8.565911337543718e-08
quantum/cmb,3,extrap,balanced,5500.0,403596.6432179494,1.508570037086152e-06,8.565780037321847e-08
quantum/cmb,3,extrap,balanced,5600.0,493427.6776254282,1.5007260903454409e-06,8.565712838183517e-08
quantum/cmb,3,extrap,balanced,5700.0,586993.8919229695,1.4948024514280622e-06,8.565688480060919e-08
quantum/cmb,3,extrap,balanced,5800.0,681502.9766928132,1.4910656766910512e-06,8.565684972594213e-08
quantum/cmb,3,extrap,balanced,5900.0,774721.1059567828,1.4894007193021951e-06,8.565687380480527e-08
quantum/cmb,3,extrap,balanced,5999.0,774721.1059567828,1.4891190699898367e-06,8.565689690326783e-08
quantum/cmb,3,extrap,unbalanced,0.0,1.000000000000008,0.13634727605950914,2.0207533111974842
quantum/cmb,3,extrap,unbalanced,100.0,1.0,0.003996844917001656,1.8455109659912585e-05
quantum/cmb,3,extrap,unbalanced,200.0,1.0000000000000002,0.0009477072141413253,8.47669306717302e-07
quantum/cmb,3,extrap,unbalanced,300.0,1.0000000000000002,0.0003070499037784336,9.223051699896262e-08
quantum/cmb,3,extrap,unbalanced,400.0,0.9999999999999998,0.00017806968592897987,4.2579302681371174e-08
quantum/cmb,3,extrap,unbalanced,500.0,0.9999999999999998,0.00016417894317517388,4.04355969891947e-08
quantum/cmb,3,extrap,unbalanced,600.0,1.0,0.00015904907802289498,3.9185954695695916e-08
quantum/cmb,3,extrap,unbalanced,700.0,1.0000000000000002,0.0001548053042689833,3.7932447618442695e-08
quantum/cmb,3,extrap,unbalanced,800.0,0.9999999999999999,0.00015101435008706027,3.680859170095153e-08
quantum/cmb,3,extrap,unbalanced,900.0,1.0000000000000002,0.00014769043974148814,3.5836381831496473e-08
quantum/cmb,3,extrap,unbalanced,1000.0,1.0,0.00014485120701609116,3.501219347149763e-08
quantum/cmb,3,extrap,unbalanced,1100.0,0.9999999999999999,0.00014248423122951596,3.432335485420242e-08
quantum/cmb,3,extrap,unbalanced,1200.0,1.0,0.0001405531857360217,3.375248195860244e-08
quantum/cmb,3,extrap,unbalanced,1300.0,1.0,0.00013900691650892027,3.3280285297238875e-08
quantum/cmb,3,extrap,unbalanced,1400.0,0.9999999999999998,0.00013778762579245307,3.2887641300261054e-08
quantum/cmb,3,extrap,unbalanced,1500.0,1.0000000000000002,0.00013683732336916332,3.255698618787015e-08
quantum/cmb,3,extrap,unbalanced,1600.0,1.0000000000000002,0.00013610227803760288,3.2273115263250045e-08
quantum/cmb,3,extrap,unbalanced,1700.0,0.9999999999999998,0.00013553558141874528,3.202350718520881e-08
quantum/cmb,3,extrap,unbalanced,1800.0,1.0,0.00013509817341111617,3.179830474472444e-08
quantum/cmb,3,extrap,unbalanced,1900.0,1.0,0.00013475877052010268,3.159007585138085e-08
quantum/cmb,3,extrap,unbalanced,2000.0,0.9999999999999998,0.00013449312076678618,3.139345823796431e-08
quantum/cmb,3,extrap,unbalanced,2100.0,0.9999999999999998,0.00013428293014688058,3.120476580069617e-08
quantum/cmb,3,extrap,unbalanced,2200.0,0.9999999999999998,0.00013411470649742608,3.102160891417469e-08
quantum/cmb,3,extrap,unbalanced,2300.0,1.0000000000000002,0.0001339786736444803,3.084255899148855e-08
quantum/cmb,3,extrap,unbalanced,2400.0,1.0,0.00013386783458268264,3.066687063513867e-08
quantum/cmb,3,extrap,unbalanced,2500.0,1.0000000000000002,0.00013377721069838806,3.0494263068887253e-08
quantum/cmb,3,extrap,unbalanced,2600.0,0.9999999999999998,0.00013370325196010002,3.032475566473304e-08
quantum/cmb,3,extrap,unbalanced,2700.0,0.9999999999999998,0.00013364339649670322,3.015854899983893e-08
quantum/cmb,3,extrap,unbalanced,2800.0,1.0000000000000002,0.00013359575177122857,2.999594204335176e-08
quantum/cmb,3,extrap,unbalanced,2900.0,1.0,0.00013355886983940895,2.9837276646645426e-08
quantum/cmb,3,extrap,unbalanced,3000.0,1.0,0.00013353159252836458,2.9682901858917078e-08
quantum/cmb,3,extrap,unbalanced,3100.0,0.9999999999999998,0.00013351294704565077,2.95331521097788e-08
quantum/cmb,3,extrap,unbalanced,3200.0,1.0,0.00013350207703610506,2.9388334793034328e-08
quantum/cmb,3,extrap,unbalanced,3300.0,1.0,0.00013349819813412484,2.9248724001444106e-08
quantum/cmb,3,extrap,unbalanced,3400.0,0.9999999999999998,0.00013350057020678543,2.9114558160267916e-08
quantum/cmb,3,extrap,unbalanced,3500.0,0.9999999999999998,0.00013350848082685824,2.898604004488012e-08
quantum/cmb,3,extrap,unbalanced,3600.0,1.0000000000000002,0.00013352123627733195,2.886333817165283e-08
quantum/cmb,3,extrap,unbalanced,3700.0,1.0,0.00013353815756963778,2.8746588915529915e-08
quantum/cmb,3,extrap,unbalanced,3800.0,1.0,0.00013355857974172577,2.8635898954418963e-08
quantum/cmb,3,extrap,unbalanced,3900.0,1.0,0.00013358185328603392,2.8531347773752184e-08
quantum/cmb,3,extrap,unbalanced,4000.0,1.0,0.0001336073469434749,2.8432990061961103e-08
quantum/cmb,3,extrap,unbalanced,4100.0,0.9999999999999998,0.0001336344512737279,2.8340857890445513e-08
quantum/cmb,3,extrap,unbalanced,4200.0,0.9999999999999998,0.0001336625826778871,2.8254962594107084e-08
quantum/cmb,3,extrap,unbalanced,4300.0,1.0000000000000002,0.000133691187614903,2.817529626804635e-08
quantum/cmb,3,extrap,unbalanced,4400.0,1.0,0.00013371974684807467,2.8101832832587633e-08
quantum/cmb,3,extrap,unbalanced,4500.0,0.9999999999999998,0.0001337477796272216,2.8034528581866465e-08
quantum/cmb,3,extrap,unbalanced,4600.0,1.0,0.00013377484776260745,2.7973322141741956e-08
quantum/cmb,3,extrap,unbalanced,4700.0,1.0,0.00013380055956725516,2.7918133754931814e-08
quantum/cmb,3,extrap,unbalanced,4800.0,0.9999999999999998,0.0001338245736765896,2.7868863784433823e-08
quantum/cmb,3,extrap,unbalanced,4900.0,1.0,0.00013384660274322249,2.7825390339428166e-08
quantum/cmb,3,extrap,unbalanced,5000.0,1.0,0.00013386641705094966,2.778756588425023e-08
quantum/cmb,3,extrap,unbalanced,5100.0,1.0,0.00013388384803220675,2.7755212707844176e-08
quantum/cmb,3,extrap,unbalanced,5200.0,0.9999999999999998,0.00013389879171810183,2.7728117107773103e-08
quantum/cmb,3,extrap,unbalanced,5300.0,1.0,0.00013391121209194672,2.770602214755873e-08
quantum/cmb,3,extrap,unbalanced,5400.0,1.0,0.00013392114434495304,2.768861885275683e-08
quantum/cmb,3,extrap,unbalanced,5500.0,1.0,0.00013392869799436487,2.767553574333024e-08
quantum/cmb,3,extrap,unbalanced,5600.0,1.0000000000000002,0.0001339340598546725,2.7666326640747386e-08
quantum/cmb,3,extrap,unbalanced,5700.0,1.0,0.0001339374968779907,2.766045677769691e-08
quantum/cmb,3,extrap,unbalanced,5800.0,0.9999999999999998,0.0001339393589467644,2.765728736146511e-08
quantum/cmb,3,extrap,unbalanced,5900.0,1.0,0.00013394008182126285,2.7656058933778864e-08
quantum/cmb,3,extrap,unbalanced,5999.0,1.0000000000000002,0.00013394019061991241,2.7655874129964086e-08
quantum/cmb,7,interp,balanced,0.0,6.677661034662771,0.07340578471671651,0.5517323324220004
quantum/cmb,7,interp,balanced,100.0,11.16089899572241,0.00048451176467906505,2.9168369727348363e-06
quantum/cmb,7,interp,balanced,200.0,15.919709521438666,6.687369505170934e-05,3.6988299025506917e-07
quantum/cmb,7,interp,balanced,300.0,23.92864017271042,5.983132973977841e-05,3.700166171733024e-07
quantum/cmb,7,interp,balanced,400.0,25.310054253816652,6.870173105661503e-05,3.7145589524490476e-07
quantum/cmb,7,interp,balanced,500.0,39.06207710099773,3.9186626928167976e-05,3.6309553196509526e-07
quantum/cmb,7,interp,balanced,600.0,60.026089762639394,3.491050958390451e-05,3.6119999853078184e-07
quantum/cmb,7,interp,balanced,700.0,55.58160056016376,9.852825309007284e-05,4.040001545907978e-07
quantum/cmb,7,interp,balanced,800.0,90.445201380369,2.8483924702771072e-05,3.5798630813996684e-07
quantum/cmb,7,interp,balanced,900.0,90.62845436568438,0.00012037655536973009,3.475675074488247e-07
quantum/cmb,7,interp,balanced,1000.0,129.10083878347262,3.60753008652057e-05,3.360342698369251e-07
quantum/cmb,7,interp,balanced,1100.0,197.79783764669853,2.7719497573530992e-05,3.400483827119345e-07
quantum/cmb,7,interp,balanced,1200.0,303.1462847879728,1.8304898166687616e-05,3.448603019093653e-07
quantum/cmb,7,interp,balanced,1300.0,350.9793011367389,1.0196231494243232e-05,3.4930965492039056e-07
quantum/cmb,7,interp,balanced,1400.0,317.5958904521354,6.865278758031434e-05,3.650013957797319e-07
quantum/cmb,7,interp,balanced,1500.0,390.1762036102767,8.291455376099971e-06,3.5200481396062697e-07
quantum/cmb,7,interp,balanced,1600.0,639.7401609768258,6.984571254126537e-06,3.527887097526922e-07
quantum/cmb,7,interp,balanced,1700.0,1050.6222475563927,5.9203741897659545e-06,3.53190704076854e-07
quantum/cmb,7,interp,balanced,1800.0,947.1250974734459,0.00020184616720393252,3.7884955579742e-07
quantum/cmb,7,interp,balanced,1900.0,932.3049216751858,2.1420477346531587e-05,3.438992101653993e-07
quantum/cmb,7,interp,balanced,2000.0,1495.440300433821,2.095989645790205e-05,3.438933411590439e-07
quantum/cmb,7,interp,balanced,2100.0,2407.8926209725428,2.0276741116790387e-05,3.441164932620616e-07
quantum/cmb,7,interp,balanced,2200.0,3852.0353281597972,1.9197975832689803e-05,3.4448178166068657e-07
quantum/cmb,7,interp,balanced,2300.0,3468.7414394173197,3.9630388950589386e-05,3.346538818057944e-07
quantum/cmb,7,interp,balanced,2400.0,6431.102526639841,1.5739044090753004e-05,3.4586493114813335e-07
quantum/cmb,7,interp,balanced,2500.0,5793.104991439341,5.187580099695655e-05,3.382484553990377e-07
quantum/cmb,7,interp,balanced,2600.0,7429.842708260276,2.096180474855978e-05,3.4147030834484184e-07
quantum/cmb,7,interp,balanced,2700.0,7623.988350385579,1.4554754761955722e-05,3.4549980128399954e-07
quantum/cmb,7,interp,balanced,2800.0,8085.261712953522,1.0362754851075526e-05,3.4748647409997976e-07
quantum/cmb,7,interp,balanced,2900.0,8912.169235479645,7.26943598282369e-06,3.4880733359302717e-07
quantum/cmb,7,interp,balanced,3000.0,10267.546605325948,4.975308764441572e-06,3.4978876685000856e-07
quantum/cmb,7,interp,balanced,3100.0,12435.236360459692,3.3259563847489264e-06,3.50529204543881e-07
quantum/cmb,7,interp,balanced,3200.0,11194.028133473097,4.673279817428485e-05,3.5165464010673033e-07
quantum/cmb,7,interp,balanced,3300.0,11616.2373184207,7.837738998708322e-06,3.4726374013984785e-07
quantum/cmb,7,interp,balanced,3400.0,15604.448306578426,6.771993221201147e-06,3.482781108119135e-07
quantum/cmb,7,interp,balanced,3500.0,21047.911245739622,5.968660336546729e-06,3.4892324810501303e-07
quantum/cmb,7,interp,balanced,3600.0,29270.50259233215,5.332649935731242e-06,3.494530879194255e-07
quantum/cmb,7,interp,balanced,3700.0,42058.13275854565,4.783696684427798e-06,3.4989198716719443e-07
quantum/cmb,7,interp,balanced,3800.0,62265.21154712889,4.217485122128716e-06,3.5024695348290525e-07
quantum/cmb,7,interp,balanced,3900.0,56041.15457787398,2.0636703083580112e-05,3.4633021720650547e-07
quantum/cmb,7,interp,balanced,4000.0,53514.852299235004,1.2315452875232396e-06,3.509101140481075e-07
quantum/cmb,7,interp,balanced,4100.0,78671.08696997547,1.0698599874120294e-06,3.5105339069471834e-07
quantum/cmb,7,interp,balanced,4200.0,122102.87090690846,9.631020285180105e-07,3.511547310328956e-07
quantum/cmb,7,interp,balanced,4300.0,186688.14085277417,8.599737559923228e-07,3.5123003813045565e-07
quantum/cmb,7,interp,balanced,4400.0,281369.98615048017,7.569532346800917e-07,3.5129358556678045e-07
quantum/cmb,7,interp,balanced,4500.0,253244.65189657034,6.227899555543657e-06,3.518423416355344e-07
quantum/cmb,7,interp,balanced,4600.0,237299.58535725978,8.29980559268179e-07,3.510833967453318e-07
quantum/cmb,7,interp,balanced,4700.0,294732.2899175544,6.898120636872272e-07,3.5115776159038245e-07
quantum/cmb,7,interp,balanced,4800.0,421663.46796989214,5.850154005189182e-07,3.5121341536464814e-07
quantum/cmb,7,interp,balanced,4900.0,602775.2762244327,5.035865754475798e-07,3.5126332737761976e-07
quantum/cmb,7,interp,balanced,5000.0,864898.1097152722,4.508546444137726e-07,3.513037869805507e-07
quantum/cmb,7,interp,balanced,5100.0,1247714.5947500719,4.224020816444571e-07,3.513321564253423e-07
quantum/cmb,7,interp,balanced,5200.0,1122985.706388941,1.7766406147204617e-06,3.510712381157886e-07
quantum/cmb,7,interp,balanced,5300.0,1017018.0646551624,5.459462842461168e-07,3.51208473113783e-07
quantum/cmb,7,interp,balanced,5400.0,1681846.517648048,4.802286973501608e-07,3.512467457951109e-07
quantum/cmb,7,interp,balanced,5500.0,2061110.8718847295,4.3641248323763026e-07,3.5127998279094925e-07
quantum/cmb,7,interp,balanced,5600.0,2529869.4901189674,4.151669960682651e-07,3.5129943239401816e-07
quantum/cmb,7,interp,balanced,5700.0,3074463.9698632024,4.0475947549495283e-07,3.5131006866134074e-07
quantum/cmb,7,interp,balanced,5800.0,3667470.105464561,3.99701678937766e-07,3.513153901835142e-07
quantum/cmb,7,interp,balanced,5900.0,4278754.205849847,3.9770026855044795e-07,3.513174779796014e-07
quantum/cmb,7,interp,balanced,5999.0,4278754.205849847,3.9737062157277325e-07,3.5131782176884814e-07
quantum/cmb,7,interp,unbalanced,0.0,1.0000000000000004,0.07340578471671651,0.5517323324220004
quantum/cmb,7,interp,unbalanced,100.0,1.0,0.0020358388086119056,1.75483339579646e-06
quantum/cmb,7,interp,unbalanced,200.0,0.9999999999999996,0.0002601712878624983,1.9080922444859462e-07
quantum/cmb,7,interp,unbalanced,300.0,1.0000000000000002,0.00025318982148855445,1.9264899762473736e-07
quantum/cmb,7,interp,unbalanced,400.0,1.0,0.0002483348784589307,1.9404996568655025e-07
quantum/cmb,7,interp,unbalanced,500.0,1.0000000000000002,0.00024475979329132824,1.950078611241017e-07
quantum/cmb,7,interp,unbalanced,600.0,0.9999999999999998,0.00024185304592189497,1.9569501282164485e-07
quantum/cmb,7,interp,unbalanced,700.0,1.0000000000000002,0.00023927934170279368,1.9626365001703718e-07
quantum/cmb,7,interp,unbalanced,800.0,0.9999999999999997,0.0002368997301608872,1.9679235390116943e-07
quantum/cmb,7,interp,unbalanced,900.0,1.0,0.00023467880137052998,1.973070921189973e-07
quantum/cmb,7,interp,unbalanced,1000.0,0.9999999999999997,0.00023262169208252033,1.9780911104424485e-07
quantum/cmb,7,interp,unbalanced,1100.0,1.0000000000000002,0.00023074227304320912,1.982912504634577e-07
quantum/cmb,7,interp,unbalanced,1200.0,0.9999999999999994,0.00022905103848453956,1.9874493519342627e-07
quantum/cmb,7,interp,unbalanced,1300.0,1.0000000000000004,0.00022755209600765322,1.9916266168687973e-07
quantum/cmb,7,interp,unbalanced,1400.0,0.9999999999999999,0.00022624341734287355,1.9953877204942222e-07
quantum/cmb,7,interp,unbalanced,1500.0,0.9999999999999996,0.00022511798470736905,1.9986962680901448e-07
quantum/cmb,7,interp,unbalanced,1600.0,0.9999999999999998,0.00022416505954428678,2.001535342668888e-07
quantum/cmb,7,interp,unbalanced,1700.0,0.9999999999999996,0.00022337135147608615,2.0039055030360183e-07
quantum/cmb,7,interp,unbalanced,1800.0,1.0000000000000002,0.00022272202635049927,2.0058220115788398e-07
quantum/cmb,7,interp,unbalanced,1900.0,1.0000000000000004,0.00022220153965240026,2.0073116758174458e-07
quantum/cmb,7,interp,unbalanced,2000.0,1.0,0.00022179429964766344,2.0084096229137463e-07
quantum/cmb,7,interp,unbalanced,2100.0,1.0000000000000004,0.00022148517365941332,2.00915625762394e-07
quantum/cmb,7,interp,unbalanced,2200.0,1.0000000000000002,0.00022125985553952962,2.0095945781664983e-07
quantum/cmb,7,interp,unbalanced,2300.0,1.0000000000000002,0.0002211051141993685,2.0097679506582612e-07
quantum/cmb,7,interp,unbalanced,2400.0,0.9999999999999996,0.00022100894312293142,2.0097183787582675e-07
quantum/cmb,7,interp,unbalanced,2500.0,1.0000000000000002,0.00022096062979003685,2.0094852555439511e-07
quantum/cmb,7,interp,unbalanced,2600.0,1.0000000000000002,0.00022095076236986893,2.0091045506018966e-07
quantum/cmb,7,interp,unbalanced,2700.0,1.0,0.00022097118923640601,2.0086083655487646e-07
quantum/cmb,7,interp,unbalanced,2800.0,0.9999999999999999,0.00022101494486526996,2.0080247834809008e-07
quantum/cmb,7,interp,unbalanced,2900.0,1.0000000000000002,0.00022107615369925247,2.0073779387236841e-07
quantum/cmb,7,interp,unbalanced,3000.0,1.0000000000000002,0.00022114992153729457,2.0066882401993003e-07
quantum/cmb,7,interp,unbalanced,3100.0,0.9999999999999996,0.00022123222209374926,2.0059726916718414e-07
quantum/cmb,7,interp,unbalanced,3200.0,1.0000000000000002,0.00022131978455661928,2.0052452634054703e-07
quantum/cmb,7,interp,unbalanced,3300.0,1.0,0.0002214099863540392,2.0045172807397405e-07
quantum/cmb,7,interp,unbalanced,3400.0,1.0000000000000002,0.00022150075391574495,2.0037978050221493e-07
quantum/cmb,7,interp,unbalanced,3500.0,0.9999999999999996,0.00022159047306920002,2.0030939905994732e-07
quantum/cmb,7,interp,unbalanced,3600.0,1.0000000000000002,0.00022167790976308004,2.002411408283752e-07
quantum/cmb,7,interp,unbalanced,3700.0,0.9999999999999996,0.00022176214114711686,2.0017543306305365e-07
quantum/cmb,7,interp,unbalanced,3800.0,1.0000000000000002,0.0002218424965448261,2.0011259779847025e-07
quantum/cmb,7,interp,unbalanced,3900.0,0.9999999999999996,0.00022191850755029705,2.0005287266183429e-07
quantum/cmb,7,interp,unbalanced,4000.0,1.0000000000000002,0.00022198986633315698,1.999964281677343e-07
quantum/cmb,7,interp,unbalanced,4100.0,0.9999999999999994,0.00022205639116143141,1.999433818445455e-07
quantum/cmb,7,interp,unbalanced,4200.0,1.0000000000000004,0.00022211799817787459,1.9989380956533292e-07
quantum/cmb,7,interp,unbalanced,4300.0,1.0000000000000004,0.00022217467853771322,1.9984775444368214e-07
quantum/cmb,7,interp,unbalanced,4400.0,0.9999999999999996,0.00022222648009700873,1.9980523363209226e-07
quantum/cmb,7,interp,unbalanced,4500.0,1.0000000000000004,0.00022227349296323644,1.9976624331251098e-07
quantum/cmb,7,interp,unbalanced,4600.0,1.0000000000000002,0.00022231583832297384,1.997307621290038e-07
quantum/cmb,7,interp,unbalanced,4700.0,1.0,0.00022235366007939374,1.996987532590814e-07
quantum/cmb,7,interp,unbalanced,4800.0,1.0000000000000004,0.00022238711892285604,1.996701652827532e-07
quantum/cmb,7,interp,unbalanced,4900.0,0.9999999999999996,0.00022241638855780718,1.996449319619679e-07
quantum/cmb,7,interp,unbalanced,5000.0,1.0,0.0002224416538917997,1.996229710062407e-07
quantum/cmb,7,interp,unbalanced,5100.0,0.9999999999999998,0.00022246311105790655,1.9960418186899017e-07
quantum/cmb,7,interp,unbalanced,5200.0,0.9999999999999999,0.00022248096920308283,1.9958844259180894e-07
quantum/cmb,7,interp,unbalanced,5300.0,1.0,0.00022249545402303305,1.995756056906812e-07
quantum/cmb,7,interp,unbalanced,5400.0,1.0000000000000004,0.0002225068130452699,1.9956549306908926e-07
quantum/cmb,7,interp,unbalanced,5500.0,0.9999999999999999,0.00022251532266994565,1.9955788993919457e-07
quantum/cmb,7,interp,unbalanced,5600.0,1.0,0.00022252129695365556,1.9955253774768445e-07
quantum/cmb,7,interp,unbalanced,5700.0,0.9999999999999996,0.0002225250980479653,1.9954912613793181e-07
quantum/cmb,7,interp,unbalanced,5800.0,0.9999999999999998,0.0002225271480897961,1.9954728404175653e-07
quantum/cmb,7,interp,unbalanced,5900.0,0.9999999999999996,0.000222527942146884,1.9954657009360821e-07
quantum/cmb,7,interp,unbalanced,5999.0,1.0000000000000004,0.00022252806155259513,1.9954646270038646e-07
quantum/cmb,7,extrap,balanced,0.0,12.170170119159819,0.07363554937243984,1.861156299617137
quantum/cmb,7,extrap,balanced,100.0,18.241055216459923,0.0006266669794063266,3.730747163049062e-05
quantum/cmb,7,extrap,balanced,200.0,29.195715071921246,0.0001564133767995292,1.2029117003790246e-07
quantum/cmb,7,extrap,balanced,300.0,46.0000494828429,0.00013589217457596027,1.1589688021735744e-07
quantum/cmb,7,extrap,balanced,400.0,57.71976956841291,0.0001119573828193238,1.0867169751900941e-07
quantum/cmb,7,extrap,balanced,500.0,53.01206113788103,0.0001581270475099259,1.378696982844468e-07
quantum/cmb,7,extrap,balanced,600.0,149.78174994218767,2.4770123107391396e-05,8.253407504879115e-08
quantum/cmb,7,extrap,balanced,700.0,234.26188777921945,2.2728421023357572e-05,8.366442783278525e-08
quantum/cmb,7,extrap,balanced,800.0,215.27567043500932,1.2868328829947535e-05,8.646800438313957e-08
quantum/cmb,7,extrap,balanced,900.0,252.0948609389441,3.882621937257615e-06,8.522162534816647e-08
quantum/cmb,7,extrap,balanced,1000.0,396.86955146093254,2.7228861109700022e-06,8.544596799402449e-08
quantum/cmb,7,extrap,balanced,1100.0,360.3515824157586,4.636526808761554e-05,1.1244214313904214e-07
quantum/cmb,7,extrap,balanced,1200.0,541.7777867276244,1.1446962087061595e-05,8.726463982403678e-08
quantum/cmb,7,extrap,balanced,1300.0,1002.1184117495229,9.382671363910924e-06,8.723415831871698e-08
quantum/cmb,7,extrap,balanced,1400.0,903.4579930383672,6.922386451839262e-05,1.0015684370481519e-07
quantum/cmb,7,extrap,balanced,1500.0,974.8038899358777,4.85436563642675e-06,8.562104387204844e-08
quantum/cmb,7,extrap,balanced,1600.0,1641.7595322425025,4.223165958227377e-06,8.56154978423508e-08
quantum/cmb,7,extrap,balanced,1700.0,2788.2291840907424,3.426061651190009e-06,8.560835343149545e-08
quantum/cmb,7,extrap,balanced,1800.0,4723.404466962272,2.539885527835487e-06,8.558571168077177e-08
quantum/cmb,7,extrap,balanced,1900.0,4253.460975858495,2.6368488025280393e-05,8.707177136131575e-08
quantum/cmb,7,extrap,balanced,2000.0,4058.167926277393,2.007150023076093e-06,8.567680769304432e-08
quantum/cmb,7,extrap,balanced,2100.0,6658.272174809721,1.548623491664259e-06,8.568432469866634e-08
quantum/cmb,7,extrap,balanced,2200.0,11150.625580231286,1.2226426062532378e-06,8.568977279352719e-08
quantum/cmb,7,extrap,balanced,2300.0,183468.66288358156,1.0655687124146193e-06,8.570927385925202e-08
quantum/cmb,7,extrap,balanced,2400.0,165124.3356233782,7.215581512357754e-05,8.445777647878951e-08
quantum/cmb,7,extrap,balanced,2500.0,148772.04357273318,5.002692401736662e-05,9.375033209436328e-08
quantum/cmb,7,extrap,balanced,2600.0,134200.80477329748,4.21427746582618e-05,9.27658001859878e-08
quantum/cmb,7,extrap,balanced,2700.0,121148.82407065072,3.638282745099172e-05,9.207381570125746e-08
quantum/cmb,7,extrap,balanced,2800.0,109464.22612913295,3.207650054315782e-05,9.158012235633659e-08
quantum/cmb,7,extrap,balanced,2900.0,99012.22775877561,2.8821220502527543e-05,9.122209148344611e-08
quantum/cmb,7,extrap,balanced,3000.0,89671.0851289357,2.633599720282356e-05,9.095621727997175e-08
quantum/cmb,7,extrap,balanced,3100.0,81330.44275306098,2.442029857452454e-05,9.075419171436843e-08
quantum/cmb,7,extrap,balanced,3200.0,73890.18644922871,2.292931324234204e-05,9.059748886938737e-08
quantum/cmb,7,extrap,balanced,3300.0,67259.28440909686,2.1757601794912028e-05,9.047372850677476e-08
quantum/cmb,7,extrap,balanced,3400.0,61355.248404366495,2.0827887782444204e-05,9.037443832226538e-08
quantum/cmb,7,extrap,balanced,3500.0,56103.45185708126,2.0083191490284974e-05,9.029369084623581e-08
quantum/cmb,7,extrap,balanced,3600.0,51436.405368257045,1.9481237917828442e-05,9.022725083431832e-08
quantum/cmb,7,extrap,balanced,3700.0,47293.051574464545,1.899045350946368e-05,9.017203309004551e-08
quantum/cmb,7,extrap,balanced,3800.0,43617.82337425876,1.8587088924194783e-05,9.012574701472133e-08
quantum/cmb,7,extrap,balanced,3900.0,40360.92501889953,1.825314722686914e-05,9.008666569744878e-08
quantum/cmb,7,extrap,balanced,4000.0,37477.17944719087,1.7974880778823998e-05,9.005347111922449e-08
quantum/cmb,7,extrap,balanced,4100.0,34926.36508376986,1.774170477006037e-05,9.002514121895578e-08
quantum/cmb,7,extrap,balanced,4200.0,32672.273008327,1.754540174661e-05,9.000087387381507e-08
quantum/cmb,7,extrap,balanced,4300.0,30682.243155511827,1.7379541481006e-05,8.998003255956833e-08
quantum/cmb,7,extrap,balanced,4400.0,28927.050480661313,1.7239053739670986e-05,8.996210725798485e-08
quantum/cmb,7,extrap,balanced,4500.0,27380.42858409237,1.711990986256385e-05,8.994668801246721e-08
quantum/cmb,7,extrap,balanced,4600.0,26018.68212021725,1.701888463483445e-05,8.993344146553002e-08
quantum/cmb,7,extrap,balanced,4700.0,24820.65042777751,1.693337630443013e-05,8.992209210082369e-08
quantum/cmb,7,extrap,balanced,4800.0,23767.367497326053,1.6861268033363116e-05,8.991241131951985e-08
quantum/cmb,7,extrap,balanced,4900.0,22841.677162825057,1.6800820634507192e-05,8.990420864189966e-08
quantum/cmb,7,extrap,balanced,5000.0,22028.249436010545,1.675058840496976e-05,8.989732267807391e-08
quantum/cmb,7,extrap,balanced,5100.0,21313.49159320051,1.670935109828853e-05,8.98916142374972e-08
quantum/cmb,7,extrap,balanced,5200.0,20685.173491479,1.6676058096927254e-05,8.988696045750633e-08
quantum/cmb,7,extrap,balanced,5300.0,20132.333338810997,1.6649782027267866e-05,8.988324866772117e-08
quantum/cmb,7,extrap,balanced,5400.0,19645.370961065706,1.662967882476739e-05,8.988037264818556e-08
quantum/cmb,7,extrap,balanced,5500.0,19215.792754587004,1.6614952365196945e-05,8.987823197889505e-08
quantum/cmb,7,extrap,balanced,5600.0,18836.088587191593,1.6604822813412974e-05,8.98767290195929e-08
quantum/cmb,7,extrap,balanced,5700.0,18499.97621151822,1.6598497584116033e-05,8.987576262972863e-08
quantum/cmb,7,extrap,balanced,5800.0,18201.82327315895,1.65951442522777e-05,8.987522672230023e-08
quantum/cmb,7,extrap,balanced,5900.0,17935.95614431815,1.6593865471594716e-05,8.987500820138585e-08
quantum/cmb,7,extrap,balanced,5999.0,17935.95614431815,1.659367571809912e-05,8.98749726706266e-08
quantum/cmb,7,extrap,unbalanced,0.0,0.9999999999999971,0.07363554937243984,1.861156299617137
quantum/cmb,7,extrap,unbalanced,100.0,1.0,0.006423820958738631,2.568710582356537e-05
quantum/cmb,7,extrap,unbalanced,200.0,1.0,0.0011624925144928604,1.2936294275301631e-06
quantum/cmb,7,extrap,unbalanced,300.0,1.0000000000000002,0.0009579154714709603,9.27470933457716e-07
quantum/cmb,7,extrap,unbalanced,400.0,1.0000000000000002,0.0008546660748773497,7.537709372999238e-07
quantum/cmb,7,extrap,unbalanced,500.0,1.0,0.0007972017838594415,6.667156085991765e-07
quantum/cmb,7,extrap,unbalanced,600.0,0.9999999999999998,0.0007557191743355126,6.061333967356902e-07
quantum/cmb,7,extrap,unbalanced,700.0,0.9999999999999998,0.0007179516933804929,5.519811609711122e-07
quantum/cmb,7,extrap,unbalanced,800.0,1.0000000000000002,0.000680590996662991,5.000638220806266e-07
quantum/cmb,7,extrap,unbalanced,900.0,1.0000000000000002,0.0006431717300204361,4.503340093982323e-07
quantum/cmb,7,extrap,unbalanced,1000.0,1.0,0.0006058999865021465,4.033603265684456e-07
quantum/cmb,7,extrap,unbalanced,1100.0,1.0,0.0005690958522894545,3.5960420038456466e-07
quantum/cmb,7,extrap,unbalanced,1200.0,0.9999999999999998,0.000533073286953627,3.1934932931252536e-07
quantum/cmb,7,extrap,unbalanced,1300.0,0.9999999999999998,0.0004981158621525024,2.827312611886469e-07
quantum/cmb,7,extrap,unbalanced,1400.0,0.9999999999999999,0.0004644727401517588,2.4976945130801296e-07
quantum/cmb,7,extrap,unbalanced,1500.0,0.9999999999999999,0.00043235930164704756,2.2039273939002697e-07
quantum/cmb,7,extrap,unbalanced,1600.0,1.0000000000000002,0.00040195857812519794,1.9446009920922108e-07
quantum/cmb,7,extrap,unbalanced,1700.0,1.0,0.0003734223050402058,1.7177823182301401e-07
quantum/cmb,7,extrap,unbalanced,1800.0,0.9999999999999998,0.0003468712660078252,1.5211677081621058e-07
quantum/cmb,7,extrap,unbalanced,1900.0,1.0000000000000002,0.00032239493565935245,1.3522146541540538e-07
quantum/cmb,7,extrap,unbalanced,2000.0,0.9999999999999999,0.00030005058621626504,1.2082552882361104e-07
quantum/cmb,7,extrap,unbalanced,2100.0,1.0000000000000002,0.0002798621316237741,1.086592535069037e-07
quantum/cmb,7,extrap,unbalanced,2200.0,1.0000000000000002,0.00026181909049847026,9.845795429974713e-08
quantum/cmb,7,extrap,unbalanced,2300.0,0.9999999999999998,0.00024587615211904654,8.996828990214396e-08
quantum/cmb,7,extrap,unbalanced,2400.0,0.9999999999999999,0.00023195388837993713,8.295302716377886e-08
quantum/cmb,7,extrap,unbalanced,2500.0,0.9999999999999998,0.00021994110903147143,7.719434290298611e-08
quantum/cmb,7,extrap,unbalanced,2600.0,1.0,0.0002096991586156816,7.24957958955295e-08
quantum/cmb,7,extrap,unbalanced,2700.0,1.0,0.00020106810508092017,6.868313791565182e-08
quantum/cmb,7,extrap,unbalanced,2800.0,0.9999999999999998,0.0001938743539146278,6.560415986397481e-08
quantum/cmb,7,extrap,unbalanced,2900.0,1.0,0.00018793887674291743,6.312778261442539e-08
quantum/cmb,7,extrap,unbalanced,3000.0,1.0000000000000002,0.00018308509896718255,6.114260094393146e-08
quantum/cmb,7,extrap,unbalanced,3100.0,1.0000000000000002,0.00017914559607633658,5.9555074161266705e-08
quantum/cmb,7,extrap,unbalanced,3200.0,1.0,0.00017596704700023532,5.8287532134132884e-08
quantum/cmb,7,extrap,unbalanced,3300.0,1.0,0.00017341326394361423,5.727613447421673e-08
quantum/cmb,7,extrap,unbalanced,3400.0,1.0000000000000002,0.0001713664416675699,5.6468887621949275e-08
quantum/cmb,7,extrap,unbalanced,3500.0,1.0,0.00016972697510149714,5.582379297283611e-08
quantum/cmb,7,extrap,unbalanced,3600.0,1.0,0.00016841227246001283,5.530717122794273e-08
quantum/cmb,7,extrap,unbalanced,3700.0,0.9999999999999998,0.00016735497134188427,5.489218521543693e-08
quantum/cmb,7,extrap,unbalanced,3800.0,1.0,0.00016650089038349714,5.4557565920427765e-08
quantum/cmb,7,extrap,unbalanced,3900.0,1.0000000000000002,0.00016580695618407566,5.4286534054238655e-08
quantum/cmb,7,extrap,unbalanced,4000.0,1.0,0.00016523925809948487,5.40659016282384e-08
quantum/cmb,7,extrap,unbalanced,4100.0,0.9999999999999999,0.00016477131377525014,5.3885333638154853e-08
quantum/cmb,7,extrap,unbalanced,4200.0,1.0,0.00016438257812918398,5.373674838931871e-08
quantum/cmb,7,extrap,unbalanced,4300.0,1.0000000000000002,0.00016405719617395556,5.361383522372786e-08
quantum/cmb,7,extrap,unbalanced,4400.0,0.9999999999999998,0.00016378298129761046,5.351166985205785e-08
quantum/cmb,7,extrap,unbalanced,4500.0,0.9999999999999999,0.0001635505915656442,5.342640959110709e-08
quantum/cmb,7,extrap,unbalanced,4600.0,1.0,0.0001633528737703119,5.3355053155712466e-08
quantum/cmb,7,extrap,unbalanced,4700.0,0.9999999999999998,0.00016318434581639584,5.329525201048825e-08
quantum/cmb,7,extrap,unbalanced,4800.0,1.0000000000000002,0.000163040790813326,5.3245162497640436e-08
quantum/cmb,7,extrap,unbalanced,4900.0,1.0000000000000002,0.00016291893983447559,5.3203329902448515e-08
quantum/cmb,7,extrap,unbalanced,5000.0,0.9999999999999999,0.00016281622398386578,5.316859730426826e-08
quantum/cmb,7,extrap,unbalanced,5100.0,1.0,0.00016273057983607042,5.31400334625508e-08
quantum/cmb,7,extrap,unbalanced,5200.0,1.0,0.00016266029533705369,5.31168751115258e-08
quantum/cmb,7,extrap,unbalanced,5300.0,0.9999999999999999,0.0001626038857318129,5.3098479957657965e-08
quantum/cmb,7,extrap,unbalanced,5400.0,1.0000000000000002,0.00016255999116590383,5.308428738596934e-08
quantum/cmb,7,extrap,unbalanced,5500.0,1.0000000000000002,0.00016252728926079735,5.3073784449006805e-08
quantum/cmb,7,extrap,unbalanced,5600.0,1.0,0.000162504417356366,5.306647519781062e-08
quantum/cmb,7,extrap,unbalanced,5700.0,1.0000000000000002,0.00016248990035948592,5.3061851877183936e-08
quantum/cmb,7,extrap,unbalanced,5800.0,0.9999999999999999,0.00016248208145773816,5.305936700877592e-08
quantum/cmb,7,extrap,unbalanced,5900.0,1.0000000000000002,0.0001624790545385009,5.305840609844534e-08
quantum/cmb,7,extrap,unbalanced,5999.0,1.0000000000000002,0.0001624785993257108,5.305826165349489e-08
quantum/cmb,19,interp,balanced,0.0,12.738925910189586,0.05740823425634895,0.48662599190671924
quantum/cmb,19,interp,balanced,100.0,37.134843343560156,0.0005570554615543437,2.986391163029836e-06
quantum/cmb,19,interp,balanced,200.0,35.54481888400307,0.00031503138010696913,1.4244502577443035e-07
quantum/cmb,19,interp,balanced,300.0,78.50614293656713,0.0001668973668917895,7.178583869831212e-08
quantum/cmb,19,interp,balanced,400.0,71.21326455669521,0.00017038777391577197,6.910425399056484e-08
quantum/cmb,19,interp,balanced,500.0,80.31731710306403,9.141274718484375e-05,5.905245805024923e-08
quantum/cmb,19,interp,balanced,600.0,95.15428890327783,6.412690276982751e-05,5.547884465713546e-08
quantum/cmb,19,interp,balanced,700.0,121.54622432589274,4.5089681314469775e-05,5.37937835432865e-08
quantum/cmb,19,interp,balanced,800.0,166.52544119276618,3.407292232694017e-05,5.304679703191083e-08
quantum/cmb,19,interp,balanced,900.0,150.83541873522753,9.814728671871009e-05,6.654872149867887e-08
quantum/cmb,19,interp,balanced,1000.0,718.2224267628804,9.548605658401584e-06,5.2109527842988404e-08
quantum/cmb,19,interp,balanced,1100.0,1082.2364814213636,5.528308772318096e-06,5.1706542184847035e-08
quantum/cmb,19,interp,balanced,1200.0,975.2817663717497,6.71701934409868e-05,5.70808079001932e-08
quantum/cmb,19,interp,balanced,1300.0,898.2978998387119,1.4423683614857754e-05,5.1164930966233134e-08
quantum/cmb,19,interp,balanced,1400.0,1096.1528854129042,1.0312188386132715e-05,5.141139711904373e-08
quantum/cmb,19,interp,balanced,1500.0,1361.8796043389457,8.794121763422735e-06,5.146191549238951e-08
quantum/cmb,19,interp,balanced,1600.0,1696.2783680858481,7.334059392979551e-06,5.146608190343889e-08
quantum/cmb,19,interp,balanced,1700.0,2123.63815228203,5.800385042155668e-06,5.146406027225975e-08
quantum/cmb,19,interp,balanced,1800.0,2700.1181564932153,4.278179173818414e-06,5.1464692961393816e-08
quantum/cmb,19,interp,balanced,1900.0,3534.073982351083,2.874399488247439e-06,5.14676047845557e-08
quantum/cmb,19,interp,balanced,2000.0,4843.79079148785,1.7030569625802089e-06,5.147052095027991e-08
quantum/cmb,19,interp,balanced,2100.0,7094.0710811466215,8.728349657259543e-07,5.147052819455102e-08
quantum/cmb,19,interp,balanced,2200.0,11274.625357412242,4.4393867988952887e-07,5.146537074561942e-08
quantum/cmb,19,interp,balanced,2300.0,10149.288896792015,8.934006142492567e-05,1.324946903681717e-07
quantum/cmb,19,interp,balanced,2400.0,9185.095013589162,3.426093143367823e-06,5.138064833603833e-08
quantum/cmb,19,interp,balanced,2500.0,11812.498872448607,3.2686302564998117e-06,5.1336420003168226e-08
quantum/cmb,19,interp,balanced,2600.0,20036.075777807815,3.1546325266247714e-06,5.13397761175283e-08
quantum/cmb,19,interp,balanced,2700.0,26802.359678594745,2.9957019386424377e-06,5.13427662882897e-08
quantum/cmb,19,interp,balanced,2800.0,31866.518529464687,2.815111886773438e-06,5.1343744589744576e-08
quantum/cmb,19,interp,balanced,2900.0,36450.02612689932,2.6270031133671703e-06,5.134260931844526e-08
quantum/cmb,19,interp,balanced,3000.0,41108.81029155008,2.435940385897253e-06,5.1340265703123555e-08
quantum/cmb,19,interp,balanced,3100.0,46287.06369327114,2.245729374247072e-06,5.133761737363014e-08
quantum/cmb,19,interp,balanced,3200.0,52399.448374796346,2.0594333640906864e-06,5.133527534830581e-08
quantum/cmb,19,interp,balanced,3300.0,47161.179604977275,1.8225514951820357e-05,5.263120814252079e-08
quantum/cmb,19,interp,balanced,3400.0,42521.472696624296,2.3509420748322236e-06,5.15171327502252e-08
quantum/cmb,19,interp,balanced,3500.0,44411.77515899237,2.096292996024181e-06,5.1495312479286134e-08
quantum/cmb,19,interp,balanced,3600.0,51283.629177932366,1.8769711443634207e-06,5.1485029686923696e-08
quantum/cmb,19,interp,balanced,3700.0,59048.58878272129,1.659040750793489e-06,5.1475537624855595e-08
quantum/cmb,19,interp,balanced,3800.0,68053.77990980746,1.4450224834155822e-06,5.146654631247394e-08
quantum/cmb,19,interp,balanced,3900.0,78816.08539719052,1.2391857892734709e-06,5.1458067427151305e-08
quantum/cmb,19,interp,balanced,4000.0,92123.10140627573,1.0451040656449086e-06,5.1450170092008096e-08
quantum/cmb,19,interp,balanced,4100.0,82912.61820474264,6.21574674407311e-06,5.128163380761043e-08
quantum/cmb,19,interp,balanced,4200.0,74982.02012218474,1.0939608720858053e-06,5.148057454471067e-08
quantum/cmb,19,interp,balanced,4300.0,111293.45757620205,9.544546447610959e-07,5.1470322643923764e-08
quantum/cmb,19,interp,balanced,4400.0,131899.12295904977,8.000310918998063e-07,5.146210076953296e-08
quantum/cmb,19,interp,balanced,4500.0,159371.32452754944,6.598225065784685e-07,5.145474999590341e-08
quantum/cmb,19,interp,balanced,4600.0,143435.30570650526,8.482304823212534e-06,5.125478779282893e-08
quantum/cmb,19,interp,balanced,4700.0,130757.34939361039,1.1494567848163925e-06,5.150695014839046e-08
quantum/cmb,19,interp,balanced,4800.0,140511.7161220384,1.0151716832738855e-06,5.149670815296477e-08
quantum/cmb,19,interp,balanced,4900.0,160480.91827330086,9.075315067826664e-07,5.148930845132124e-08
quantum/cmb,19,interp,balanced,5000.0,183965.82148737623,8.148848578344606e-07,5.1482881949476444e-08
quantum/cmb,19,interp,balanced,5100.0,210832.35603307092,7.358294123868127e-07,5.147722126718891e-08
quantum/cmb,19,interp,balanced,5200.0,241141.83444790254,6.696571075298719e-07,5.1472299654103265e-08
quantum/cmb,19,interp,balanced,5300.0,274789.07079146156,6.155173997952711e-07,5.146811377083501e-08
quantum/cmb,19,interp,balanced,5400.0,311115.74135725625,5.724486713661202e-07,5.1464659117338295e-08
quantum/cmb,19,interp,balanced,5500.0,349199.8544116347,5.39472636667985e-07,5.1461926068548256e-08
quantum/cmb,19,interp,balanced,5600.0,387691.9315074692,5.155921930983192e-07,5.1459892634502446e-08
quantum/cmb,19,interp,balanced,5700.0,425021.3668343841,4.997658056881038e-07,5.145851745869617e-08
quantum/cmb,19,interp,balanced,5800.0,459719.4491281534,4.90795892580448e-07,5.145772779695123e-08
quantum/cmb,19,interp,balanced,5900.0,490761.4538739936,4.871233981208175e-07,5.1457402562684805e-08
quantum/cmb,19,interp,balanced,5999.0,490761.4538739936,4.865406649744265e-07,5.145735124749496e-08
quantum/cmb,19,interp,unbalanced,0.0,0.9999999999999988,0.05740823425634895,0.48662599190671924
quantum/cmb,19,interp,unbalanced,100.0,1.0,0.001956497775148458,1.472897511376399e-06
quantum/cmb,19,interp,unbalanced,200.0,1.0000000000000002,0.0003927342829115023,1.9485851002896054e-07
quantum/cmb,19,interp,unbalanced,300.0,1.0,0.0003222003104913533,1.453190804218718e-07
quantum/cmb,19,interp,unbalanced,400.0,0.9999999999999998,0.00027463457536737717,1.1804719511198002e-07
quantum/cmb,19,interp,unbalanced,500.0,1.0000000000000002,0.0002436366625908596,1.0300168948806348e-07
quantum/cmb,19,interp,unbalanced,600.0,1.0,0.00022147475527612982,9.372061431182979e-08
quantum/cmb,19,interp,unbalanced,700.0,1.0000000000000002,0.0002037713419005651,8.722855177593162e-08
quantum/cmb,19,interp,unbalanced,800.0,1.0000000000000002,0.0001888370806555008,8.237232005994717e-08
quantum/cmb,19,interp,unbalanced,900.0,1.0,0.00017614163473495028,7.867710654553366e-08
quantum/cmb,19,interp,unbalanced,1000.0,1.0000000000000002,0.00016544947804826034,7.586849346779698e-08
quantum/cmb,19,interp,unbalanced,1100.0,1.0000000000000002,0.00015652435479556056,7.373245078708336e-08
quantum/cmb,19,interp,unbalanced,1200.0,0.9999999999999999,0.0001490851702504876,7.20895842149943e-08
quantum/cmb,19,interp,unbalanced,1300.0,0.9999999999999997,0.00014283551490676107,7.079454773695215e-08
quantum/cmb,19,interp,unbalanced,1400.0,1.0000000000000002,0.00013749905443888883,6.973601989153802e-08
quantum/cmb,19,interp,unbalanced,1500.0,0.9999999999999997,0.00013284182262451486,6.883351244159995e-08
quantum/cmb,19,interp,unbalanced,1600.0,0.9999999999999998,0.00012868016094629041,6.803206981615804e-08
quantum/cmb,19,interp,unbalanced,1700.0,1.0000000000000002,0.0001248784975073442,6.729634303874142e-08
quantum/cmb,19,interp,unbalanced,1800.0,0.9999999999999998,0.00012134180243366214,6.660506707077077e-08
quantum/cmb,19,interp,unbalanced,1900.0,0.9999999999999998,0.0021863804174950233,4.704652380696268e-06
quantum/cmb,19,interp,unbalanced,2000.0,1.0000000000000004,0.00011098989674622325,6.299979470297076e-08
quantum/cmb,19,interp,unbalanced,2100.0,0.9999999999999996,0.00010655676976395774,6.265156999973898e-08
quantum/cmb,19,interp,unbalanced,2200.0,0.9999999999999996,0.00010354864662556594,6.222323015590285e-08
quantum/cmb,19,interp,unbalanced,2300.0,1.0000000000000002,0.00010084457147420505,6.182111426729625e-08
quantum/cmb,19,interp,unbalanced,2400.0,1.0000000000000002,9.835379492452022e-05,6.143852449218643e-08
quantum/cmb,19,interp,unbalanced,2500.0,0.9999999999999998,9.60283064863207e-05,6.107230797555968e-08
quantum/cmb,19,interp,unbalanced,2600.0,1.0000000000000004,9.383916438811111e-05,6.0720765892999e-08
quantum/cmb,19,interp,unbalanced,2700.0,1.0000000000000007,9.176783658467545e-05,6.038324121023709e-08
quantum/cmb,19,interp,unbalanced,2800.0,1.0000000000000002,8.980214786092663e-05,6.005964991229946e-08
quantum/cmb,19,interp,unbalanced,2900.0,1.0000000000000009,8.793394980658368e-05,5.975014247071373e-08
quantum/cmb,19,interp,unbalanced,3000.0,0.9999999999999999,8.615766303014338e-05,5.9454904838003385e-08
quantum/cmb,19,interp,unbalanced,3100.0,0.9999999999999993,8.446933896718424e-05,5.917405866142621e-08
quantum/cmb,19,interp,unbalanced,3200.0,1.0000000000000009,8.286605219290645e-05,5.890762247281865e-08
quantum/cmb,19,interp,unbalanced,3300.0,0.9999999999999997,8.13455073011271e-05,5.865550690806152e-08
quantum/cmb,19,interp,unbalanced,3400.0,0.9999999999999999,7.990578588021458e-05,5.841752693325359e-08
quantum/cmb,19,interp,unbalanced,3500.0,1.0000000000000002,7.854518526731675e-05,5.8193421009665714e-08
quantum/cmb,19,interp,unbalanced,3600.0,0.9999999999999998,7.726211767148929e-05,5.7982871602765095e-08
quantum/cmb,19,interp,unbalanced,3700.0,0.9999999999999989,7.605504911121556e-05,5.778552416315211e-08
quantum/cmb,19,interp,unbalanced,3800.0,1.000000000000001,7.492246448005842e-05,5.760100330018318e-08
quantum/cmb,19,interp,unbalanced,3900.0,0.9999999999999996,7.386284948902065e-05,5.7428925744049924e-08
quantum/cmb,19,interp,unbalanced,4000.0,0.9999999999999996,7.28746830137791e-05,5.7268910150176784e-08
quantum/cmb,19,interp,unbalanced,4100.0,1.0,7.195643521853062e-05,5.712058400963263e-08
quantum/cmb,19,interp,unbalanced,4200.0,1.0000000000000007,7.110656809470556e-05,5.698358799352434e-08
quantum/cmb,19,interp,unbalanced,4300.0,0.999999999999999,7.032353584559019e-05,5.6857578066449354e-08
quantum/cmb,19,interp,unbalanced,4400.0,1.0000000000000004,6.960578318340944e-05,5.6742225656158905e-08
quantum/cmb,19,interp,unbalanced,4500.0,0.9999999999999994,6.89517399658096e-05,5.663721611805691e-08
quantum/cmb,19,interp,unbalanced,4600.0,0.9999999999999986,6.835981089511909e-05,5.654224566600853e-08
quantum/cmb,19,interp,unbalanced,4700.0,0.9999999999999991,6.78283591146074e-05,5.64570168842697e-08
quantum/cmb,19,interp,unbalanced,4800.0,1.0000000000000004,6.735568263480951e-05,5.6381232870983686e-08
quantum/cmb,19,interp,unbalanced,4900.0,1.0,6.69399824922315e-05,5.63145900084627e-08
quantum/cmb,19,interp,unbalanced,5000.0,0.9999999999999987,6.657932149113126e-05,5.62567693014822e-08
quantum/cmb,19,interp,unbalanced,5100.0,1.0000000000000016,6.62715722988165e-05,5.620742617480089e-08
quantum/cmb,19,interp,unbalanced,5200.0,0.9999999999999998,6.601435357250268e-05,5.6166178581990963e-08
quantum/cmb,19,interp,unbalanced,5300.0,0.9999999999999998,6.580495274994474e-05,5.613259324530024e-08
quantum/cmb,19,interp,unbalanced,5400.0,0.9999999999999997,6.564023417878246e-05,5.610616983327792e-08
quantum/cmb,19,interp,unbalanced,5500.0,0.9999999999999997,6.551653144996441e-05,5.6086322899531044e-08
quantum/cmb,19,interp,unbalanced,5600.0,1.0000000000000007,6.542952325417755e-05,5.607236145711161e-08
quantum/cmb,19,interp,unbalanced,5700.0,1.0000000000000004,6.537409288358665e-05,5.6063466181300044e-08
quantum/cmb,19,interp,unbalanced,5800.0,1.0000000000000016,6.534417283851847e-05,5.605866442935894e-08
quantum/cmb,19,interp,unbalanced,5900.0,1.0000000000000007,6.533257801124799e-05,5.6056803579080815e-08
quantum/cmb,19,interp,unbalanced,5999.0,0.9999999999999992,6.533083377390814e-05,5.605652365044945e-08
quantum/cmb,19,extrap,balanced,0.0,24.516382286669813,0.058092533106629894,1.7849827675679724
quantum/cmb,19,extrap,balanced,100.0,72.9684337117969,0.00041053943440403615,4.667702142818286e-05
quantum/cmb,19,extrap,balanced,200.0,80.33463841405263,0.0002563073936144522,1.7113100767967893e-07
quantum/cmb,19,extrap,balanced,300.0,72.49842222289944,0.00020216759630065743,1.2098124752782187e-07
quantum/cmb,19,extrap,balanced,400.0,93.33736762207647,0.00014138040233337888,1.2123388230221085e-07
quantum/cmb,19,extrap,balanced,500.0,133.81539564066264,0.0001103052220314616,1.1286938367306779e-07
quantum/cmb,19,extrap,balanced,600.0,121.84982678052512,0.00010115370908338039,1.0531812614224325e-07
quantum/cmb,19,extrap,balanced,700.0,142.48565816010873,5.0840546252572914e-05,9.459782505025686e-08
quantum/cmb,19,extrap,balanced,800.0,214.6237506458863,3.987956197642469e-05,9.356514322366627e-08
quantum/cmb,19,extrap,balanced,900.0,324.20119991210356,2.9376708757002e-05,9.220546009770402e-08
quantum/cmb,19,extrap,balanced,1000.0,496.881553639821,1.906178344135578e-05,9.045193654957697e-08
quantum/cmb,19,extrap,balanced,1100.0,448.50794518315246,0.0001503300291421404,1.407054547471165e-07
quantum/cmb,19,extrap,balanced,1200.0,456.3779694726453,2.2133215798987993e-05,8.373367622746665e-08
quantum/cmb,19,extrap,balanced,1300.0,683.8902000952319,2.0968488808705284e-05,8.385527976969788e-08
quantum/cmb,19,extrap,balanced,1400.0,1005.9276647258027,1.94731264827129e-05,8.404643660955543e-08
quantum/cmb,19,extrap,balanced,1500.0,1453.8393910884329,1.7432420565882398e-05,8.427685619921934e-08
quantum/cmb,19,extrap,balanced,1600.0,2061.711839369759,1.4790272918256153e-05,8.459017302434141e-08
quantum/cmb,19,extrap,balanced,1700.0,1857.886988182518,4.027298862781529e-05,7.636865997576804e-08
quantum/cmb,19,extrap,balanced,1800.0,2331.116903922972,1.3912733586034708e-05,8.368642742082743e-08
quantum/cmb,19,extrap,balanced,1900.0,5173.576046089065,1.2051579050663659e-05,8.394862435737796e-08
quantum/cmb,19,extrap,balanced,2000.0,4661.272025406201,1.650785340396362e-05,8.18429160120176e-08
quantum/cmb,19,extrap,balanced,2100.0,9350.053276266055,9.231774935143851e-06,8.481432122013074e-08
quantum/cmb,19,extrap,balanced,2200.0,17087.997009003775,6.5393076582928615e-06,8.521149899055035e-08
quantum/cmb,19,extrap,balanced,2300.0,15382.079584390847,6.583876753215337e-05,7.787630964779661e-08
quantum/cmb,19,extrap,balanced,2400.0,13971.421356304512,1.580460808656875e-05,8.4871357678162e-08
quantum/cmb,19,extrap,balanced,2500.0,13587.792759190505,1.3029544019661518e-05,8.499814803947655e-08
quantum/cmb,19,extrap,balanced,2600.0,13432.448353204547,1.1869842346214046e-05,8.514456477400135e-08
quantum/cmb,19,extrap,balanced,2700.0,13415.84939535845,1.120901141712295e-05,8.524006475769381e-08
quantum/cmb,19,extrap,balanced,2800.0,13486.658044051412,1.0704490909219616e-05,8.530608040449241e-08
quantum/cmb,19,extrap,balanced,2900.0,13621.22177627806,1.0254604326968327e-05,8.535558292573084e-08
quantum/cmb,19,extrap,balanced,3000.0,13809.860182886885,9.829574907178233e-06,8.539593105270377e-08
quantum/cmb,19,extrap,balanced,3100.0,14046.540258684854,9.420633959271473e-06,8.543115893496118e-08
quantum/cmb,19,extrap,balanced,3200.0,14328.297045453273,9.025196136196617e-06,8.546341859626764e-08
quantum/cmb,19,extrap,balanced,3300.0,14653.487756139286,8.64253357641768e-06,8.549382990402867e-08
quantum/cmb,19,extrap,balanced,3400.0,15021.301308917058,8.272522857063782e-06,8.552295521282375e-08
quantum/cmb,19,extrap,balanced,3500.0,15431.452838690255,7.915273246976796e-06,8.555105962553742e-08
quantum/cmb,19,extrap,balanced,3600.0,15883.9885977383,7.5710077518323275e-06,8.557825132181865e-08
quantum/cmb,19,extrap,balanced,3700.0,16379.123748523907,7.2400173916556545e-06,8.560455639178333e-08
quantum/cmb,19,extrap,balanced,3800.0,16917.12547123283,6.922637904091117e-06,8.562995840578556e-08
quantum/cmb,19,extrap,balanced,3900.0,17498.293925318656,6.619233749697698e-06,8.565441931042294e-08
quantum/cmb,19,extrap,balanced,4000.0,18122.813182712798,6.330183743936566e-06,8.567789068268676e-08
quantum/cmb,19,extrap,balanced,4100.0,18790.66075450258,6.055869302106091e-06,8.570031977333598e-08
quantum/cmb,19,extrap,balanced,4200.0,19501.51573837775,5.796663841978536e-06,8.572165296772312e-08
quantum/cmb,19,extrap,balanced,4300.0,20254.65853907959,5.552923043891241e-06,8.574183793553696e-08
quantum/cmb,19,extrap,balanced,4400.0,21048.822874693626,5.324975942700076e-06,8.576082505507076e-08
quantum/cmb,19,extrap,balanced,4500.0,21881.9549045291,5.113117146778311e-06,8.577856841896595e-08
quantum/cmb,19,extrap,balanced,4600.0,22751.117304729447,4.917600486875881e-06,8.579502669490798e-08
quantum/cmb,19,extrap,balanced,4700.0,23652.82783074087,4.738632049154576e-06,8.581016410996287e-08
quantum/cmb,19,extrap,balanced,4800.0,24582.36540399832,4.576359539973537e-06,8.582395105266087e-08
quantum/cmb,19,extrap,balanced,4900.0,25533.709866102472,4.430864987813413e-06,8.583636498293307e-08
quantum/cmb,19,extrap,balanced,5000.0,26500.01532051072,4.3021543170633e-06,8.584739160680527e-08
quantum/cmb,19,extrap,balanced,5100.0,27473.313748806726,4.1901401219329095e-06,8.585702606030193e-08
quantum/cmb,19,extrap,balanced,5200.0,28444.468024009035,4.094620366661847e-06,8.586527481272786e-08
quantum/cmb,19,extrap,balanced,5300.0,29403.976198746914,4.01524904001334e-06,8.587215831994305e-08
quantum/cmb,19,extrap,balanced,5400.0,30341.997433460117,3.951493833805157e-06,8.587771442151201e-08
quantum/cmb,19,extrap,balanced,5500.0,31248.71119860305,3.902581051965477e-06,8.58820034377863e-08
quantum/cmb,19,extrap,balanced,5600.0,32114.924815803828,3.867424057288833e-06,8.58851150014944e-08
quantum/cmb,19,extrap,balanced,5700.0,32932.71705095325,3.8445331600833415e-06,8.588717338574772e-08
quantum/cmb,19,extrap,balanced,5800.0,33696.1363710721,3.831907337095115e-06,8.588833902776993e-08
quantum/cmb,19,extrap,balanced,5900.0,34401.471405115764,3.826911186602785e-06,8.588882090011592e-08
quantum/cmb,19,extrap,balanced,5999.0,34401.471405115764,3.826145407987835e-06,8.588890233984198e-08
quantum/cmb,19,extrap,unbalanced,0.0,0.9999999999999803,0.058092533106629894,1.7849827675679724
quantum/cmb,19,extrap,unbalanced,100.0,1.0000000000000002,0.0031189446531550945,9.748532027051474e-06
quantum/cmb,19,extrap,unbalanced,200.0,0.9999999999999999,0.0017700036530361317,3.1691225307026766e-06
quantum/cmb,19,extrap,unbalanced,300.0,1.0,0.0015756246700529388,2.5647794208246093e-06
quantum/cmb,19,extrap,unbalanced,400.0,1.0000000000000002,0.0013999818724901927,2.0553810828395304e-06
quantum/cmb,19,extrap,unbalanced,500.0,0.9999999999999999,0.001230115806719015,1.6175598668834953e-06
quantum/cmb,19,extrap,unbalanced,600.0,1.0,0.0010735645380133883,1.2646789964424165e-06
quantum/cmb,19,extrap,unbalanced,700.0,1.0,0.0009356847679255666,9.941388800566396e-07
quantum/cmb,19,extrap,unbalanced,800.0,1.0,0.0008192157095537819,7.948058730502945e-07
quantum/cmb,19,extrap,unbalanced,900.0,1.0,0.0007244139101905444,6.520241849620017e-07
quantum/cmb,19,extrap,unbalanced,1000.0,0.9999999999999999,0.0006494113021325517,5.510739886249263e-07
quantum/cmb,19,extrap,unbalanced,1100.0,1.0000000000000002,0.0005909124228895232,4.792596272580916e-07
quantum/cmb,19,extrap,unbalanced,1200.0,1.0000000000000002,0.0005451019939659002,4.267955590641526e-07
quantum/cmb,19,extrap,unbalanced,1300.0,1.0000000000000002,0.0005084477875602728,3.8680352417117257e-07
quantum/cmb,19,extrap,unbalanced,1400.0,1.0,0.0004781567277723731,3.548101563390688e-07
quantum/cmb,19,extrap,unbalanced,1500.0,1.0000000000000002,0.0004522682642137582,3.2808580548124976e-07
quantum/cmb,19,extrap,unbalanced,1600.0,1.0000000000000002,0.00042952425158285896,3.05040819149792e-07
quantum/cmb,19,extrap,unbalanced,1700.0,0.9999999999999999,0.00040916670554777486,2.847694357162846e-07
quantum/cmb,19,extrap,unbalanced,1800.0,0.9999999999999998,0.0003907540421648334,2.667470802486119e-07
quantum/cmb,19,extrap,unbalanced,1900.0,0.9999999999999998,0.0003740271027926787,2.506487101307756e-07
quantum/cmb,19,extrap,unbalanced,2000.0,1.0,0.0003588235336724109,2.362487303660195e-07
quantum/cmb,19,extrap,unbalanced,2100.0,0.9999999999999999,0.00034502799459406935,2.2337005485470204e-07
quantum/cmb,19,extrap,unbalanced,2200.0,1.0000000000000002,0.00033254542778203317,2.1186022889971162e-07
quantum/cmb,19,extrap,unbalanced,2300.0,0.9999999999999999,0.0003212878857343815,2.0158128619806424e-07
quantum/cmb,19,extrap,unbalanced,2400.0,1.0000000000000002,0.0003111688276445812,1.9240600452552277e-07
quantum/cmb,19,extrap,unbalanced,2500.0,0.9999999999999999,0.0003021013150097943,1.8421682924929003e-07
quantum/cmb,19,extrap,unbalanced,2600.0,1.0,0.00029399812961751384,1.7690571153907108e-07
quantum/cmb,19,extrap,unbalanced,2700.0,1.0000000000000002,0.0002867727529357002,1.7037411330793507e-07
quantum/cmb,19,extrap,unbalanced,2800.0,1.0,0.00028034064275891084,1.6453290654443184e-07
quantum/cmb,19,extrap,unbalanced,2900.0,0.9999999999999998,0.00027462050603612115,1.59302102152368e-07
quantum/cmb,19,extrap,unbalanced,3000.0,1.0000000000000002,0.00026953540858767736,1.5461042396338648e-07
quantum/cmb,19,extrap,unbalanced,3100.0,1.0,0.0002650136435658223,1.5039476804756868e-07
quantum/cmb,19,extrap,unbalanced,3200.0,1.0,0.00026098933081141867,1.465995892558627e-07
quantum/cmb,19,extrap,unbalanced,3300.0,1.0,0.0002574027519441168,1.4317625091549454e-07
quantum/cmb,19,extrap,unbalanced,3400.0,1.0000000000000002,0.0002542004470041306,1.4008236580814116e-07
quantum/cmb,19,extrap,unbalanced,3500.0,0.9999999999999998,0.0002513351104988128,1.3728114930766662e-07
quantum/cmb,19,extrap,unbalanced,3600.0,0.9999999999999998,0.00024876532981374995,1.3474079938399359e-07
quantum/cmb,19,extrap,unbalanced,3700.0,1.0000000000000002,0.0002464552088713303,1.324339132430553e-07
quantum/cmb,19,extrap,unbalanced,3800.0,1.0,0.00024437391627432295,1.303369464785704e-07
quantum/cmb,19,extrap,unbalanced,3900.0,1.0000000000000002,0.00024249519155997994,1.2842971757048204e-07
quantum/cmb,19,extrap,unbalanced,4000.0,0.9999999999999998,0.00024079683661331103,1.26694958283974e-07
quantum/cmb,19,extrap,unbalanced,4100.0,1.0000000000000002,0.00023926021278974092,1.2511790877677906e-07
quantum/cmb,19,extrap,unbalanced,4200.0,1.0000000000000002,0.00023786975824903304,1.2368595497871746e-07
quantum/cmb,19,extrap,unbalanced,4300.0,0.9999999999999999,0.00023661253488906886,1.2238830491268739e-07
quantum/cmb,19,extrap,unbalanced,4400.0,0.9999999999999999,0.00023547780999953958,1.2121570001917856e-07
quantum/cmb,19,extrap,unbalanced,4500.0,1.0000000000000002,0.00023445667444458147,1.20160157178166e-07
quantum/cmb,19,extrap,unbalanced,4600.0,1.0000000000000002,0.00023354169672351035,1.1921473686991945e-07
quantum/cmb,19,extrap,unbalanced,4700.0,0.9999999999999998,0.00023272661042069253,1.1837333282757755e-07
quantum/cmb,19,extrap,unbalanced,4800.0,1.0000000000000002,0.00023200603135701373,1.176304784388005e-07
quantum/cmb,19,extrap,unbalanced,4900.0,1.0000000000000002,0.00023137519990527837,1.1698116516003385e-07
quantum/cmb,19,extrap,unbalanced,5000.0,1.0,0.0002308297434567032,1.1642066820041295e-07
quantum/cmb,19,extrap,unbalanced,5100.0,0.9999999999999999,0.00023036545373954716,1.1594437470609147e-07
quantum/cmb,19,extrap,unbalanced,5200.0,1.0000000000000002,0.00022997807358982126,1.1554760973306036e-07
quantum/cmb,19,extrap,unbalanced,5300.0,0.9999999999999998,0.00022966308780645662,1.1522545534814458e-07
quantum/cmb,19,extrap,unbalanced,5400.0,1.0,0.00022941551291294783,1.1497255841085948e-07
quantum/cmb,19,extrap,unbalanced,5500.0,1.0,0.0002292296810298866,1.1478292301086938e-07
quantum/cmb,19,extrap,unbalanced,5600.0,0.9999999999999999,0.00022909901380379022,1.1464968439603736e-07
quantum/cmb,19,extrap,unbalanced,5700.0,0.9999999999999999,0.00022901578359881886,1.1456486266724107e-07
quantum/cmb,19,extrap,unbalanced,5800.0,0.9999999999999998,0.00022897086125813802,1.145190970163287e-07
quantum/cmb,19,extrap,unbalanced,5900.0,1.0000000000000002,0.0002289534530451062,1.1450136509575934e-07
quantum/cmb,19,extrap,unbalanced,5999.0,0.9999999999999999,0.00022895083432036782,1.1449869779586308e-07
quantum/helium,3,interp,balanced,0.0,6.4578375324390365,0.15329384330736223,1.4527217417781577
quantum/helium,3,interp,balanced,100.0,11.867651005604236,0.003696738173123467,0.0028754429507176224
quantum/helium,3,interp,balanced,200.0,36.721049755411684,0.002606110320122864,0.002878391262885472
quantum/helium,3,interp,balanced,300.0,116.7990395521191,0.0011141172932038316,0.002963011257812357
quantum/helium,3,interp,balanced,400.0,118.42930785192128,0.00036428147042375506,0.003023781268281369
quantum/helium,3,interp,balanced,500.0,364.5668797695862,0.00030224760752060864,0.0030227822193547864
quantum/helium,3,interp,balanced,600.0,1134.4818456314542,0.00013876839730693613,0.0030332729399053324
quantum/helium,3,interp,balanced,700.0,1044.7594387507827,0.00011819775547945504,0.003041445887522089
quantum/helium,3,interp,balanced,800.0,2402.9425757280783,5.045568765981856e-05,0.003039751868706886
quantum/helium,3,interp,balanced,900.0,2207.0941194065235,5.546146242806999e-05,0.0030386126568779067
quantum/helium,3,interp,balanced,1000.0,5370.552697158541,3.79120325836121e-05,0.0030389489640092553
quantum/helium,3,interp,balanced,1100.0,13996.406130091289,2.6023471104221966e-05,0.0030397788738360937
quantum/helium,3,interp,balanced,1200.0,12684.845898924945,0.00013120393936175896,0.0030406238228628192
quantum/helium,3,interp,balanced,1300.0,18625.701551016675,7.033195984396316e-05,0.003041936173727572
quantum/helium,3,interp,balanced,1400.0,33287.35569565755,5.761689986689497e-05,0.0030416332478690406
quantum/helium,3,interp,balanced,1500.0,29978.6332068765,7.886054974428223e-05,0.0030424020032648424
quantum/helium,3,interp,balanced,1600.0,40586.183118562076,4.342516984295851e-05,0.0030418343650493013
quantum/helium,3,interp,balanced,1700.0,66601.37225044599,3.588951694752449e-05,0.003041500648143034
quantum/helium,3,interp,balanced,1800.0,59955.80303141627,6.515308887945881e-05,0.0030420560963962564
quantum/helium,3,interp,balanced,1900.0,62993.46985253695,2.0227566431293327e-05,0.0030415251718741133
quantum/helium,3,interp,balanced,2000.0,81368.66611962774,1.4888807721852462e-05,0.0030413978699606447
quantum/helium,3,interp,balanced,2100.0,112147.11524659292,1.1921388468919935e-05,0.0030412635299124718
quantum/helium,3,interp,balanced,2200.0,164943.96690564876,1.0277841010876068e-05,0.0030411457662278965
quantum/helium,3,interp,balanced,2300.0,148488.4643406464,2.2853096204484106e-05,0.003041170241523904
quantum/helium,3,interp,balanced,2400.0,144911.4387446407,7.863918136298132e-06,0.0030405891277236626
quantum/helium,3,interp,balanced,2500.0,195663.1560494479,6.324870759928981e-06,0.003040592511367555
quantum/helium,3,interp,balanced,2600.0,278818.4549845723,5.166123957405592e-06,0.0030406214868078894
quantum/helium,3,interp,balanced,2700.0,250968.04717161602,1.8201730135603084e-05,0.003041142246224105
quantum/helium,3,interp,balanced,2800.0,228140.86418867655,6.4943191160366775e-06,0.003040645842437661
quantum/helium,3,interp,balanced,2900.0,353895.1955985655,5.772192334314469e-06,0.003040635652885509
quantum/helium,3,interp,balanced,3000.0,464201.7166997165,5.063112062331463e-06,0.003040640900873399
quantum/helium,3,interp,balanced,3100.0,591718.2249738724,4.352937589241344e-06,0.0030406522360542036
quantum/helium,3,interp,balanced,3200.0,755986.0708822045,3.670210969487819e-06,0.003040662820945315
quantum/helium,3,interp,balanced,3300.0,983541.5408240765,3.0529890243730183e-06,0.0030406708763275527
quantum/helium,3,interp,balanced,3400.0,885256.4226634125,2.051071996627103e-05,0.0030436150561695924
quantum/helium,3,interp,balanced,3500.0,840806.5224008397,3.862985536276518e-06,0.0030406411821892747
quantum/helium,3,interp,balanced,3600.0,1310006.8143064524,3.193750440296752e-06,0.0030406542320266113
quantum/helium,3,interp,balanced,3700.0,1626087.9276840417,2.597329259075206e-06,0.003040667470245085
quantum/helium,3,interp,balanced,3800.0,2137364.8387825694,2.2074182102902032e-06,0.0030406762863076408
quantum/helium,3,interp,balanced,3900.0,1923653.8048505362,1.5657172554021906e-05,0.003040702814346026
quantum/helium,3,interp,balanced,4000.0,1736202.3488063642,1.9484829299754523e-06,0.003040680784681987
quantum/helium,3,interp,balanced,4100.0,2350757.2551436913,1.8059301850435922e-06,0.003040683624915483
quantum/helium,3,interp,balanced,4200.0,3829657.4864309635,1.6836758196807563e-06,0.0030406859122478983
quantum/helium,3,interp,balanced,4300.0,3446748.8461447842,1.2092689600079944e-05,0.0030405726226404623
quantum/helium,3,interp,balanced,4400.0,3118105.829440162,2.7208561030059167e-06,0.0030407023050092533
quantum/helium,3,interp,balanced,4500.0,3878847.7382221846,2.428741213726283e-06,0.003040700592126437
quantum/helium,3,interp,balanced,4600.0,4516900.684287088,2.2492238966700893e-06,0.003040699304774484
quantum/helium,3,interp,balanced,4700.0,5108967.7554885205,2.1266228006885787e-06,0.0030406980304866324
quantum/helium,3,interp,balanced,4800.0,5683395.345854992,2.0338679202889668e-06,0.0030406968326398337
quantum/helium,3,interp,balanced,4900.0,6254878.646800466,1.958312608897777e-06,0.0030406958441549165
quantum/helium,3,interp,balanced,5000.0,6823573.2589064315,1.894608380530642e-06,0.003040695105736297
quantum/helium,3,interp,balanced,5100.0,7385333.789653823,1.8405212385636447e-06,0.003040694595702587
quantum/helium,3,interp,balanced,5200.0,7938733.753755008,1.7950257639598149e-06,0.0030406942672703387
quantum/helium,3,interp,balanced,5300.0,8478793.737870313,1.7575071505217253e-06,0.0030406940704891822
quantum/helium,3,interp,balanced,5400.0,8997501.522369169,1.7274768379268022e-06,0.003040693962101702
quantum/helium,3,interp,balanced,5500.0,9495089.442583207,1.704449594566977e-06,0.0030406939086979525
quantum/helium,3,interp,balanced,5600.0,9964140.421955189,1.6878518840466977e-06,0.003040693886748313
quantum/helium,3,interp,balanced,5700.0,10401939.41508391,1.6769831033040262e-06,0.0030406938807590153
quantum/helium,3,interp,balanced,5800.0,10805170.361552654,1.6709380664568764e-06,0.0030406938814979433
quantum/helium,3,interp,balanced,5900.0,11172405.931264833,1.6685215468620172e-06,0.0030406938839711256
quantum/helium,3,interp,balanced,5999.0,11172405.931264928,1.6681473115774748e-06,0.0030406938855463486
quantum/helium,3,interp,unbalanced,0.0,0.9999999999999968,0.15329384330736223,1.4527217417781577
quantum/helium,3,interp,unbalanced,100.0,0.9999999999999992,0.010164207953054522,0.002658994024024293
quantum/helium,3,interp,unbalanced,200.0,0.999999999999999,0.012676974557051851,0.0024299319467863127
quantum/helium,3,interp,unbalanced,300.0,1.0,0.014494360699536316,0.0022760564443744706
quantum/helium,3,interp,unbalanced,400.0,1.0000000000000004,0.015880665859162795,0.0021400232638220914
quantum/helium,3,interp,unbalanced,500.0,1.0,0.01708725114560118,0.0019975514896464564
quantum/helium,3,interp,unbalanced,600.0,0.9999999999999999,0.018319973630876635,0.0018533774196268708
quantum/helium,3,interp,unbalanced,700.0,1.0000000000000004,0.01943347580336313,0.0017195198218178003
quantum/helium,3,interp,unbalanced,800.0,0.9999999999999998,0.020448748533947927,0.001588309772499036
quantum/helium,3,interp,unbalanced,900.0,0.9999999999999999,0.021577658368181003,0.001442742236326708
quantum/helium,3,interp,unbalanced,1000.0,1.0,0.022932501786672395,0.0013041781638588464
quantum/helium,3,interp,unbalanced,1100.0,1.0,0.023740667721029275,0.0012156819593639125
quantum/helium,3,interp,unbalanced,1200.0,0.9999999999999998,0.02422858166141809,0.0011525596854254974
quantum/helium,3,interp,unbalanced,1300.0,0.9999999999999998,0.02470939640861337,0.0010926114530118481
quantum/helium,3,interp,unbalanced,1400.0,1.0,0.024993293441975793,0.0010523478644495592
quantum/helium,3,interp,unbalanced,1500.0,1.0,0.025403797941698808,0.001007110970649989
quantum/helium,3,interp,unbalanced,1600.0,1.0,0.02542042456758726,0.0009937813482444576
quantum/helium,3,interp,unbalanced,1700.0,0.9999999999999999,0.025865477073410248,0.0009544186044209604
quantum/helium,3,interp,unbalanced,1800.0,0.9999999999999999,0.02982106590928152,0.0011469150041054864
quantum/helium,3,interp,unbalanced,1900.0,1.0,0.02614945377076609,0.0009233098461092378
quantum/helium,3,interp,unbalanced,2000.0,1.0,0.026302682201724256,0.0009077608543588688
quantum/helium,3,interp,unbalanced,2100.0,0.9999999999999999,0.02898868837444602,0.0009801036822652074
quantum/helium,3,interp,unbalanced,2200.0,0.9999999999999999,0.026435489893106474,0.0008924980574411602
quantum/helium,3,interp,unbalanced,2300.0,1.0,0.026540534491719305,0.0008824141739784633
quantum/helium,3,interp,unbalanced,2400.0,1.0,0.026385765500817646,0.0008911796988095809
quantum/helium,3,interp,unbalanced,2500.0,1.0,0.026650073849723344,0.0008709313069099372
quantum/helium,3,interp,unbalanced,2600.0,1.0000000000000002,0.02671211173817643,0.0008647955016989376
quantum/helium,3,interp,unbalanced,2700.0,1.0000000000000002,0.026762964422079982,0.000859596474669545
quantum/helium,3,interp,unbalanced,2800.0,1.0000000000000002,0.026769240643275367,0.0008587094132316765
quantum/helium,3,interp,unbalanced,2900.0,1.0,0.02680759366331855,0.000854147507496943
quantum/helium,3,interp,unbalanced,3000.0,1.0,0.026847713660159617,0.0008502004744435152
quantum/helium,3,interp,unbalanced,3100.0,1.0000000000000002,0.026880640289895476,0.0008467998959759223
quantum/helium,3,interp,unbalanced,3200.0,1.0,0.0268983151962477,0.000844480108887845
quantum/helium,3,interp,unbalanced,3300.0,1.0000000000000002,0.02692061461700602,0.0008420323421054719
quantum/helium,3,interp,unbalanced,3400.0,0.9999999999999999,0.02694674745506894,0.0008393694474319263
quantum/helium,3,interp,unbalanced,3500.0,1.0,0.026967054730990453,0.0008371113029326972
quantum/helium,3,interp,unbalanced,3600.0,1.0,0.026984872790546333,0.0008350643814696065
quantum/helium,3,interp,unbalanced,3700.0,1.0,0.027000758683588047,0.0008331926350603747
quantum/helium,3,interp,unbalanced,3800.0,1.0000000000000002,0.027015030817647,0.0008314744455408033
quantum/helium,3,interp,unbalanced,3900.0,1.0,0.027027910682596187,0.0008298944991882001
quantum/helium,3,interp,unbalanced,4000.0,1.0,0.027039563830143318,0.0008284412589147521
quantum/helium,3,interp,unbalanced,4100.0,1.0,0.027050119365542406,0.0008271056870284026
quantum/helium,3,interp,unbalanced,4200.0,1.0,0.0270596806585201,0.0008258805017353435
quantum/helium,3,interp,unbalanced,4300.0,0.9999999999999999,0.02706833192294094,0.0008247596984830741
quantum/helium,3,interp,unbalanced,4400.0,1.0,0.02707614266252669,0.0008237382165483787
quantum/helium,3,interp,unbalanced,4500.0,0.9999999999999999,0.02708317091506844,0.0008228116922429861
quantum/helium,3,interp,unbalanced,4600.0,0.9999999999999999,0.027089465766003355,0.0008219762670758535
quantum/helium,3,interp,unbalanced,4700.0,0.9999999999999999,0.027095069391673787,0.0008212284317708122
quantum/helium,3,interp,unbalanced,4800.0,1.0,0.02710001879054954,0.0008205648932390881
quantum/helium,3,interp,unbalanced,4900.0,1.0,0.027104347307166533,0.0008199824549460291
quantum/helium,3,interp,unbalanced,5000.0,1.0,0.02710808602400772,0.0008194779030508051
quantum/helium,3,interp,unbalanced,5100.0,0.9999999999999999,0.027111265078696614,0.00081904789198335
quantum/helium,3,interp,unbalanced,5200.0,1.0,0.027113914953284468,0.0008186888240310064
quantum/helium,3,interp,unbalanced,5300.0,1.0,0.027116067775612495,0.000818396718243459
quantum/helium,3,interp,unbalanced,5400.0,1.0,0.027117758667831404,0.0008181670646500772
quantum/helium,3,interp,unbalanced,5500.0,0.9999999999999999,0.027119027172653434,0.0008179946605463133
quantum/helium,3,interp,unbalanced,5600.0,0.9999999999999999,0.02711991878190926,0.0008178734266049788
quantum/helium,3,interp,unbalanced,5700.0,1.0,0.027120486582856377,0.0008177962019964452
quantum/helium,3,interp,unbalanced,5800.0,1.0000000000000002,0.02712079302352265,0.0008177545197688632
quantum/helium,3,interp,unbalanced,5900.0,0.9999999999999999,0.027120911776446464,0.0008177383667456357
quantum/helium,3,interp,unbalanced,5999.0,1.0000000000000002,0.027120929639915258,0.0008177359368617782
quantum/helium,3,extrap,balanced,0.0,3.225307433172988,0.15589594477921878,0.32403729090979044
quantum/helium,3,extrap,balanced,100.0,8.873003668405351,0.01358466120630841,0.019969538783326957
quantum/helium,3,extrap,balanced,200.0,26.28374132612426,0.007644028925755879,0.02024965651964369
quantum/helium,3,extrap,balanced,300.0,48.07495419491684,0.00262281745491985,0.02109099962658372
quantum/helium,3,extrap,balanced,400.0,155.4798293714463,0.0018309312413987127,0.021184122390554797
quantum/helium,3,extrap,balanced,500.0,160.59908298742542,0.0004705317886581363,0.021456096812726765
quantum/helium,3,extrap,balanced,600.0,471.96710716200863,0.0005070448302447871,0.021442907116647963
quantum/helium,3,extrap,balanced,700.0,1367.7803084548918,0.0002061720227761218,0.021492902545937748
quantum/helium,3,extrap,balanced,800.0,1279.1126769475463,0.00018937541368798706,0.021541552361988875
quantum/helium,3,extrap,balanced,900.0,2822.8987326229867,0.00010484216960581028,0.02153643733364825
quantum/helium,3,extrap,balanced,1000.0,6414.098749105023,6.8028632041358e-05,0.021537621455532553
quantum/helium,3,extrap,balanced,1100.0,15817.083166726514,4.201420315766377e-05,0.021537909139648027
quantum/helium,3,extrap,balanced,1200.0,14314.477432810208,0.00010417500444048225,0.021540548924438116
quantum/helium,3,extrap,balanced,1300.0,21565.23746618143,4.695759152808472e-05,0.02153666549802649
quantum/helium,3,extrap,balanced,1400.0,57497.639912737504,2.7546766053221715e-05,0.02153634612019428
quantum/helium,3,extrap,balanced,1500.0,52105.41521978348,5.5688147050993106e-05,0.02153781821244941
quantum/helium,3,extrap,balanced,1600.0,65987.38976548518,2.8854058023965378e-05,0.02153775856343554
quantum/helium,3,extrap,balanced,1700.0,90533.19217384122,2.3305271927071936e-05,0.02153743700430902
quantum/helium,3,extrap,balanced,1800.0,81941.12796523071,3.938828855268916e-05,0.02153645722435128
quantum/helium,3,extrap,balanced,1900.0,90570.01484262988,1.2369418480528653e-05,0.021536657321128895
quantum/helium,3,extrap,balanced,2000.0,196396.07875967948,8.748584087156223e-06,0.021536825777975176
quantum/helium,3,extrap,balanced,2100.0,478689.0853758339,6.7348666848461244e-06,0.021536961929831816
quantum/helium,3,extrap,balanced,2200.0,431602.18794287345,3.0900543148454136e-05,0.021535982723472544
quantum/helium,3,extrap,balanced,2300.0,502352.8349622033,1.2156763401773072e-05,0.02153705345136518
quantum/helium,3,extrap,balanced,2400.0,646899.8930366553,7.474374428529306e-06,0.021536978261956413
quantum/helium,3,extrap,balanced,2500.0,912820.1147384538,4.838037659662942e-06,0.021536940838761037
quantum/helium,3,extrap,balanced,2600.0,1666966.6852707139,3.7606870828184877e-06,0.02153693955541287
quantum/helium,3,extrap,balanced,2700.0,1500729.6480629714,3.7253916293760306e-05,0.021534134664406793
quantum/helium,3,extrap,balanced,2800.0,1401293.2864729068,1.790711425000923e-05,0.02153509339948788
quantum/helium,3,extrap,balanced,2900.0,1388177.0360763755,1.596197436341371e-05,0.021535332126589042
quantum/helium,3,extrap,balanced,3000.0,1391128.0320745574,1.4520926235294461e-05,0.02153548260769143
quantum/helium,3,extrap,balanced,3100.0,1405352.0333014233,1.336055403348255e-05,0.021535599160288833
quantum/helium,3,extrap,balanced,3200.0,1430728.287935912,1.2387295534341016e-05,0.02153569421980279
quantum/helium,3,extrap,balanced,3300.0,1467122.1300417979,1.1548794162858747e-05,0.021535774084067406
quantum/helium,3,extrap,balanced,3400.0,1514713.6463111336,1.0812665272094211e-05,0.021535842689404817
quantum/helium,3,extrap,balanced,3500.0,1574056.7480855114,1.0157705957601372e-05,0.021535902672725652
quantum/helium,3,extrap,balanced,3600.0,1645929.7450267288,9.56946141596294e-06,0.021535955878570972
quantum/helium,3,extrap,balanced,3700.0,1731150.7970015225,9.037759116131667e-06,0.02153600363530292
quantum/helium,3,extrap,balanced,3800.0,1830434.8572341374,8.555247858874228e-06,0.02153604691634479
quantum/helium,3,extrap,balanced,3900.0,1945123.569940788,8.116479661936872e-06,0.02153608643825411
quantum/helium,3,extrap,balanced,4000.0,2076440.9261368206,7.717150215809205e-06,0.021536122737768285
quantum/helium,3,extrap,balanced,4100.0,2225753.8557213317,7.35373888666771e-06,0.021536156214976617
quantum/helium,3,extrap,balanced,4200.0,2395048.358669516,7.023233310247658e-06,0.021536187166347056
quantum/helium,3,extrap,balanced,4300.0,2585821.991703004,6.7229022156189e-06,0.02153621581298995
quantum/helium,3,extrap,balanced,4400.0,2798878.8845695592,6.450290943318862e-06,0.02153624231434711
quantum/helium,3,extrap,balanced,4500.0,3035836.2278786753,6.2032340054056235e-06,0.021536266777032905
quantum/helium,3,extrap,balanced,4600.0,3297381.599689575,5.979753215318909e-06,0.021536289276474566
quantum/helium,3,extrap,balanced,4700.0,3583269.10392633,5.778126806422074e-06,0.02153630986147573
quantum/helium,3,extrap,balanced,4800.0,3892761.0763336094,5.59692990991166e-06,0.021536328560787445
quantum/helium,3,extrap,balanced,4900.0,4225323.188403608,5.435025659686104e-06,0.021536345391779618
quantum/helium,3,extrap,balanced,5000.0,4577393.9039915195,5.291524409956263e-06,0.021536360368780934
quantum/helium,3,extrap,balanced,5100.0,4943939.235813999,5.165826693484524e-06,0.021536373502155034
quantum/helium,3,extrap,balanced,5200.0,5319835.956081027,5.057553043966172e-06,0.021536384802124598
quantum/helium,3,extrap,balanced,5300.0,5700332.889433078,4.966418326655235e-06,0.021536394288611288
quantum/helium,3,extrap,balanced,5400.0,6079018.136934934,4.892101294238735e-06,0.021536401999691535
quantum/helium,3,extrap,balanced,5500.0,6448999.221181457,4.834131738129919e-06,0.02153640799643816
quantum/helium,3,extrap,balanced,5600.0,6804155.65323235,4.791732738859632e-06,0.021536412373186244
quantum/helium,3,extrap,balanced,5700.0,7138557.016265916,4.76363228443781e-06,0.02153641527261372
quantum/helium,3,extrap,balanced,5800.0,7448844.101315138,4.747859062652118e-06,0.02153641690432296
quantum/helium,3,extrap,balanced,5900.0,7732026.348538604,4.741511647400252e-06,0.021536417567858908
quantum/helium,3,extrap,balanced,5999.0,7732026.348538536,4.7405242699030875e-06,0.021536417678933113
quantum/helium,3,extrap,unbalanced,0.0,1.000000000000001,0.15589594477921878,0.32403729090979044
quantum/helium,3,extrap,unbalanced,100.0,0.9999999999999989,0.03092556215314714,0.018166398794294263
quantum/helium,3,extrap,unbalanced,200.0,1.0,0.04458848712907517,0.014369560172596016
quantum/helium,3,extrap,unbalanced,300.0,1.0000000000000002,0.05807354237904883,0.009794440387372276
quantum/helium,3,extrap,unbalanced,400.0,1.0000000000000002,0.0658730887133614,0.0075274464883480635
quantum/helium,3,extrap,unbalanced,500.0,1.0000000000000002,0.06911834582068517,0.0067309549524120485
quantum/helium,3,extrap,unbalanced,600.0,0.9999999999999998,0.06970621151440987,0.006480620354172479
quantum/helium,3,extrap,unbalanced,700.0,1.0000000000000002,0.0704810024088913,0.006281984315560192
quantum/helium,3,extrap,unbalanced,800.0,1.0000000000000002,0.07074084180680666,0.006192281340011172
quantum/helium,3,extrap,unbalanced,900.0,0.9999999999999999,0.07374865495274371,0.006630525481045297
quantum/helium,3,extrap,unbalanced,1000.0,0.9999999999999998,0.07124059805244236,0.006024905338729959
quantum/helium,3,extrap,unbalanced,1100.0,1.0,0.08090754393293076,0.009048251413160945
quantum/helium,3,extrap,unbalanced,1200.0,0.9999999999999998,0.07148997332005853,0.0059374821624773744
quantum/helium,3,extrap,unbalanced,1300.0,1.0000000000000002,0.0717441496003098,0.005866458826652936
quantum/helium,3,extrap,unbalanced,1400.0,1.0000000000000002,0.0717697838808332,0.005859526814274097
quantum/helium,3,extrap,unbalanced,1500.0,1.0,0.07192791003096675,0.0058072833514822165
quantum/helium,3,extrap,unbalanced,1600.0,1.0000000000000002,0.07210002152219155,0.005759096994630795
quantum/helium,3,extrap,unbalanced,1700.0,1.0,0.07186540538478757,0.006338896062411831
quantum/helium,3,extrap,unbalanced,1800.0,1.0000000000000002,0.07207155329041758,0.005750388648977197
quantum/helium,3,extrap,unbalanced,1900.0,1.0,0.0722399290318754,0.005707147425495121
quantum/helium,3,extrap,unbalanced,2000.0,1.0,0.07235980086299527,0.005673889162305494
quantum/helium,3,extrap,unbalanced,2100.0,1.0,0.07245452024079736,0.005646185924087336
quantum/helium,3,extrap,unbalanced,2200.0,1.0000000000000002,0.07253445487812726,0.005622218461796463
quantum/helium,3,extrap,unbalanced,2300.0,1.0,0.07073657845229848,0.006050455366726193
quantum/helium,3,extrap,unbalanced,2400.0,0.9999999999999999,0.07260360067300546,0.005598279797862853
quantum/helium,3,extrap,unbalanced,2500.0,1.0000000000000002,0.0726590356258307,0.005581802473128381
quantum/helium,3,extrap,unbalanced,2600.0,1.0,0.07264124356604466,0.00559290142313251
quantum/helium,3,extrap,unbalanced,2700.0,1.0,0.07271032504064663,0.005564617001762632
quantum/helium,3,extrap,unbalanced,2800.0,1.0,0.07275845570064636,0.005551740626913289
quantum/helium,3,extrap,unbalanced,2900.0,1.0,0.07279928607266038,0.005540591671165857
quantum/helium,3,extrap,unbalanced,3000.0,1.0000000000000002,0.07283519798580805,0.00553072537500982
quantum/helium,3,extrap,unbalanced,3100.0,1.0,0.07286729567750466,0.005521906086955613
quantum/helium,3,extrap,unbalanced,3200.0,1.0,0.07289619257567999,0.005513980343333104
quantum/helium,3,extrap,unbalanced,3300.0,1.0000000000000002,0.07292230700181439,0.005506832043331334
quantum/helium,3,extrap,unbalanced,3400.0,1.0,0.07291513015557373,0.005506840175146551
quantum/helium,3,extrap,unbalanced,3500.0,1.0,0.07295688957537112,0.005496760786808494
quantum/helium,3,extrap,unbalanced,3600.0,0.9999999999999999,0.07297709816144339,0.005491386454169073
quantum/helium,3,extrap,unbalanced,3700.0,1.0,0.07299493755557217,0.005486577461154412
quantum/helium,3,extrap,unbalanced,3800.0,1.0,0.07301086998462021,0.005482243306580469
quantum/helium,3,extrap,unbalanced,3900.0,1.0,0.07302516121770453,0.005478326357815571
quantum/helium,3,extrap,unbalanced,4000.0,1.0,0.07303799676411732,0.0054747836839163806
quantum/helium,3,extrap,unbalanced,4100.0,1.0,0.07304952360856572,0.005471580402772194
quantum/helium,3,extrap,unbalanced,4200.0,1.0,0.07305986536919662,0.005468687064606774
quantum/helium,3,extrap,unbalanced,4300.0,1.0,0.07306912876503718,0.0054660783782658345
quantum/helium,3,extrap,unbalanced,4400.0,1.0000000000000002,0.07307740690866592,0.005463732448450109
quantum/helium,3,extrap,unbalanced,4500.0,1.0000000000000002,0.07308478132311846,0.005461630232785912
quantum/helium,3,extrap,unbalanced,4600.0,1.0,0.07309132343243899,0.00545975510098978
quantum/helium,3,extrap,unbalanced,4700.0,1.0,0.07309709586098548,0.005458092441905091
quantum/helium,3,extrap,unbalanced,4800.0,1.0,0.07310215370082601,0.005456629291298496
quantum/helium,3,extrap,unbalanced,4900.0,1.0000000000000002,0.07310654581916476,0.005455353966398065
quantum/helium,3,extrap,unbalanced,5000.0,1.0,0.07311031623083222,0.0054542556996854735
quantum/helium,3,extrap,unbalanced,5100.0,1.0,0.0731135055376202,0.005453324267276179
quantum/helium,3,extrap,unbalanced,5200.0,0.9999999999999999,0.07311615242850296,0.0054525496078169965
quantum/helium,3,extrap,unbalanced,5300.0,0.9999999999999999,0.07311829523688808,0.005451921427229159
quantum/helium,3,extrap,unbalanced,5400.0,0.9999999999999999,0.07311997355793917,0.005451428783673238
quantum/helium,3,extrap,unbalanced,5500.0,1.0,0.0731212299364817,0.005451059646532355
quantum/helium,3,extrap,unbalanced,5600.0,0.9999999999999999,0.07312211164034782,0.005450800423621091
quantum/helium,3,extrap,unbalanced,5700.0,1.0,0.07312267253214222,0.005450635452866596
quantum/helium,3,extrap,unbalanced,5800.0,0.9999999999999999,0.07312297504196585,0.005450546458921548
quantum/helium,3,extrap,unbalanced,5900.0,1.0,0.07312309222458536,0.005450511981901211
quantum/helium,3,extrap,unbalanced,5999.0,0.9999999999999999,0.07312310984569105,0.005450506796686115
quantum/helium,7,interp,balanced,0.0,30.21987822349431,0.10544772564162554,0.2475701276198358
quantum/helium,7,interp,balanced,100.0,48.62307576887854,0.0012294027548615273,0.008134397920386699
quantum/helium,7,interp,balanced,200.0,109.36976064692118,0.0007480665829977094,0.008129008762062701
quantum/helium,7,interp,balanced,300.0,126.8214277484152,0.00038106861997697794,0.00814467119958378
quantum/helium,7,interp,balanced,400.0,255.50306413499356,0.0002760131593802157,0.008142447522242998
quantum/helium,7,interp,balanced,500.0,619.5053879106616,0.00016256610942565262,0.008148148550320993
quantum/helium,7,interp,balanced,600.0,565.3418328600856,0.00010611876678335701,0.00815245900933909
quantum/helium,7,interp,balanced,700.0,1041.9005148114834,5.871306351334535e-05,0.008151904724608215
quantum/helium,7,interp,balanced,800.0,944.8554829107195,9.989038030584345e-05,0.008154391066732746
quantum/helium,7,interp,balanced,900.0,1576.8069321472274,3.642778560447973e-05,0.008153349384841541
quantum/helium,7,interp,balanced,1000.0,3542.0666892425315,2.990873192039292e-05,0.008153480346332233
quantum/helium,7,interp,balanced,1100.0,8689.272959595683,2.1677720541764562e-05,0.008153977777867076
quantum/helium,7,interp,balanced,1200.0,7839.242770901695,4.3857651225726174e-05,0.008153876870192612
quantum/helium,7,interp,balanced,1300.0,9611.725740591384,1.9903235820490043e-05,0.008154030396771875
quantum/helium,7,interp,balanced,1400.0,22930.27837858288,1.648251427239162e-05,0.008154204907329137
quantum/helium,7,interp,balanced,1500.0,20688.57431470877,1.7267695370212237e-05,0.00815458356094832
quantum/helium,7,interp,balanced,1600.0,21185.456627227108,1.0695938151735078e-05,0.008154700137073947
quantum/helium,7,interp,balanced,1700.0,51975.81932608819,8.901316473780674e-06,0.008154760491341314
quantum/helium,7,interp,balanced,1800.0,46810.22147450227,6.86827646588973e-05,0.008155685654817306
quantum/helium,7,interp,balanced,1900.0,44802.66725256519,2.6610998457642006e-05,0.008155351008210214
quantum/helium,7,interp,balanced,2000.0,54147.34148297542,1.7534433519798183e-05,0.008155208381965411
quantum/helium,7,interp,balanced,2100.0,74698.73527112983,1.2738295524658361e-05,0.008155096121177603
quantum/helium,7,interp,balanced,2200.0,122988.56741182595,9.909960285442243e-06,0.008155012482328817
quantum/helium,7,interp,balanced,2300.0,270575.13250865,8.158837375213336e-06,0.008154961879993162
quantum/helium,7,interp,balanced,2400.0,243557.00095074222,1.9842096578236633e-05,0.008154863290670847
quantum/helium,7,interp,balanced,2500.0,230808.6358330429,2.8038764103167125e-06,0.008154962377373726
quantum/helium,7,interp,balanced,2600.0,457317.8811264393,1.996757928178409e-06,0.008154994727047676
quantum/helium,7,interp,balanced,2700.0,597587.6031433659,1.4934947530722603e-06,0.008155033296855282
quantum/helium,7,interp,balanced,2800.0,817720.6559280349,1.255014412798469e-06,0.008155057553324616
quantum/helium,7,interp,balanced,2900.0,735960.9968248316,1.7407645439982434e-05,0.00815524323202704
quantum/helium,7,interp,balanced,3000.0,663304.482261084,5.89740846882232e-07,0.008155073701594892
quantum/helium,7,interp,balanced,3100.0,687994.4608277442,4.3007676590059917e-07,0.00815507211207034
quantum/helium,7,interp,balanced,3200.0,856394.701172589,3.5164449392767507e-07,0.008155071599337307
quantum/helium,7,interp,balanced,3300.0,1123397.3794020645,2.9234524267852076e-07,0.008155071624088017
quantum/helium,7,interp,balanced,3400.0,1536592.745443718,2.4265451954898434e-07,0.008155071998151334
quantum/helium,7,interp,balanced,3500.0,2205627.463766079,2.0074235019672977e-07,0.00815507275752141
quantum/helium,7,interp,balanced,3600.0,1985106.4489614367,2.5758732636016276e-05,0.008155298323359438
quantum/helium,7,interp,balanced,3700.0,1789805.4926922377,5.11025873755965e-06,0.008155059451542353
quantum/helium,7,interp,balanced,3800.0,1652237.5177188185,4.194080856226519e-06,0.008155033493258254
quantum/helium,7,interp,balanced,3900.0,1530461.189947786,3.82582892615057e-06,0.008155023672784966
quantum/helium,7,interp,balanced,4000.0,1421667.5290390656,3.6258210592161183e-06,0.008155019796733078
quantum/helium,7,interp,balanced,4100.0,1326414.3888511583,3.494016632977317e-06,0.008155018488452648
quantum/helium,7,interp,balanced,4200.0,1244130.612348155,3.397635358172973e-06,0.008155018333406292
quantum/helium,7,interp,balanced,4300.0,1173804.2712450784,3.3230370876055283e-06,0.008155018699557662
quantum/helium,7,interp,balanced,4400.0,1114323.6713072225,3.263310051449524e-06,0.008155019289505034
quantum/helium,7,interp,balanced,4500.0,1064527.5798688752,3.2144428044716613e-06,0.0081550199575157
quantum/helium,7,interp,balanced,4600.0,1023279.0160276802,3.1738938597774836e-06,0.008155020630232063
quantum/helium,7,interp,balanced,4700.0,989444.6243669023,3.139956356396689e-06,0.008155021270490736
quantum/helium,7,interp,balanced,4800.0,962015.3101987118,3.1114370865240542e-06,0.008155021859650242
quantum/helium,7,interp,balanced,4900.0,940063.9123039516,3.087473926769374e-06,0.00815502238884254
quantum/helium,7,interp,balanced,5000.0,922735.8357617584,3.0674260798621287e-06,0.008155022854469937
quantum/helium,7,interp,balanced,5100.0,909265.9051188756,3.0508032863203355e-06,0.008155023255776068
quantum/helium,7,interp,balanced,5200.0,898954.5533052975,3.037216828435789e-06,0.008155023593676876
quantum/helium,7,interp,balanced,5300.0,891175.4701058392,3.0263441385499365e-06,0.008155023870320263
quantum/helium,7,interp,balanced,5400.0,885366.3497042403,3.0179014493322953e-06,0.008155024088887424
quantum/helium,7,interp,balanced,5500.0,881034.5844421338,3.011621709483567e-06,0.008155024253501827
quantum/helium,7,interp,balanced,5600.0,877773.8266166616,3.007235778577376e-06,0.008155024369396526
quantum/helium,7,interp,balanced,5700.0,875250.3337035776,3.0044558836506923e-06,0.00815502444313323
quantum/helium,7,interp,balanced,5800.0,873187.3443347946,3.002960925678906e-06,0.00815502448274881
quantum/helium,7,interp,balanced,5900.0,871394.6381076453,3.0023831945330544e-06,0.008155024497950273
quantum/helium,7,interp,balanced,5999.0,871394.6381075563,3.002296469082191e-06,0.008155024500199134
quantum/helium,7,interp,unbalanced,0.0,0.9999999999999992,0.10544772564162554,0.2475701276198358
quantum/helium,7,interp,unbalanced,100.0,1.000000000000002,0.010017442380446122,0.007694242204087574
quantum/helium,7,interp,unbalanced,200.0,0.9999999999999984,0.014571820579650516,0.007322184858100156
quantum/helium,7,interp,unbalanced,300.0,1.0000000000000007,0.017755181679623106,0.006979261746760489
quantum/helium,7,interp,unbalanced,400.0,0.9999999999999994,0.02147216720936534,0.00641068529911556
quantum/helium,7,interp,unbalanced,500.0,1.0000000000000004,0.03001670115490314,0.005316149774517253
quantum/helium,7,interp,unbalanced,600.0,0.9999999999999997,0.034913146612445975,0.003772005920405503
quantum/helium,7,interp,unbalanced,700.0,1.0,0.04016644804830868,0.0028400656320128927
quantum/helium,7,interp,unbalanced,800.0,1.0000000000000002,0.04237655431140214,0.0024832065330918167
quantum/helium,7,interp,unbalanced,900.0,1.0000000000000002,0.04368765245419717,0.002303342228168277
quantum/helium,7,interp,unbalanced,1000.0,1.0,0.04438138741920111,0.0022576682464874186
quantum/helium,7,interp,unbalanced,1100.0,1.0,0.04423230710736774,0.0022050612621518344
quantum/helium,7,interp,unbalanced,1200.0,0.9999999999999998,0.04446039411628225,0.0021717594288267693
quantum/helium,7,interp,unbalanced,1300.0,1.0000000000000002,0.043851029650504345,0.0024476129200296463
quantum/helium,7,interp,unbalanced,1400.0,0.9999999999999998,0.04457332282986812,0.002148195137445151
quantum/helium,7,interp,unbalanced,1500.0,1.0,0.04467658133820825,0.002133508599261265
quantum/helium,7,interp,unbalanced,1600.0,0.9999999999999998,0.044730696815102264,0.0021240539872339342
quantum/helium,7,interp,unbalanced,1700.0,1.0,0.04476823202755106,0.0021165985320137264
quantum/helium,7,interp,unbalanced,1800.0,0.9999999999999998,0.04464797145864366,0.0021278542463954797
quantum/helium,7,interp,unbalanced,1900.0,1.0,0.04476412643185148,0.0021120115033409154
quantum/helium,7,interp,unbalanced,2000.0,1.0,0.044803493176865876,0.002105425832342342
quantum/helium,7,interp,unbalanced,2100.0,1.0,0.044828369700802735,0.002100424763211616
quantum/helium,7,interp,unbalanced,2200.0,1.0,0.04484854417883469,0.0020960528548392325
quantum/helium,7,interp,unbalanced,2300.0,1.0,0.04486643213942115,0.0020920657314028217
quantum/helium,7,interp,unbalanced,2400.0,1.0000000000000002,0.04488302154960274,0.0020883617110750282
quantum/helium,7,interp,unbalanced,2500.0,1.0000000000000002,0.04489877071893027,0.002084892790526632
quantum/helium,7,interp,unbalanced,2600.0,0.9999999999999998,0.04488419665166446,0.002084408570928538
quantum/helium,7,interp,unbalanced,2700.0,1.0,0.04491198789775599,0.0020806017981824993
quantum/helium,7,interp,unbalanced,2800.0,0.9999999999999998,0.044928227328551264,0.002077541689312882
quantum/helium,7,interp,unbalanced,2900.0,1.0,0.044943861470161536,0.0020747029020301176
quantum/helium,7,interp,unbalanced,3000.0,1.0,0.04495745150077289,0.0020721800251950304
quantum/helium,7,interp,unbalanced,3100.0,1.0,0.044969793773356935,0.0020698931448882973
quantum/helium,7,interp,unbalanced,3200.0,1.0,0.0449811119993103,0.002067813684050052
quantum/helium,7,interp,unbalanced,3300.0,1.0,0.04499149496034946,0.0020659246380983704
quantum/helium,7,interp,unbalanced,3400.0,1.0,0.0450009930507608,0.0020642122314982097
quantum/helium,7,interp,unbalanced,3500.0,1.0,0.04500965125302945,0.0020626633489628735
quantum/helium,7,interp,unbalanced,3600.0,1.0000000000000002,0.045017518453172305,0.0020612650035832236
quantum/helium,7,interp,unbalanced,3700.0,1.0000000000000002,0.04502464795105123,0.0020600044768973513
quantum/helium,7,interp,unbalanced,3800.0,1.0,0.045031095206937634,0.0020588696028920744
quantum/helium,7,interp,unbalanced,3900.0,1.0,0.04503691527105135,0.0020578490062304966
quantum/helium,7,interp,unbalanced,4000.0,0.9999999999999998,0.045042160774634236,0.0020569322454736323
quantum/helium,7,interp,unbalanced,4100.0,0.9999999999999998,0.04504688066603584,0.002056109867403057
quantum/helium,7,interp,unbalanced,4200.0,1.0000000000000002,0.04505111959460224,0.002055373395661499
quantum/helium,7,interp,unbalanced,4300.0,0.9999999999999998,0.04505491776569447,0.0020547152775753984
quantum/helium,7,interp,unbalanced,4400.0,0.9999999999999998,0.04505831109931704,0.0020541288078747147
quantum/helium,7,interp,unbalanced,4500.0,1.0000000000000002,0.04506133156398625,0.0020536080419797224
quantum/helium,7,interp,unbalanced,4600.0,1.0,0.04506400759905129,0.0020531477064581636
quantum/helium,7,interp,unbalanced,4700.0,1.0000000000000002,0.045066364572691774,0.0020527431105857277
quantum/helium,7,interp,unbalanced,4800.0,1.0,0.04506842524763364,0.002052390060471635
quantum/helium,7,interp,unbalanced,4900.0,0.9999999999999998,0.045070210243624044,0.0020520847756128487
quantum/helium,7,interp,unbalanced,5000.0,1.0000000000000002,0.045071738496919735,0.0020518238067245534
quantum/helium,7,interp,unbalanced,5100.0,1.0,0.0450730277242286,0.002051603953039234
quantum/helium,7,interp,unbalanced,5200.0,1.0000000000000002,0.045074094902806845,0.0020514221768683973
quantum/helium,7,interp,unbalanced,5300.0,1.0,0.045074956780708435,0.0020512755129903056
quantum/helium,7,interp,unbalanced,5400.0,1.0,0.045075630431776724,0.002051160970382067
quantum/helium,7,interp,unbalanced,5500.0,1.0000000000000002,0.04507613386898219,0.002051075423983094
quantum/helium,7,interp,unbalanced,5600.0,1.0000000000000002,0.0450764867267776,0.0020510154946629952
quantum/helium,7,interp,unbalanced,5700.0,1.0,0.04507671101749256,0.002050977416526916
quantum/helium,7,interp,unbalanced,5800.0,1.0,0.04507683195690369,0.0020509568923831444
quantum/helium,7,interp,unbalanced,5900.0,0.9999999999999998,0.04507687883675468,0.0020509489410508695
quantum/helium,7,interp,unbalanced,5999.0,1.0,0.04507688590382142,0.0020509477437560516
quantum/helium,7,extrap,balanced,0.0,25.79272889788505,0.1043177755198362,0.1852591240732937
quantum/helium,7,extrap,balanced,100.0,34.90253888009649,0.0026727032968214544,0.02121391145929235
quantum/helium,7,extrap,balanced,200.0,88.12702713251613,0.002203154609403545,0.021181491590817586
quantum/helium,7,extrap,balanced,300.0,103.19252963445399,0.0009239257615362532,0.021394807006100115
quantum/helium,7,extrap,balanced,400.0,273.8990602162486,0.0008023266205138584,0.021398524366055677
quantum/helium,7,extrap,balanced,500.0,304.5409049158459,0.00031764919646199325,0.021479119729765423
quantum/helium,7,extrap,balanced,600.0,915.7622213789442,0.0002956757007436593,0.02147759876868052
quantum/helium,7,extrap,balanced,700.0,849.7324920385997,0.00010072186600300364,0.02153262024411488
quantum/helium,7,extrap,balanced,800.0,2310.0234832789783,6.853768932050152e-05,0.021529438580091383
quantum/helium,7,extrap,balanced,900.0,2477.2019983688933,3.955555213097195e-05,0.021533306715473707
quantum/helium,7,extrap,balanced,1000.0,6608.512715465021,3.186869363527968e-05,0.0215328044442582
quantum/helium,7,extrap,balanced,1100.0,6029.10636211541,7.392145867190723e-05,0.021535527526324077
quantum/helium,7,extrap,balanced,1200.0,11283.080870339714,2.9079013588510773e-05,0.021536725061038185
quantum/helium,7,extrap,balanced,1300.0,27838.76020219543,1.9031619257631615e-05,0.021536914169570508
quantum/helium,7,extrap,balanced,1400.0,25168.790879029784,4.441637004875888e-05,0.021535809312688163
quantum/helium,7,extrap,balanced,1500.0,32606.654656676925,2.3089131180084507e-05,0.021534990855015538
quantum/helium,7,extrap,balanced,1600.0,57820.79189889153,1.8428517547376422e-05,0.021535241279666547
quantum/helium,7,extrap,balanced,1700.0,101884.79475955409,1.3103707927302514e-05,0.02153572745215347
quantum/helium,7,extrap,balanced,1800.0,91754.70153688369,3.8016767872741435e-05,0.021535235972919696
quantum/helium,7,extrap,balanced,1900.0,89002.19053841509,1.171709883962981e-05,0.02153616779892345
quantum/helium,7,extrap,balanced,2000.0,137569.80662621144,8.844045188157727e-06,0.021536105163486852
quantum/helium,7,extrap,balanced,2100.0,233544.48624891663,7.185742109064052e-06,0.021536133334781247
quantum/helium,7,extrap,balanced,2200.0,423871.44634412474,5.9697713187153985e-06,0.021536232522588055
quantum/helium,7,extrap,balanced,2300.0,381529.2893297087,2.67186696875285e-05,0.021537027190077024
quantum/helium,7,extrap,balanced,2400.0,356784.1656730544,1.0589802711031665e-05,0.021537116402257857
quantum/helium,7,extrap,balanced,2500.0,384767.3139785122,8.595357715497074e-06,0.02153710319111154
quantum/helium,7,extrap,balanced,2600.0,428476.0712574688,7.216620040776552e-06,0.021537082563404284
quantum/helium,7,extrap,balanced,2700.0,497064.8643972967,6.156357601306672e-06,0.02153705578530674
quantum/helium,7,extrap,balanced,2800.0,599370.2039518486,5.271683004019001e-06,0.021537025599022312
quantum/helium,7,extrap,balanced,2900.0,748958.6284636783,4.487336691160181e-06,0.021536993829584572
quantum/helium,7,extrap,balanced,3000.0,967744.2363554081,3.772709211660296e-06,0.021536962453087515
quantum/helium,7,extrap,balanced,3100.0,870997.4949222188,2.5715637789334285e-05,0.021537271594795012
quantum/helium,7,extrap,balanced,3200.0,790380.4311105434,1.638599323567448e-06,0.02153681946048444
quantum/helium,7,extrap,balanced,3300.0,2045491.8901570302,1.4801996113033399e-06,0.02153681924622343
quantum/helium,7,extrap,balanced,3400.0,3432353.396879713,1.210401533269424e-06,0.021536825786531957
quantum/helium,7,extrap,balanced,3500.0,3089160.6176400976,1.6735997536883308e-05,0.021536827052931803
quantum/helium,7,extrap,balanced,3600.0,2796161.7912719105,5.653832178556077e-07,0.021536831066744925
quantum/helium,7,extrap,balanced,3700.0,5542902.036811398,4.403402296067786e-07,0.021536836803647104
quantum/helium,7,extrap,balanced,3800.0,4988673.836383918,1.1563654860440239e-05,0.021536844061411955
quantum/helium,7,extrap,balanced,3900.0,4506598.482362771,1.5767147124036095e-07,0.0215368397720013
quantum/helium,7,extrap,balanced,4000.0,7376631.677955171,1.0936846303725904e-07,0.021536837799319218
quantum/helium,7,extrap,balanced,4100.0,25920027.591800142,7.33147968571935e-08,0.02153683653225451
quantum/helium,7,extrap,balanced,4200.0,23328108.586863738,7.458002971778186e-06,0.02153703480986713
quantum/helium,7,extrap,balanced,4300.0,21009073.004732586,1.6094317121151154e-06,0.02153693247945344
quantum/helium,7,extrap,balanced,4400.0,19497746.378636517,1.455435522243233e-06,0.02153692694764269
quantum/helium,7,extrap,balanced,4500.0,18290590.613502603,1.3447140387591398e-06,0.021536921701830528
quantum/helium,7,extrap,balanced,4600.0,17218389.936014954,1.2592079735614572e-06,0.021536917185719217
quantum/helium,7,extrap,balanced,4700.0,16275437.340668205,1.1916196860827615e-06,0.021536913470543838
quantum/helium,7,extrap,balanced,4800.0,15450614.44539031,1.1376316427229572e-06,0.021536910456549138
quantum/helium,7,extrap,balanced,4900.0,14731247.593350567,1.09433678407457e-06,0.02153690802435647
quantum/helium,7,extrap,balanced,5000.0,14104682.883909341,1.059654282698544e-06,0.021536906070406373
quantum/helium,7,extrap,balanced,5100.0,13559035.698158937,1.0320350130135378e-06,0.02153690451190674
quantum/helium,7,extrap,balanced,5200.0,13083356.945080884,1.0102892467958218e-06,0.02153690328312274
quantum/helium,7,extrap,balanced,5300.0,12667804.62833566,9.93475530569706e-07,0.021536902331651314
quantum/helium,7,extrap,balanced,5400.0,12303605.724172039,9.808234757430621e-07,0.02153690161430309
quantum/helium,7,extrap,balanced,5500.0,11983093.90532689,9.71677005257003e-07,0.02153690109440395
quantum/helium,7,extrap,balanced,5600.0,11699634.033885928,9.654504906915233e-07,0.02153690073908394
quantum/helium,7,extrap,balanced,5700.0,11447613.239614183,9.615934429973431e-07,0.021536900517483998
quantum/helium,7,extrap,balanced,5800.0,11222411.066388631,9.59561149012758e-07,0.021536900399056123
quantum/helium,7,extrap,balanced,5900.0,11020382.159186115,9.587898499833707e-07,0.021536900352175356
quantum/helium,7,extrap,balanced,5999.0,11020382.159184186,9.586758222911926e-07,0.021536900344803895
quantum/helium,7,extrap,unbalanced,0.0,0.9999999999999989,0.1043177755198362,0.1852591240732937
quantum/helium,7,extrap,unbalanced,100.0,0.9999999999999997,0.03754266431894235,0.016320746033831032
quantum/helium,7,extrap,unbalanced,200.0,1.0000000000000002,0.05413918488522128,0.012489425968974302
quantum/helium,7,extrap,unbalanced,300.0,0.9999999999999999,0.05860844297543992,0.010259531579845112
quantum/helium,7,extrap,unbalanced,400.0,1.0,0.06468974518653815,0.007773530545189499
quantum/helium,7,extrap,unbalanced,500.0,1.0,0.06867438155873401,0.006682446771595788
quantum/helium,7,extrap,unbalanced,600.0,1.0,0.07054894135359278,0.006152649632798526
quantum/helium,7,extrap,unbalanced,700.0,1.0000000000000002,0.07128802410996767,0.005961624658493472
quantum/helium,7,extrap,unbalanced,800.0,0.9999999999999998,0.07199624414344384,0.005746180865793531
quantum/helium,7,extrap,unbalanced,900.0,1.0000000000000002,0.07243632419536568,0.0056300737044622726
quantum/helium,7,extrap,unbalanced,1000.0,0.9999999999999999,0.07256132220211542,0.005586307562568175
quantum/helium,7,extrap,unbalanced,1100.0,1.0,0.07283376920692453,0.005523652570637684
quantum/helium,7,extrap,unbalanced,1200.0,0.9999999999999999,0.0729808248925615,0.0054874849150618864
quantum/helium,7,extrap,unbalanced,1300.0,1.0000000000000002,0.0730707624819209,0.005463758389765657
quantum/helium,7,extrap,unbalanced,1400.0,1.0,0.07313788872126176,0.005781724792833583
quantum/helium,7,extrap,unbalanced,1500.0,1.0000000000000002,0.0730449529743916,0.005456889128368216
quantum/helium,7,extrap,unbalanced,1600.0,0.9999999999999999,0.07315890132615145,0.005434955481615298
quantum/helium,7,extrap,unbalanced,1700.0,0.9999999999999999,0.07320770930785514,0.005424221824998976
quantum/helium,7,extrap,unbalanced,1800.0,0.9999999999999999,0.07323906511053067,0.005416976851492302
quantum/helium,7,extrap,unbalanced,1900.0,1.0,0.07326227875894571,0.005411584471428454
quantum/helium,7,extrap,unbalanced,2000.0,1.0000000000000002,0.07328037294966215,0.005407422145463891
quantum/helium,7,extrap,unbalanced,2100.0,1.0,0.07329477254324014,0.005404150858150817
quantum/helium,7,extrap,unbalanced,2200.0,1.0,0.07330636509730162,0.005401545423132299
quantum/helium,7,extrap,unbalanced,2300.0,1.0,0.07331577935703688,0.005399444845757276
quantum/helium,7,extrap,unbalanced,2400.0,0.9999999999999999,0.07332348612502378,0.005397730836526547
quantum/helium,7,extrap,unbalanced,2500.0,0.9999999999999999,0.07313810831584625,0.005432291746719157
quantum/helium,7,extrap,unbalanced,2600.0,1.0,0.07332091543357434,0.005397313536780172
quantum/helium,7,extrap,unbalanced,2700.0,0.9999999999999999,0.07333086788594266,0.0053954860827069955
quantum/helium,7,extrap,unbalanced,2800.0,0.9999999999999999,0.07333671240715225,0.0053943202514888855
quantum/helium,7,extrap,unbalanced,2900.0,1.0,0.07334109042660901,0.005393412781435305
quantum/helium,7,extrap,unbalanced,3000.0,1.0,0.07334458867257095,0.005392668235747052
quantum/helium,7,extrap,unbalanced,3100.0,1.0000000000000002,0.0733474603202372,0.005392043023306582
quantum/helium,7,extrap,unbalanced,3200.0,1.0,0.07334985467481756,0.005391510564362183
quantum/helium,7,extrap,unbalanced,3300.0,1.0,0.07335187322774894,0.005391052464422222
quantum/helium,7,extrap,unbalanced,3400.0,1.0,0.07335358964625191,0.005390655217709125
quantum/helium,7,extrap,unbalanced,3500.0,1.0000000000000002,0.0733550594613321,0.005390308551450847
quantum/helium,7,extrap,unbalanced,3600.0,1.0000000000000002,0.07335632560754975,0.005390004456850887
quantum/helium,7,extrap,unbalanced,3700.0,1.0,0.07335742188243208,0.0053897365749965495
quantum/helium,7,extrap,unbalanced,3800.0,1.0,0.07335837523922657,0.005389499786491747
quantum/helium,7,extrap,unbalanced,3900.0,1.0000000000000002,0.07335920738045162,0.0053892899253309805
quantum/helium,7,extrap,unbalanced,4000.0,1.0,0.07335993590974595,0.005389103572147469
quantum/helium,7,extrap,unbalanced,4100.0,1.0000000000000002,0.07336057519087588,0.005388937900322606
quantum/helium,7,extrap,unbalanced,4200.0,1.0,0.07336113700391067,0.005388790558651396
quantum/helium,7,extrap,unbalanced,4300.0,0.9999999999999999,0.07336163105554722,0.005388659580120226
quantum/helium,7,extrap,unbalanced,4400.0,1.0,0.07336206538143303,0.005388543309833191
quantum/helium,7,extrap,unbalanced,4500.0,0.9999999999999999,0.07336244666683295,0.005388440347244952
quantum/helium,7,extrap,unbalanced,4600.0,1.0000000000000002,0.07336278050474293,0.005388349499205811
quantum/helium,7,extrap,unbalanced,4700.0,1.0000000000000002,0.07336307160583001,0.0053882697412004936
quantum/helium,7,extrap,unbalanced,4800.0,0.9999999999999999,0.07336332397133062,0.005388200184760719
quantum/helium,7,extrap,unbalanced,4900.0,1.0000000000000002,0.07336354103775714,0.005388140049436018
quantum/helium,7,extrap,unbalanced,5000.0,1.0,0.07336372580061151,0.005388088637998963
quantum/helium,7,extrap,unbalanced,5100.0,1.0000000000000002,0.07336388092307863,0.005388045313763576
quantum/helium,7,extrap,unbalanced,5200.0,1.0,0.07336400883477717,0.0053880094790459505
quantum/helium,7,extrap,unbalanced,5300.0,0.9999999999999999,0.07336411182494332,0.005387980553906422
quantum/helium,7,extrap,unbalanced,5400.0,1.0,0.07336419213385097,0.00538795795441042
quantum/helium,7,extrap,unbalanced,5500.0,1.0000000000000002,0.07336425204572344,0.005387941069749982
quantum/helium,7,extrap,unbalanced,5600.0,1.0,0.07336429398572902,0.005387929237706359
quantum/helium,7,extrap,unbalanced,5700.0,1.0,0.07336432062274201,0.00538792171815122
quantum/helium,7,extrap,unbalanced,5800.0,1.0000000000000002,0.07336433497819662,0.005387917664610862
quantum/helium,7,extrap,unbalanced,5900.0,1.0,0.0733643405396313,0.005387916094383723
quantum/helium,7,extrap,unbalanced,5999.0,1.0000000000000002,0.073364341376633,0.005387915858133416
quantum/helium,19,interp,balanced,0.0,5.294870427593444,0.0963371376110019,0.37036583463301515
quantum/helium,19,interp,balanced,100.0,6.482713435250187,0.002434482449219326,0.0013997441834229093
quantum/helium,19,interp,balanced,200.0,16.46007015564548,0.0026932575500226855,0.001378333118603707
quantum/helium,19,interp,balanced,300.0,42.70047616614653,0.0012691432027712357,0.0014266303052277527
quantum/helium,19,interp,balanced,400.0,42.92266219021087,0.00047235139592007307,0.001469986407984158
quantum/helium,19,interp,balanced,500.0,106.28412324889938,0.0005011659524411518,0.0014665024248562632
quantum/helium,19,interp,balanced,600.0,113.17378178250074,0.0002598332489803949,0.0014772590981922558
quantum/helium,19,interp,balanced,700.0,114.9107436337423,0.00019318631347921741,0.001482579718022136
quantum/helium,19,interp,balanced,800.0,281.0808076550538,0.000205547559243386,0.0014810453790140223
quantum/helium,19,interp,balanced,900.0,289.70891200310007,0.00020665932036940325,0.0014902598587863884
quantum/helium,19,interp,balanced,1000.0,549.1650511353392,0.00012363397380370998,0.0014878734232878395
quantum/helium,19,interp,balanced,1100.0,637.6684820934793,5.22645055698907e-05,0.0014912352040366463
quantum/helium,19,interp,balanced,1200.0,1961.504955463891,3.987804504219828e-05,0.0014911713457470695
quantum/helium,19,interp,balanced,1300.0,6770.995007601103,1.888393916342039e-05,0.00149217608486195
quantum/helium,19,interp,balanced,1400.0,6103.718563365909,0.0001427636800632139,0.0014927956725769229
quantum/helium,19,interp,balanced,1500.0,7517.395674729804,5.559640488165882e-05,0.00149168904369949
quantum/helium,19,interp,balanced,1600.0,12415.417507256052,3.467669989081786e-05,0.0014919644605930291
quantum/helium,19,interp,balanced,1700.0,24175.74734213077,2.534660626421121e-05,0.001492202607182077
quantum/helium,19,interp,balanced,1800.0,44224.765867572205,2.0842098401966454e-05,0.0014923319618265762
quantum/helium,19,interp,balanced,1900.0,39813.47432082339,3.725150545014592e-05,0.0014927933636098528
quantum/helium,19,interp,balanced,2000.0,39081.98161830926,7.4804266564473856e-06,0.0014926456136253815
quantum/helium,19,interp,balanced,2100.0,90768.06608899734,6.0144401585266035e-06,0.001492637350650831
quantum/helium,19,interp,balanced,2200.0,156421.73483877722,4.307040474805227e-06,0.0014926456665243903
quantum/helium,19,interp,balanced,2300.0,140813.89370108646,1.8577287109451267e-05,0.0014928693087792357
quantum/helium,19,interp,balanced,2400.0,128857.11072532057,1.800500431550301e-06,0.0014926260395099983
quantum/helium,19,interp,balanced,2500.0,219304.03864896094,1.4132069514820568e-06,0.0014926260137275358
quantum/helium,19,interp,balanced,2600.0,361212.7494066146,1.1670882721581267e-06,0.0014926290994037427
quantum/helium,19,interp,balanced,2700.0,325127.69465897436,3.7886703395221405e-05,0.0014928562884281241
quantum/helium,19,interp,balanced,2800.0,300419.8882123987,1.4425567360680025e-05,0.0014928636527200673
quantum/helium,19,interp,balanced,2900.0,297989.59909206093,9.657587883217171e-06,0.0014927478317440285
quantum/helium,19,interp,balanced,3000.0,314611.70649742114,7.187072724166266e-06,0.001492695287516099
quantum/helium,19,interp,balanced,3100.0,352585.2399052972,5.624915967494948e-06,0.0014926702939323075
quantum/helium,19,interp,balanced,3200.0,413379.40280081984,4.5250922809054994e-06,0.0014926577356491675
quantum/helium,19,interp,balanced,3300.0,506245.5827460345,3.7115895474323727e-06,0.0014926511514023267
quantum/helium,19,interp,balanced,3400.0,660811.0891805919,3.08830418712961e-06,0.0014926474830646696
quantum/helium,19,interp,balanced,3500.0,997474.5724434524,2.582044836734173e-06,0.0014926452393266496
quantum/helium,19,interp,balanced,3600.0,897747.0971769242,1.9927489669584337e-05,0.0014928244234193584
quantum/helium,19,interp,balanced,3700.0,811696.4555365652,4.43299375417638e-06,0.0014926250762346024
quantum/helium,19,interp,balanced,3800.0,780911.0726735638,4.095983298670373e-06,0.0014926290195032108
quantum/helium,19,interp,balanced,3900.0,760505.4312946944,3.845238464610254e-06,0.0014926323555210395
quantum/helium,19,interp,balanced,4000.0,745299.271806954,3.6383527120286803e-06,0.0014926347384154374
quantum/helium,19,interp,balanced,4100.0,734037.3034526468,3.4618187857248128e-06,0.0014926364904957333
quantum/helium,19,interp,balanced,4200.0,726174.0918030045,3.308785484520438e-06,0.0014926378199604767
quantum/helium,19,interp,balanced,4300.0,721297.2414470578,3.174955892905237e-06,0.0014926388576914488
quantum/helium,19,interp,balanced,4400.0,719064.3687872504,3.057341480282781e-06,0.0014926396865812999
quantum/helium,19,interp,balanced,4500.0,719166.64506258,2.9537427189579396e-06,0.0014926403605280514
quantum/helium,19,interp,balanced,4600.0,721297.4310354709,2.8624856601871568e-06,0.0014926409156753103
quantum/helium,19,interp,balanced,4700.0,725159.8995932774,2.7822694307582972e-06,0.001492641376981672
quantum/helium,19,interp,balanced,4800.0,730466.8860791794,2.7120650984035223e-06,0.0014926417621842084
quantum/helium,19,interp,balanced,4900.0,736926.2501217747,2.6510434237955844e-06,0.001492642084234766
quantum/helium,19,interp,balanced,5000.0,744273.2426657288,2.5985208822325126e-06,0.0014926423527988715
quantum/helium,19,interp,balanced,5100.0,752258.9252644791,2.55391400533201e-06,0.0014926425752767143
quantum/helium,19,interp,balanced,5200.0,760645.6303008054,2.516701608022401e-06,0.0014926427574992061
quantum/helium,19,interp,balanced,5300.0,769205.0126436213,2.4863912904262617e-06,0.0014926429041900802
quantum/helium,19,interp,balanced,5400.0,777744.7218477204,2.462487621054088e-06,0.0014926430192678784
quantum/helium,19,interp,balanced,5500.0,786076.3778946118,2.4444595953287675e-06,0.0014926431062245499
quantum/helium,19,interp,balanced,5600.0,794054.6348181394,2.4317080570086375e-06,0.0014926431683378867
quantum/helium,19,interp,balanced,5700.0,801556.0393423879,2.4235304510595182e-06,0.00149264320894664
quantum/helium,19,interp,balanced,5800.0,808513.4993008496,2.4190840937083432e-06,0.0014926432317835963
quantum/helium,19,interp,balanced,5900.0,814850.2848151627,2.417347922459367e-06,0.0014926432412882902
quantum/helium,19,interp,balanced,5999.0,814850.2848151834,2.4170848993371463e-06,0.001492643242860523
quantum/helium,19,interp,unbalanced,0.0,0.9999999999999989,0.0963371376110019,0.37036583463301515
quantum/helium,19,interp,unbalanced,100.0,0.9999999999999993,0.00711636129213931,0.0012728429655629691
quantum/helium,19,interp,unbalanced,200.0,1.0,0.009469868294691207,0.0011681526298520472
quantum/helium,19,interp,unbalanced,300.0,0.999999999999999,0.010442254408315596,0.0010944210373318788
quantum/helium,19,interp,unbalanced,400.0,0.9999999999999993,0.011238350114128007,0.0010080780033482582
quantum/helium,19,interp,unbalanced,500.0,0.9999999999999998,0.012519252396351129,0.000879197548999171
quantum/helium,19,interp,unbalanced,600.0,1.0,0.014681353501399392,0.0007403734607014517
quantum/helium,19,interp,unbalanced,700.0,1.0,0.015843574826688328,0.0006659913399867704
quantum/helium,19,interp,unbalanced,800.0,1.0,0.015986420708682888,0.0006666015750849549
quantum/helium,19,interp,unbalanced,900.0,1.0,0.01644476968141504,0.0006156699146818699
quantum/helium,19,interp,unbalanced,1000.0,1.0,0.0168918884544511,0.000583131819279264
quantum/helium,19,interp,unbalanced,1100.0,1.0,0.01725082135316783,0.0005559455723287126
quantum/helium,19,interp,unbalanced,1200.0,1.0,0.016697044976057198,0.0005837418656135073
quantum/helium,19,interp,unbalanced,1300.0,0.9999999999999998,0.01740606313485967,0.0005397846395736837
quantum/helium,19,interp,unbalanced,1400.0,1.0,0.017707533659447855,0.0005203825423928487
quantum/helium,19,interp,unbalanced,1500.0,1.0,0.017897928348261267,0.0005069148386575656
quantum/helium,19,interp,unbalanced,1600.0,1.0000000000000002,0.018028009253325,0.0004965134131827433
quantum/helium,19,interp,unbalanced,1700.0,1.0,0.0181230557888175,0.00048783159154772247
quantum/helium,19,interp,unbalanced,1800.0,1.0,0.017920039713257594,0.000496059481313816
quantum/helium,19,interp,unbalanced,1900.0,1.0,0.01812756873898483,0.00048348504752918726
quantum/helium,19,interp,unbalanced,2000.0,1.0000000000000002,0.018224226571855136,0.00047572053537936655
quantum/helium,19,interp,unbalanced,2100.0,1.0000000000000002,0.018404453708287662,0.000467667455731958
quantum/helium,19,interp,unbalanced,2200.0,1.0,0.01811417172845385,0.00047697298430796585
quantum/helium,19,interp,unbalanced,2300.0,0.9999999999999999,0.018282788592496088,0.00046668571810857125
quantum/helium,19,interp,unbalanced,2400.0,0.9999999999999999,0.01835789150242321,0.000460303166776389
quantum/helium,19,interp,unbalanced,2500.0,1.0000000000000002,0.01841029881730769,0.00045474935823633573
quantum/helium,19,interp,unbalanced,2600.0,1.0000000000000002,0.018455376451786326,0.0004493746409068284
quantum/helium,19,interp,unbalanced,2700.0,1.0,0.01850058752803724,0.0004439388651923411
quantum/helium,19,interp,unbalanced,2800.0,0.9999999999999999,0.018303358156818415,0.0004524201531425902
quantum/helium,19,interp,unbalanced,2900.0,1.0,0.018467145063313546,0.000442488464071423
quantum/helium,19,interp,unbalanced,3000.0,1.0000000000000002,0.018550017956662033,0.0004363918188047701
quantum/helium,19,interp,unbalanced,3100.0,1.0,0.01860936708603873,0.0004314587927167407
quantum/helium,19,interp,unbalanced,3200.0,1.0000000000000002,0.01865907581091851,0.0004271353145607202
quantum/helium,19,interp,unbalanced,3300.0,1.0,0.018703250342535133,0.00042326088112066825
quantum/helium,19,interp,unbalanced,3400.0,1.0,0.018743280757194183,0.0004197719911711186
quantum/helium,19,interp,unbalanced,3500.0,0.9999999999999999,0.018779705366716935,0.0004166307170420894
quantum/helium,19,interp,unbalanced,3600.0,1.0,0.018812797732897357,0.0004138057660887692
quantum/helium,19,interp,unbalanced,3700.0,0.9999999999999999,0.018842761478887762,0.0004112681786120469
quantum/helium,19,interp,unbalanced,3800.0,1.0,0.018869794111989385,0.0004089908838791546
quantum/helium,19,interp,unbalanced,3900.0,1.0000000000000002,0.018894102669267124,0.00040694902107841813
quantum/helium,19,interp,unbalanced,4000.0,1.0,0.01891590103184491,0.00040512018792143224
quantum/helium,19,interp,unbalanced,4100.0,1.0000000000000002,0.01893540164758227,0.0004034844572757787
quantum/helium,19,interp,unbalanced,4200.0,1.0,0.018952807493544294,0.00040202420612455694
quantum/helium,19,interp,unbalanced,4300.0,1.0,0.018968306550984644,0.0004007238460724281
quantum/helium,19,interp,unbalanced,4400.0,1.0,0.018982069121922077,0.0003995695320148714
quantum/helium,19,interp,unbalanced,4500.0,1.0,0.018994247417310386,0.00039854889608732975
quantum/helium,19,interp,unbalanced,4600.0,0.9999999999999999,0.01900497661063642,0.0003976508259899668
quantum/helium,19,interp,unbalanced,4700.0,1.0000000000000002,0.01901437665797757,0.00039686528732588876
quantum/helium,19,interp,unbalanced,4800.0,1.0000000000000002,0.019022554409570368,0.0003961831793947563
quantum/helium,19,interp,unbalanced,4900.0,0.9999999999999999,0.01902960575496903,0.0003955962106203534
quantum/helium,19,interp,unbalanced,5000.0,0.9999999999999999,0.01903561770542977,0.0003950967805090383
quantum/helium,19,interp,unbalanced,5100.0,1.0000000000000002,0.01904067041853079,0.0003946778573417592
quantum/helium,19,interp,unbalanced,5200.0,1.0,0.019044839223855452,0.00039433284324310507
quantum/helium,19,interp,unbalanced,5300.0,1.0,0.019048196730494144,0.0003940554202319292
quantum/helium,19,interp,unbalanced,5400.0,1.0,0.019050815099545645,0.0003938393722810481
quantum/helium,19,interp,unbalanced,5500.0,1.0,0.01905276855492364,0.00039367837958469696
quantum/helium,19,interp,unbalanced,5600.0,1.0,0.019054136185967397,0.0003935657826108027
quantum/helium,19,interp,unbalanced,5700.0,1.0,0.019055005064009766,0.0003934943156788315
quantum/helium,19,interp,unbalanced,5800.0,0.9999999999999999,0.019055473650414798,0.0003934558132926537
quantum/helium,19,interp,unbalanced,5900.0,1.0000000000000002,0.019055655435753893,0.00039344089696494486
quantum/helium,19,interp,unbalanced,5999.0,1.0,0.019055682854929465,0.00039343865102496036
quantum/helium,19,extrap,balanced,0.0,4.181918948344894,0.09620155936921536,0.26901810337273324
quantum/helium,19,extrap,balanced,100.0,9.485257401186303,0.0118149410126332,0.019909180660905773
quantum/helium,19,extrap,balanced,200.0,20.739051088430987,0.008193762859115827,0.019919511713129702
quantum/helium,19,extrap,balanced,300.0,38.58395631267449,0.003994208830595042,0.020713149882603595
quantum/helium,19,extrap,balanced,400.0,96.83729708691335,0.0026456172616986114,0.02092903265307087
quantum/helium,19,extrap,balanced,500.0,272.03627324762795,0.000715523280930221,0.021402157679337015
quantum/helium,19,extrap,balanced,600.0,680.3929646579738,0.0002864432574706121,0.021482067892303405
quantum/helium,19,extrap,balanced,700.0,745.7219910487535,0.00013693511407899669,0.02151363281703301
quantum/helium,19,extrap,balanced,800.0,2067.681064599941,0.00013469313184617018,0.021510201624150405
quantum/helium,19,extrap,balanced,900.0,1954.7495805623375,5.723277852854372e-05,0.021536331608915014
quantum/helium,19,extrap,balanced,1000.0,5370.91384645471,3.290618739045717e-05,0.021534176856081066
quantum/helium,19,extrap,balanced,1100.0,4896.197495705004,4.014876857512151e-05,0.02153473651795385
quantum/helium,19,extrap,balanced,1200.0,10058.730492615246,1.7774092615442252e-05,0.021534341016558357
quantum/helium,19,extrap,balanced,1300.0,9132.523440325192,4.945971753227422e-05,0.021537370732919635
quantum/helium,19,extrap,balanced,1400.0,16737.716823212937,2.724670254878745e-05,0.021537460894409843
quantum/helium,19,extrap,balanced,1500.0,33382.62773649979,1.9462988051699652e-05,0.021537597728744532
quantum/helium,19,extrap,balanced,1600.0,30249.603493961837,2.5960539748199943e-05,0.021537441520036147
quantum/helium,19,extrap,balanced,1700.0,60119.20247143453,8.310773341186856e-06,0.021537112457517115
quantum/helium,19,extrap,balanced,1800.0,175029.58475959834,5.56404224945144e-06,0.021537237872056497
quantum/helium,19,extrap,balanced,1900.0,157563.409329869,3.564577056340315e-05,0.02153703507545439
quantum/helium,19,extrap,balanced,2000.0,146755.56031139733,1.1227489643291876e-05,0.02153669251030935
quantum/helium,19,extrap,balanced,2100.0,172945.54723261588,8.94669088650503e-06,0.02153682610296224
quantum/helium,19,extrap,balanced,2200.0,226920.889314146,7.55411601017181e-06,0.02153689435015332
quantum/helium,19,extrap,balanced,2300.0,320180.6946473048,6.299984152898992e-06,0.021536923941338892
quantum/helium,19,extrap,balanced,2400.0,459461.5706507498,4.977589093656714e-06,0.02153692747122768
quantum/helium,19,extrap,balanced,2500.0,652527.9669203879,3.6566769491838614e-06,0.021536914759256547
quantum/helium,19,extrap,balanced,2600.0,938797.3143744627,2.5556100289594847e-06,0.02153689596087805
quantum/helium,19,extrap,balanced,2700.0,845000.1939248919,1.676204103032556e-05,0.021536323660378224
quantum/helium,19,extrap,balanced,2800.0,773632.5211573737,3.610986383946024e-06,0.021536917375257626
quantum/helium,19,extrap,balanced,2900.0,1130819.5705960037,3.1622662822525726e-06,0.02153689698506609
quantum/helium,19,extrap,balanced,3000.0,1692437.8480166055,2.7565187960632257e-06,0.021536873466346994
quantum/helium,19,extrap,balanced,3100.0,2384966.7977946904,2.331348013749827e-06,0.02153684586709097
quantum/helium,19,extrap,balanced,3200.0,3129736.9961359804,1.932540679016239e-06,0.02153682012043778
quantum/helium,19,extrap,balanced,3300.0,2816794.8186407015,2.076693016395197e-05,0.02153743943602286
quantum/helium,19,extrap,balanced,3400.0,2572697.784979445,4.4542166008237386e-07,0.02153685962339121
quantum/helium,19,extrap,balanced,3500.0,2912923.707497348,3.738374860776544e-07,0.021536851456828928
quantum/helium,19,extrap,balanced,3600.0,6926604.374883248,3.2854995830931035e-07,0.021536847835396347
quantum/helium,19,extrap,balanced,3700.0,13440712.41588271,2.6505018884331484e-07,0.02153684451020368
quantum/helium,19,extrap,balanced,3800.0,12096900.437851673,4.110737314056958e-06,0.021536815254456405
quantum/helium,19,extrap,balanced,3900.0,10915463.734941455,7.146030304635944e-07,0.021536863662031953
quantum/helium,19,extrap,balanced,4000.0,10723675.210809872,5.273407321813122e-07,0.021536868235465252
quantum/helium,19,extrap,balanced,4100.0,10824204.804602245,4.2420045091128033e-07,0.02153686732906709
quantum/helium,19,extrap,balanced,4200.0,11280217.544282407,3.5605711693856554e-07,0.021536865006245062
quantum/helium,19,extrap,balanced,4300.0,12010286.373398809,3.0611709894418074e-07,0.02153686240622655
quantum/helium,19,extrap,balanced,4400.0,12946735.679825637,2.6758413637511514e-07,0.02153685991595934
quantum/helium,19,extrap,balanced,4500.0,14043438.6419529,2.3721857014650224e-07,0.02153685768105641
quantum/helium,19,extrap,balanced,4600.0,15273297.034040505,2.131520426031605e-07,0.021536855748793285
quantum/helium,19,extrap,balanced,4700.0,16623860.10484635,1.9409749742467132e-07,0.021536854119227636
quantum/helium,19,extrap,balanced,4800.0,18094137.159007456,1.7905892082796636e-07,0.021536852768849448
quantum/helium,19,extrap,balanced,4900.0,19684837.839104835,1.672276614528131e-07,0.02153685166397037
quantum/helium,19,extrap,balanced,5000.0,21398312.872617666,1.5794727709025184e-07,0.021536850768860503
quantum/helium,19,extrap,balanced,5100.0,23234595.502006117,1.5069221741122362e-07,0.021536850050195556
quantum/helium,19,extrap,balanced,5200.0,25182068.352111716,1.450497406180301e-07,0.021536849479075318
quantum/helium,19,extrap,balanced,5300.0,27221688.28723037,1.4070228533708599e-07,0.02153684903186724
quantum/helium,19,extrap,balanced,5400.0,29318109.86500898,1.3740781892971828e-07,0.021536848689349495
quantum/helium,19,extrap,balanced,5500.0,31430985.32960697,1.3498212496390445e-07,0.02153684843606622
quantum/helium,19,extrap,balanced,5600.0,33507932.070316423,1.332809878370169e-07,0.021536848259214897
quantum/helium,19,extrap,balanced,5700.0,35492371.98103328,1.3218390893628677e-07,0.021536848147037713
quantum/helium,19,extrap,balanced,5800.0,37334952.115933016,1.3157684575981352e-07,0.021536848087293798
quantum/helium,19,extrap,balanced,5900.0,38997084.2415282,1.313334727271418e-07,0.021536848065670626
quantum/helium,19,extrap,balanced,5999.0,38997084.241637506,1.3129539080987456e-07,0.021536848064108594
quantum/helium,19,extrap,unbalanced,0.0,0.9999999999999984,0.09620155936921536,0.26901810337273324
quantum/helium,19,extrap,unbalanced,100.0,1.0000000000000009,0.03254556729582853,0.017579077646954575
quantum/helium,19,extrap,unbalanced,200.0,1.0000000000000004,0.0470933987915094,0.013523437806926407
quantum/helium,19,extrap,unbalanced,300.0,0.9999999999999999,0.058164240804602196,0.010068325736346487
quantum/helium,19,extrap,unbalanced,400.0,1.0,0.06426989679865931,0.008920184624206668
quantum/helium,19,extrap,unbalanced,500.0,0.9999999999999998,0.06669413132394626,0.007564252164991296
quantum/helium,19,extrap,unbalanced,600.0,0.9999999999999998,0.06932511933670671,0.006269368900779479
quantum/helium,19,extrap,unbalanced,700.0,1.0,0.07050131079450556,0.005961672337189198
quantum/helium,19,extrap,unbalanced,800.0,1.0,0.0720963895125901,0.0056436085304019026
quantum/helium,19,extrap,unbalanced,900.0,1.0000000000000002,0.07219303005662267,0.005617220447649136
quantum/helium,19,extrap,unbalanced,1000.0,1.0000000000000002,0.07284777347233605,0.005499445472395035
quantum/helium,19,extrap,unbalanced,1100.0,0.9999999999999999,0.07308024136818352,0.005456565867426495
quantum/helium,19,extrap,unbalanced,1200.0,1.0000000000000002,0.07317188890731277,0.005437288386812798
quantum/helium,19,extrap,unbalanced,1300.0,0.9999999999999999,0.07322094421519453,0.005425827710922549
quantum/helium,19,extrap,unbalanced,1400.0,0.9999999999999999,0.07232443290881688,0.005566444341333955
quantum/helium,19,extrap,unbalanced,1500.0,0.9999999999999999,0.07314858935682916,0.005433187747186999
quantum/helium,19,extrap,unbalanced,1600.0,0.9999999999999999,0.07325263645157962,0.005415337155533331
quantum/helium,19,extrap,unbalanced,1700.0,1.0,0.07328577098677466,0.005408697775403886
quantum/helium,19,extrap,unbalanced,1800.0,0.9999999999999999,0.07330303697169717,0.005404788073229747
quantum/helium,19,extrap,unbalanced,1900.0,1.0,0.07331470038518136,0.005401972155278323
quantum/helium,19,extrap,unbalanced,2000.0,1.0,0.0733235611625801,0.005399762395560656
quantum/helium,19,extrap,unbalanced,2100.0,1.0,0.07333061182230287,0.005397961961660157
quantum/helium,19,extrap,unbalanced,2200.0,1.0,0.07333632768934846,0.0053964666207360545
quantum/helium,19,extrap,unbalanced,2300.0,1.0000000000000002,0.073341006858342,0.0053952092800804
quantum/helium,19,extrap,unbalanced,2400.0,0.9999999999999999,0.07334486617049506,0.005394142047907071
quantum/helium,19,extrap,unbalanced,2500.0,1.0,0.0733480728470694,0.005393229002033961
quantum/helium,19,extrap,unbalanced,2600.0,1.0000000000000002,0.07540350926577304,0.006239503670057989
quantum/helium,19,extrap,unbalanced,2700.0,1.0000000000000002,0.0733072672061222,0.0053986519017618015
quantum/helium,19,extrap,unbalanced,2800.0,1.0000000000000002,0.07334513056071527,0.005392708241924999
quantum/helium,19,extrap,unbalanced,2900.0,1.0,0.07335170019413048,0.005391459310646625
quantum/helium,19,extrap,unbalanced,3000.0,1.0,0.07335477482321938,0.005390759768507194
quantum/helium,19,extrap,unbalanced,3100.0,0.9999999999999999,0.07335682509920402,0.005390239230200595
quantum/helium,19,extrap,unbalanced,3200.0,0.9999999999999999,0.07335840168234088,0.005389812683529816
quantum/helium,19,extrap,unbalanced,3300.0,1.0,0.07335969077571983,0.0053894497390569425
quantum/helium,19,extrap,unbalanced,3400.0,0.9999999999999999,0.07336078001677972,0.005389135051387618
quantum/helium,19,extrap,unbalanced,3500.0,1.0,0.07336171937881278,0.005388859172502611
quantum/helium,19,extrap,unbalanced,3600.0,1.0,0.073362540584562,0.00538861560468102
quantum/helium,19,extrap,unbalanced,3700.0,1.0,0.07336326521633535,0.005388399557470433
quantum/helium,19,extrap,unbalanced,3800.0,1.0000000000000002,0.0733639087186284,0.005388207328081527
quantum/helium,19,extrap,unbalanced,3900.0,0.9999999999999999,0.07336448258888442,0.005388035957666745
quantum/helium,19,extrap,unbalanced,4000.0,1.0000000000000002,0.07336499566683458,0.005387883024887002
quantum/helium,19,extrap,unbalanced,4100.0,1.0000000000000002,0.07336545493591354,0.005387746513666652
quantum/helium,19,extrap,unbalanced,4200.0,1.0000000000000002,0.07336586604286435,0.0053876247237203195
quantum/helium,19,extrap,unbalanced,4300.0,1.0,0.07336623364615458,0.005387516207078281
quantum/helium,19,extrap,unbalanced,4400.0,1.0,0.07336656165637709,0.005387419721116931
quantum/helium,19,extrap,unbalanced,4500.0,1.0000000000000002,0.0733668534066516,0.005387334192442528
quantum/helium,19,extrap,unbalanced,4600.0,1.0,0.07336711177689427,0.005387258688105997
quantum/helium,19,extrap,unbalanced,4700.0,0.9999999999999999,0.07336733928751189,0.005387192391851892
quantum/helium,19,extrap,unbalanced,4800.0,1.0,0.07336753817298985,0.005387134583831204
quantum/helium,19,extrap,unbalanced,4900.0,1.0,0.07336771044262093,0.005387084622642621
quantum/helium,19,extrap,unbalanced,5000.0,1.0,0.07336785793360541,0.005387041928831518
quantum/helium,19,extrap,unbalanced,5100.0,0.9999999999999999,0.07336798236038863,0.005387005969134579
quantum/helium,19,extrap,unbalanced,5200.0,0.9999999999999999,0.07336808536326116,0.00538697624085618
quantum/helium,19,extrap,unbalanced,5300.0,1.0,0.07336816855865398,0.005386952255820738
quantum/helium,19,extrap,unbalanced,5400.0,1.0,0.07336823359315783,0.005386933523395744
quantum/helium,19,extrap,unbalanced,5500.0,1.0000000000000002,0.0733682822029164,0.005386919532138034
quantum/helium,19,extrap,unbalanced,5600.0,1.0,0.07336831627965469,0.005386909729703917
quantum/helium,19,extrap,unbalanced,5700.0,1.0,0.07336833794401866,0.005386903500822958
quantum/helium,19,extrap,unbalanced,5800.0,0.9999999999999999,0.07336834962607419,0.005386900143385862
quantum/helium,19,extrap,unbalanced,5900.0,0.9999999999999999,0.0733683541517323,0.005386898843075723
quantum/helium,19,extrap,unbalanced,5999.0,1.0,0.07336835483226725,0.005386898647535422
