task,model,optimizer,lr,seed,budget,evals_used,n_params,tol,final_data_loss,final_phys_loss,evals_to_tol,reached_tol,diverged,seconds,nrmse_in,nrmse_out,theta_R,err_R_pct,param_err_pct,theta_gamma,err_gamma_pct,theta_omega0,err_omega0_pct,theta_D,err_D_pct,theta_a1,err_a1_pct,theta_a3,err_a3_pct,phase
hydrogen,physics,sgd,0.001,3,2000,2000,1,0.0001,7.859903093016031e-13,0.0,232.0,True,False,2.9694900512695312,5.232944121780694e-07,1.370794540214296e-06,109678.7975122987,0.0011069805589126317,0.0011069805589126317,,,,,,,,,,,tune
hydrogen,physics,sgd,0.001,7,2000,2000,1,0.0001,7.859903093115702e-13,0.0,183.0,True,False,3.0084662437438965,5.23294411163915e-07,1.3707945360569934e-06,109678.79751229862,0.0011069805588462922,0.0011069805588462922,,,,,,,,,,,tune
hydrogen,physics,sgd,0.001,19,2000,2000,1,0.0001,7.859903093115702e-13,0.0,235.0,True,False,3.0157980918884277,5.23294411163915e-07,1.3707945360569934e-06,109678.79751229862,0.0011069805588462922,0.0011069805588462922,,,,,,,,,,,tune
hydrogen,physics,sgd,0.01,3,2000,2000,1,0.0001,7.859903093592295e-13,0.0,21.0,True,False,2.9428019523620605,5.232944119752386e-07,1.3707945393828354e-06,109678.79751229868,0.0011069805588993637,0.0011069805588993637,,,,,,,,,,,tune
hydrogen,physics,sgd,0.01,7,2000,2000,1,0.0001,7.859903093592295e-13,0.0,17.0,True,False,2.8852529525756836,5.232944119752386e-07,1.3707945393828354e-06,109678.79751229868,0.0011069805588993637,0.0011069805588993637,,,,,,,,,,,tune
hydrogen,physics,sgd,0.01,19,2000,2000,1,0.0001,7.859903093592295e-13,0.0,22.0,True,False,2.8079330921173096,5.232944119752386e-07,1.3707945393828354e-06,109678.79751229868,0.0011069805588993637,0.0011069805588993637,,,,,,,,,,,tune
hydrogen,physics,sgd,0.1,3,2000,2000,1,0.0001,7.859903093016031e-13,0.0,30.0,True,False,2.68048095703125,5.232944121780694e-07,1.370794540214296e-06,109678.7975122987,0.0011069805589126317,0.0011069805589126317,,,,,,,,,,,tune
hydrogen,physics,sgd,0.1,7,2000,2000,1,0.0001,7.859903093691968e-13,0.0,25.0,True,False,3.3517680168151855,5.232944109610841e-07,1.370794535225533e-06,109678.79751229861,0.0011069805588330244,0.0011069805588330244,,,,,,,,,,,tune
hydrogen,physics,sgd,0.1,19,2000,2000,1,0.0001,7.859903093115702e-13,0.0,27.0,True,False,3.4160640239715576,5.23294411163915e-07,1.3707945360569934e-06,109678.79751229862,0.0011069805588462922,0.0011069805588462922,,,,,,,,,,,tune
hydrogen,physics,sgd,1.0,3,2000,2000,1,0.0001,9.426486286057507,0.0,,False,False,3.6412508487701416,6.1270308044958774,6.262450344175313,7.526870372062942e-05,-99.99999993137276,99.99999993137276,,,,,,,,,,,tune
hydrogen,physics,sgd,1.0,7,2000,2000,1,0.0001,9.426486298995641,0.0,,False,False,2.990924119949341,6.127030808700643,6.262450348473014,2.995821658377133e-101,-100.0,100.0,,,,,,,,,,,tune
hydrogen,physics,sgd,1.0,19,2000,2000,1,0.0001,9.426486298995641,0.0,,False,False,3.048970937728882,6.127030808700643,6.262450348473014,0.0,-100.0,100.0,,,,,,,,,,,tune
hydrogen,physics,momentum,0.001,3,2000,2000,1,0.0001,7.859903093592295e-13,0.0,38.0,True,False,2.792371988296509,5.232944119752386e-07,1.3707945393828354e-06,109678.79751229868,0.0011069805588993637,0.0011069805588993637,,,,,,,,,,,tune
hydrogen,physics,momentum,0.001,7,2000,2000,1,0.0001,7.859903094744826e-13,0.0,15.0,True,False,3.2446162700653076,5.232944115695768e-07,1.3707945377199145e-06,109678.79751229865,0.0011069805588728278,0.0011069805588728278,,,,,,,,,,,tune
hydrogen,physics,momentum,0.001,19,2000,2000,1,0.0001,7.859903093592295e-13,0.0,17.0,True,False,3.2720911502838135,5.232944119752386e-07,1.3707945393828354e-06,109678.79751229868,0.0011069805588993637,0.0011069805588993637,,,,,,,,,,,tune
hydrogen,physics,momentum,0.01,3,2000,2000,1,0.0001,7.859903094744826e-13,0.0,41.0,True,False,3.3790488243103027,5.232944115695768e-07,1.3707945377199145e-06,109678.79751229865,0.0011069805588728278,0.0011069805588728278,,,,,,,,,,,tune
hydrogen,physics,momentum,0.01,7,2000,2000,1,0.0001,7.859903094744826e-13,0.0,32.0,True,False,3.1500730514526367,5.232944115695768e-07,1.3707945377199145e-06,109678.79751229865,0.0011069805588728278,0.0011069805588728278,,,,,,,,,,,tune
hydrogen,physics,momentum,0.01,19,2000,2000,1,0.0001,7.859903094744826e-13,0.0,32.0,True,False,3.2091329097747803,5.232944115695768e-07,1.3707945377199145e-06,109678.79751229865,0.0011069805588728278,0.0011069805588728278,,,,,,,,,,,tune
hydrogen,physics,momentum,0.1,3,2000,2000,1,0.0001,9.426485685300827,0.0,,False,False,3.1409289836883545,6.1270306092558515,6.262450144620057,0.003570222686309809,-99.99999674480183,99.99999674480183,,,,,,,,,,,tune
hydrogen,physics,momentum,0.1,7,2000,2000,1,0.0001,7.859903093016031e-13,0.0,45.0,True,False,3.1041059494018555,5.232944121780694e-07,1.370794540214296e-06,109678.7975122987,0.0011069805589126317,0.0011069805589126317,,,,,,,,,,,tune
hydrogen,physics,momentum,0.1,19,2000,2000,1,0.0001,0.9183424435120484,0.0,,False,False,3.4222359657287598,1.9123943479553693,1.954661209241549,75445.39327355506,-31.211656080628416,31.211656080628416,,,,,,,,,,,tune
hydrogen,physics,momentum,1.0,3,2000,2000,1,0.0001,9.426486298995641,0.0,,False,False,3.454103946685791,6.127030808700643,6.262450348473014,2.359719262812082e-89,-100.0,100.0,,,,,,,,,,,tune
hydrogen,physics,momentum,1.0,7,2000,2000,1,0.0001,9.426486298995641,0.0,,False,False,3.202177047729492,6.127030808700643,6.262450348473014,0.0,-100.0,100.0,,,,,,,,,,,tune
hydrogen,physics,momentum,1.0,19,2000,2000,1,0.0001,9.426486298995641,0.0,,False,False,3.1043131351470947,6.127030808700643,6.262450348473014,0.0,-100.0,100.0,,,,,,,,,,,tune
hydrogen,physics,rmsprop,0.001,3,2000,2000,1,0.0001,3.143288262568691e-09,0.0,788.0,True,False,3.1651811599731445,0.00011200357250678363,0.00011571201560375075,109680.80007240504,0.002932841454283438,0.002932841454283438,,,,,,,,,,,tune
hydrogen,physics,rmsprop,0.001,7,2000,2000,1,0.0001,2.2868903499704987e-06,0.0,64.0,True,False,3.5608761310577393,0.0030177181311527228,0.003083182180826126,109624.7755498966,-0.048148264429218275,0.048148264429218275,,,,,,,,,,,tune
hydrogen,physics,rmsprop,0.001,19,2000,2000,1,0.0001,2.5641542040388037e-06,0.0,223.0,True,False,3.3432769775390625,0.003195693969683544,0.003267559825879507,109736.00063838436,0.053262693979029746,0.053262693979029746,,,,,,,,,,,tune
hydrogen,physics,rmsprop,0.01,3,2000,2000,1,0.0001,0.00022942008729513077,0.0,67.0,True,False,3.3585011959075928,0.03022684215280758,0.030896155506990312,110219.88000188608,0.49444615963285743,0.49444615963285743,,,,,,,,,,,tune
hydrogen,physics,rmsprop,0.01,7,2000,2000,1,0.0001,0.00023811156054677298,0.0,2.0,True,False,3.2366390228271484,0.030793816893470414,0.031473193479772114,109127.56096991194,-0.5014902916315529,0.5014902916315529,,,,,,,,,,,tune
hydrogen,physics,rmsprop,0.01,19,2000,2000,1,0.0001,0.00023350715894867842,0.0,6.0,True,False,3.0136618614196777,0.0304948949034311,0.0311701328093722,110224.67836240424,0.498821128855642,0.498821128855642,,,,,,,,,,,tune
hydrogen,physics,rmsprop,0.1,3,2000,2000,1,0.0001,0.021129370014602633,0.0,6.0,False,False,3.310732126235962,0.2900805605342975,0.2964932090784621,114871.47122683996,4.735596521117095,4.735596521117095,,,,,,,,,,,tune
hydrogen,physics,rmsprop,0.1,7,2000,2000,1,0.0001,0.021129370014602633,0.0,13.0,False,False,3.163547992706299,0.2900805605342975,0.2964932090784621,114871.47122683996,4.735596521117095,4.735596521117095,,,,,,,,,,,tune
hydrogen,physics,rmsprop,0.1,19,2000,2000,1,0.0001,0.021129370014602633,0.0,12.0,False,False,3.043092966079712,0.2900805605342975,0.2964932090784621,114871.47122683996,4.735596521117095,4.735596521117095,,,,,,,,,,,tune
hydrogen,physics,rmsprop,1.0,3,2000,2000,1,0.0001,9.280127050934146,0.0,,False,False,3.0779731273651123,6.07927941373279,6.213643543297392,854.7884986676704,-99.2206351816409,99.2206351816409,,,,,,,,,,,tune
hydrogen,physics,rmsprop,1.0,7,2000,2,1,0.0001,inf,0.0,,False,True,0.000576019287109375,inf,inf,2203458149.7863846,2008932.3668917338,2008932.3668917338,,,,,,,,,,,tune
hydrogen,physics,rmsprop,1.0,19,2000,2,1,0.0001,inf,0.0,,False,True,0.0005331039428710938,inf,inf,1971218430.133397,1797184.703925706,1797184.703925706,,,,,,,,,,,tune
hydrogen,physics,adam,0.001,3,2000,2000,1,0.0001,6.071991313185637e-06,0.0,1723.0,True,False,3.2174510955810547,0.004917591045059599,0.005027514604662557,109766.82398561666,0.081366292067174,0.081366292067174,,,,,,,,,,,tune
hydrogen,physics,adam,0.001,7,2000,2000,1,0.0001,7.859903093592295e-13,0.0,150.0,True,False,2.988942861557007,5.232944119752386e-07,1.3707945393828354e-06,109678.79751229868,0.0011069805588993637,0.0011069805588993637,,,,,,,,,,,tune
hydrogen,physics,adam,0.001,19,2000,2000,1,0.0001,7.859903094744826e-13,0.0,392.0,True,False,3.0344278812408447,5.232944115695768e-07,1.3707945377199145e-06,109678.79751229865,0.0011069805588728278,0.0011069805588728278,,,,,,,,,,,tune
hydrogen,physics,adam,0.01,3,2000,2000,1,0.0001,7.859903093592295e-13,0.0,144.0,True,False,3.183626890182495,5.232944119752386e-07,1.3707945393828354e-06,109678.79751229868,0.0011069805588993637,0.0011069805588993637,,,,,,,,,,,tune
hydrogen,physics,adam,0.01,7,2000,2000,1,0.0001,7.859903094744826e-13,0.0,10.0,True,False,2.8978207111358643,5.232944115695768e-07,1.3707945377199145e-06,109678.79751229865,0.0011069805588728278,0.0011069805588728278,,,,,,,,,,,tune
hydrogen,physics,adam,0.01,19,2000,2000,1,0.0001,7.859903093592295e-13,0.0,23.0,True,False,2.9464271068573,5.232944119752386e-07,1.3707945393828354e-06,109678.79751229868,0.0011069805588993637,0.0011069805588993637,,,,,,,,,,,tune
hydrogen,physics,adam,0.1,3,2000,2000,1,0.0001,7.859903093592295e-13,0.0,27.0,True,False,3.0342299938201904,5.232944119752386e-07,1.3707945393828354e-06,109678.79751229868,0.0011069805588993637,0.0011069805588993637,,,,,,,,,,,tune
hydrogen,physics,adam,0.1,7,2000,2000,1,0.0001,2.291319845554764e-11,0.0,15.0,True,False,3.025010108947754,9.268481018247698e-06,8.225317464684611e-06,109678.62947291862,0.0009537684121233701,0.0009537684121233701,,,,,,,,,,,tune
hydrogen,physics,adam,0.1,19,2000,2000,1,0.0001,7.859903093016031e-13,0.0,23.0,True,False,3.0444462299346924,5.232944121780694e-07,1.370794540214296e-06,109678.7975122987,0.0011069805589126317,0.0011069805589126317,,,,,,,,,,,tune
hydrogen,physics,adam,1.0,3,2000,2000,1,0.0001,0.00017383941851955488,0.0,44.0,True,False,3.1881611347198486,0.026311855253436336,0.026894638838801405,110149.7985775254,0.4305484859365741,0.4305484859365741,,,,,,,,,,,tune
hydrogen,physics,adam,1.0,7,2000,2000,1,0.0001,7.859903093115702e-13,0.0,84.0,True,False,3.029376983642578,5.23294411163915e-07,1.3707945360569934e-06,109678.79751229862,0.0011069805588462922,0.0011069805588462922,,,,,,,,,,,tune
hydrogen,physics,adam,1.0,19,2000,2000,1,0.0001,7.859903094021432e-13,0.0,51.0,True,False,3.1688523292541504,5.232944097397793e-07,1.3707945310682307e-06,109678.79751229854,0.0011069805587666846,0.0011069805587666846,,,,,,,,,,,tune
hydrogen,physics,lbfgs,0.1,3,2000,2000,1,0.0001,7.859903094757071e-13,0.0,11.0,True,False,4.460697650909424,5.233017581288634e-07,1.370824141494927e-06,109678.79751281757,0.001106981032006244,0.001106981032006244,,,,,,,,,,,tune
hydrogen,physics,lbfgs,0.1,7,2000,2000,1,0.0001,7.85990425304271e-13,0.0,4.0,True,False,3.7430498600006104,5.234669980099034e-07,1.3714883998958643e-06,109678.79752446126,0.0011069916482921841,0.0011069916482921841,,,,,,,,,,,tune
hydrogen,physics,lbfgs,0.1,19,2000,2000,1,0.0001,7.864214789538703e-13,0.0,33.0,True,False,13.211436748504639,5.143582171783131e-07,1.328478377927769e-06,109678.79677052423,0.0011063042361485233,0.0011063042361485233,,,,,,,,,,,tune
hydrogen,physics,lbfgs,1.0,3,2000,2000,1,0.0001,7.862232652409944e-13,0.0,6.0,True,False,5.058831214904785,5.164172902580584e-07,1.3396901092130272e-06,109678.79696706258,0.0011064834326038058,0.0011064834326038058,,,,,,,,,,,tune
hydrogen,physics,lbfgs,1.0,7,2000,2000,1,0.0001,7.861685344976424e-13,0.0,3.0,True,False,4.460031986236572,5.171858551725702e-07,1.3435881367704348e-06,109678.79703539315,0.0011065457339124733,0.0011065457339124733,,,,,,,,,,,tune
hydrogen,physics,lbfgs,1.0,19,2000,2000,1,0.0001,7.859908213583292e-13,0.0,5.0,True,False,5.476063966751099,5.229343810460908e-07,1.3693362625046823e-06,109678.79748673673,0.001106957252448123,0.001106957252448123,,,,,,,,,,,tune
hydrogen,pinn,sgd,0.001,3,2000,2000,2210,0.0001,4.0080446983617135e-05,4.2949878964017305e-05,486.0,True,False,12.605902910232544,0.022771296076685453,0.01966390067512292,109739.70056842413,0.05663615455773843,0.05663615455773843,,,,,,,,,,,tune
hydrogen,pinn,sgd,0.001,7,2000,2000,2210,0.0001,7.063536260854466e-07,9.510573356627437e-07,391.0,True,False,11.660192012786865,0.002571935066345448,0.00857948368205667,109660.32573062276,-0.015734912837025956,0.015734912837025956,,,,,,,,,,,tune
hydrogen,pinn,sgd,0.001,19,2000,2000,2210,0.0001,2.2320461427729e-05,2.4217456186039914e-05,657.0,True,False,11.520956754684448,0.018132939830659212,0.012683287511197443,109628.37187202525,-0.04486926974582506,0.04486926974582506,,,,,,,,,,,tune
hydrogen,pinn,sgd,0.01,3,2000,2000,2210,0.0001,8.151791426822544e-06,8.98966884551774e-06,47.0,True,False,8.616432905197144,0.0110883734170341,0.02669126747578417,109711.56184066756,0.03098029409513915,0.03098029409513915,,,,,,,,,,,tune
hydrogen,pinn,sgd,0.01,7,2000,2000,2210,0.0001,6.006103627957404e-07,7.04439720563879e-07,39.0,True,False,8.108103036880493,0.002439065236288653,0.00950237949065744,109667.30932998903,-0.009367522938741261,0.009367522938741261,,,,,,,,,,,tune
hydrogen,pinn,sgd,0.01,19,2000,2000,2210,0.0001,4.8977351341063775e-06,5.250911174921027e-06,66.0,True,False,8.354455709457397,0.010020341359002245,0.023849349127766647,109657.53134393139,-0.018282732185951833,0.018282732185951833,,,,,,,,,,,tune
hydrogen,pinn,sgd,0.1,3,2000,2000,2210,0.0001,0.0794979527851872,0.003450812549269906,,False,False,8.005647897720337,0.5545816472433397,0.5839517502703604,117717.33699267087,7.330352603023034,7.330352603023034,,,,,,,,,,,tune
hydrogen,pinn,sgd,0.1,7,2000,2000,2210,0.0001,0.11506482251335741,8.294476726087103e-05,,False,False,8.309226989746094,0.680913329173125,0.6769076411851926,97777.1434835348,-10.850384873575965,10.850384873575965,,,,,,,,,,,tune
hydrogen,pinn,sgd,0.1,19,2000,2000,2210,0.0001,0.1152543775210773,8.107713604723666e-05,,False,False,8.305908918380737,0.6808251358857418,0.6777975466346581,97769.05024795176,-10.857763989099803,10.857763989099803,,,,,,,,,,,tune
hydrogen,pinn,sgd,1.0,3,2000,4,2210,0.0001,inf,1112297369.585698,,False,True,0.00621795654296875,inf,inf,2.0926057317929468e-05,-99.99999998092038,99.99999998092038,,,,,,,,,,,tune
hydrogen,pinn,sgd,1.0,7,2000,4,2210,0.0001,inf,20562073.97562775,,False,True,0.0033409595489501953,inf,inf,2.401200204719483e-39,-100.0,100.0,,,,,,,,,,,tune
hydrogen,pinn,sgd,1.0,19,2000,3,2210,0.0001,inf,216376.17182509037,,False,True,0.002596139907836914,inf,inf,0.0,-100.0,100.0,,,,,,,,,,,tune
hydrogen,pinn,momentum,0.001,3,2000,2000,2210,0.0001,8.716530887612177e-06,9.532416313429002e-06,91.0,True,False,8.574971199035645,0.011133629156063937,0.011647698575399,109711.12233751136,0.03057957122856424,0.03057957122856424,,,,,,,,,,,tune
hydrogen,pinn,momentum,0.001,7,2000,2000,2210,0.0001,5.993218835482692e-07,7.031950990258915e-07,51.0,True,False,8.800013065338135,0.002443584999812867,0.00941030815291157,109667.30677916492,-0.009369848686655854,0.009369848686655854,,,,,,,,,,,tune
hydrogen,pinn,momentum,0.001,19,2000,2000,2210,0.0001,4.904204384064572e-06,5.258340548873306e-06,73.0,True,False,8.894293069839478,0.009985457178103313,0.023039255859445232,109657.50280897344,-0.018308749314579747,0.018308749314579747,,,,,,,,,,,tune
hydrogen,pinn,momentum,0.01,3,2000,2000,2210,0.0001,2.0161133866015845e-07,2.044341757294149e-07,317.0,True,False,9.091562986373901,0.002124550579271625,0.09482669007980207,109680.73441893668,0.0028729810285571277,0.0028729810285571277,,,,,,,,,,,tune
hydrogen,pinn,momentum,0.01,7,2000,2000,2210,0.0001,3.355196001489638e-07,3.7899333107046387e-07,32.0,True,False,8.859968662261963,0.001384333668455555,0.009221368170584433,109671.38150956127,-0.005654658882209004,0.005654658882209004,,,,,,,,,,,tune
hydrogen,pinn,momentum,0.01,19,2000,2000,2210,0.0001,1.0440362523816873e-07,1.0500940267785646e-07,40.0,True,False,9.129087924957275,0.0021272370346343407,0.030271604034501,109677.92450770324,0.00031100697126338917,0.00031100697126338917,,,,,,,,,,,tune
hydrogen,pinn,momentum,0.1,3,2000,9,2210,0.0001,inf,8978151.826552402,,False,True,0.010418891906738281,inf,inf,4.113618525221374,-99.9962493534252,99.9962493534252,,,,,,,,,,,tune
hydrogen,pinn,momentum,0.1,7,2000,2000,2210,0.0001,1.0454013936729512e-08,1.1958288254420002e-08,31.0,True,False,10.214034795761108,0.00020177634528770468,0.0004396763911674901,109677.44535197142,-0.0001258696601849652,0.0001258696601849652,,,,,,,,,,,tune
hydrogen,pinn,momentum,0.1,19,2000,2000,2210,0.0001,1.5399216686145703e-09,1.5662087727197819e-09,26.0,True,False,10.547802925109863,0.0003294288751680106,0.0033440399635457333,109678.66690172678,0.000987894627348466,0.000987894627348466,,,,,,,,,,,tune
hydrogen,pinn,momentum,1.0,3,2000,4,2210,0.0001,inf,61571179.67951782,,False,True,0.012480020523071289,inf,inf,2.0623384444645682e-22,-100.0,100.0,,,,,,,,,,,tune
hydrogen,pinn,momentum,1.0,7,2000,4,2210,0.0001,inf,26379568.098835785,,False,True,0.00455784797668457,inf,inf,3.2215590871044164e-78,-100.0,100.0,,,,,,,,,,,tune
hydrogen,pinn,momentum,1.0,19,2000,3,2210,0.0001,inf,215043.6821807782,,False,True,0.003339052200317383,inf,inf,0.0,-100.0,100.0,,,,,,,,,,,tune
hydrogen,pinn,rmsprop,0.001,3,2000,2000,2210,0.0001,2.94965131656077e-05,2.0468900264516964e-05,721.0,True,False,11.95261287689209,0.016928372880891742,0.03237267891402124,109715.06684140285,0.034176025279707915,0.034176025279707915,,,,,,,,,,,tune
hydrogen,pinn,rmsprop,0.001,7,2000,2000,2210,0.0001,4.047555702241069e-09,4.525267414829406e-09,79.0,True,False,10.40630316734314,0.00017626078623790987,0.002640049854472975,109679.60249882593,0.0018409377653520614,0.0018409377653520614,,,,,,,,,,,tune
hydrogen,pinn,rmsprop,0.001,19,2000,2000,2210,0.0001,4.927939191559952e-07,1.7929426991918725e-07,172.0,True,False,10.314696073532104,0.0014070638382344732,0.0017899762300415997,109668.53169483259,-0.008253015483674398,0.008253015483674398,,,,,,,,,,,tune
hydrogen,pinn,rmsprop,0.01,3,2000,2000,2210,0.0001,0.0034432205494260458,0.002105504956799757,135.0,False,False,11.132419109344482,0.08822351643437402,0.11339409651098327,109133.57223378854,-0.49600944158900123,0.49600944158900123,,,,,,,,,,,tune
hydrogen,pinn,rmsprop,0.01,7,2000,2000,2210,0.0001,0.1036165222044346,0.06449477650796051,51.0,False,False,14.458333015441895,0.6403060472512143,0.23227377765563198,107118.11817569316,-2.333626569506519,2.333626569506519,,,,,,,,,,,tune
hydrogen,pinn,rmsprop,0.01,19,2000,2000,2210,0.0001,0.24422389635101727,0.20604198460420847,50.0,False,False,14.829874992370605,1.3201599125353767,1.0557895996442805,111789.84814211847,1.925885558207989,1.925885558207989,,,,,,,,,,,tune
hydrogen,pinn,rmsprop,0.1,3,2000,2000,2210,0.0001,3.4713442096335805,2.487458278415204,46.0,False,False,15.35555386543274,3.5071169520290324,3.520362941348437,98970.02288599717,-9.762761162829431,9.762761162829431,,,,,,,,,,,tune
hydrogen,pinn,rmsprop,0.1,7,2000,2000,2210,0.0001,2.9409325186756243,2.968222649079199,71.0,False,False,13.848182916641235,3.1608553750119173,3.1604853350882807,109378.78157192993,-0.2724365559238459,0.2724365559238459,,,,,,,,,,,tune
hydrogen,pinn,rmsprop,0.1,19,2000,2000,2210,0.0001,3.471220634480999,2.487371499837346,63.0,False,False,14.178335905075073,3.5070543986807623,3.5203001264314726,98970.23434043027,-9.762568366428802,9.762568366428802,,,,,,,,,,,tune
hydrogen,pinn,rmsprop,1.0,3,2000,2000,2210,0.0001,323.06018789390447,226.29773008224646,,False,False,14.349299192428589,33.87230390679031,34.00797697380614,0.041203328255727936,-99.99996243231571,99.99996243231571,,,,,,,,,,,tune
hydrogen,pinn,rmsprop,1.0,7,2000,2,2210,0.0001,inf,2776.299559236652,,False,True,0.0030019283294677734,inf,inf,2203457596.1673427,2008931.862122186,2008931.862122186,,,,,,,,,,,tune
hydrogen,pinn,rmsprop,1.0,19,2000,2,2210,0.0001,inf,1437.3162685449538,,False,True,0.005264759063720703,inf,inf,1971218369.312489,1797184.6484714316,1797184.6484714316,,,,,,,,,,,tune
hydrogen,pinn,adam,0.001,3,2000,2000,2210,0.0001,1.526574226358924e-05,1.7720643348246997e-05,1747.0,True,False,15.107750177383423,0.010710504845816756,0.1253092903087298,109936.69960757135,0.23625265688691277,0.23625265688691277,,,,,,,,,,,tune
hydrogen,pinn,adam,0.001,7,2000,2000,2210,0.0001,3.0436494610391634e-09,3.1347526823709905e-09,134.0,True,False,13.810261964797974,0.00028510873493673724,0.002608658800399029,109678.50148913192,0.000837077487019618,0.000837077487019618,,,,,,,,,,,tune
hydrogen,pinn,adam,0.001,19,2000,2000,2210,0.0001,5.4942148443939704e-09,5.644441034326032e-09,380.0,True,False,13.931023836135864,0.00047655151289090013,0.021153694680118882,109679.28970059016,0.001555739800494967,0.001555739800494967,,,,,,,,,,,tune
hydrogen,pinn,adam,0.01,3,2000,2000,2210,0.0001,2.8542520375607538e-08,2.8898175864786968e-08,164.0,True,False,13.738557815551758,0.001108520471177788,0.011195711696603798,109679.53634819837,0.0017806240480797621,0.0017806240480797621,,,,,,,,,,,tune
hydrogen,pinn,adam,0.01,7,2000,2000,2210,0.0001,3.510143998860256e-09,3.598615519834218e-09,46.0,True,False,14.839641094207764,0.00034273274237700665,0.017878207046501875,109678.506406264,0.0008415607478041515,0.0008415607478041515,,,,,,,,,,,tune
hydrogen,pinn,adam,0.01,19,2000,2000,2210,0.0001,8.181340137186149e-09,8.266487630188991e-09,26.0,True,False,15.217828750610352,0.0008093497182044737,0.006160894559633542,109679.19756695193,0.0014717357265791617,0.0014717357265791617,,,,,,,,,,,tune
hydrogen,pinn,adam,0.1,3,2000,2000,2210,0.0001,1.4808242073548234e-07,1.8680268180373883e-07,47.0,True,False,14.357477188110352,0.01008930727581043,0.033884258388067946,109671.47253694716,-0.005571663448624715,0.005571663448624715,,,,,,,,,,,tune
hydrogen,pinn,adam,0.1,7,2000,2000,2210,0.0001,4.3084184123244475e-08,4.338363019504295e-08,75.0,True,False,13.376487970352173,0.00030214600063672325,0.964289504333419,109679.42111320852,0.0016755570086061256,0.0016755570086061256,,,,,,,,,,,tune
hydrogen,pinn,adam,0.1,19,2000,2000,2210,0.0001,1.3908534617486107e-07,1.3970095593444e-07,59.0,True,False,12.638504981994629,1.0744253519454896,0.7358617831709908,109679.7448381277,0.001970717522855538,0.001970717522855538,,,,,,,,,,,tune
hydrogen,pinn,adam,1.0,3,2000,2000,2210,0.0001,0.14510517513265078,0.1496249743554542,168.0,False,False,12.130445957183838,0.7009989093020071,0.7007221304581845,109901.43980492945,0.2041040613873072,0.2041040613873072,,,,,,,,,,,tune
hydrogen,pinn,adam,1.0,7,2000,2000,2210,0.0001,7.828528465098808e-13,3.051302479481254e-14,122.0,True,False,11.532731771469116,6.286526996667121e-07,0.02118153332932035,109678.79612190275,0.0011057128468562319,0.0011057128468562319,,,,,,,,,,,tune
hydrogen,pinn,adam,1.0,19,2000,2000,2210,0.0001,0.00010188003145295689,0.00031881635583125826,432.0,True,False,11.206696033477783,0.01570848947494252,0.015327183410592535,109370.44068235981,-0.28004147327462625,0.28004147327462625,,,,,,,,,,,tune
hydrogen,pinn,lbfgs,0.1,3,2000,2005,2210,0.0001,8.98407921048985e-10,9.364595798221341e-10,14.0,True,False,13.731652021408081,0.00011419385737547081,0.022353722371174018,109678.62194692026,0.0009469064827086506,0.0009469064827086506,,,,,,,,,,,tune
hydrogen,pinn,lbfgs,0.1,7,2000,2003,2210,0.0001,3.0257164762256776e-09,3.1173503085421886e-09,7.0,True,False,13.000239849090576,0.00026442588398789335,0.00493036265382499,109678.49852802178,0.0008343776553469793,0.0008343776553469793,,,,,,,,,,,tune
hydrogen,pinn,lbfgs,0.1,19,2000,2008,2210,0.0001,2.5967358189782982e-09,2.6450409633986282e-09,8.0,True,False,14.83696174621582,0.00036223456492610016,0.010606823034448267,109679.1075938556,0.001389701555569111,0.001389701555569111,,,,,,,,,,,tune
hydrogen,pinn,lbfgs,1.0,3,2000,2004,2210,0.0001,8.453485744337735e-10,8.806117776786871e-10,7.0,True,False,15.620141744613647,0.00010104523352519809,0.022005473344932993,109678.62850727592,0.0009528879745086838,0.0009528879745086838,,,,,,,,,,,tune
hydrogen,pinn,lbfgs,1.0,7,2000,2010,2210,0.0001,2.036733463403118e-09,2.1039361824351887e-09,4.0,True,False,14.359906196594238,0.0002150301269425295,0.00297682383540308,109678.54966226687,0.0008809999855491633,0.0008809999855491633,,,,,,,,,,,tune
hydrogen,pinn,lbfgs,1.0,19,2000,2009,2210,0.0001,2.5326739807132403e-09,2.580203000438291e-09,6.0,True,False,17.12812376022339,0.0003628467809058875,0.01086004501209663,109679.10420646286,0.0013866130550379717,0.0013866130550379717,,,,,,,,,,,tune
hydrogen,nn,sgd,0.001,3,2000,2000,2209,0.0001,0.5479336012089759,0.0,,False,False,5.125676870346069,0.9584393700799992,1.027820550972738,,,,,,,,,,,,,,tune
hydrogen,nn,sgd,0.001,7,2000,2000,2209,0.0001,0.5594756426070052,0.0,,False,False,5.647873163223267,1.031784172711727,1.2136570391499737,,,,,,,,,,,,,,tune
hydrogen,nn,sgd,0.001,19,2000,2000,2209,0.0001,0.5268514833169388,0.0,,False,False,6.305281162261963,0.8658673690729471,0.93547384605855,,,,,,,,,,,,,,tune
hydrogen,nn,sgd,0.01,3,2000,2000,2209,0.0001,0.014494020644791255,0.0,,False,False,5.922676086425781,0.24111377648850849,1.2738886232903754,,,,,,,,,,,,,,tune
hydrogen,nn,sgd,0.01,7,2000,2000,2209,0.0001,0.024786175386887512,0.0,,False,False,5.708045959472656,0.31444200529994754,0.2559534870611712,,,,,,,,,,,,,,tune
hydrogen,nn,sgd,0.01,19,2000,2000,2209,0.0001,0.012345693297679265,0.0,,False,False,6.113968849182129,0.1642552461579303,1.2765322991547232,,,,,,,,,,,,,,tune
hydrogen,nn,sgd,0.1,3,2000,2000,2209,0.0001,0.0002673088758088841,0.0,,False,False,6.277093887329102,0.02842774591597749,0.07586089555458295,,,,,,,,,,,,,,tune
hydrogen,nn,sgd,0.1,7,2000,2000,2209,0.0001,0.00016724316104239017,0.0,,False,False,5.942473888397217,0.03490313405080727,0.01292519325584764,,,,,,,,,,,,,,tune
hydrogen,nn,sgd,0.1,19,2000,2000,2209,0.0001,0.00029014287261732867,0.0,1189.0,True,False,6.171339988708496,0.01738243186360045,0.045952826124400735,,,,,,,,,,,,,,tune
hydrogen,nn,sgd,1.0,3,2000,6,2209,0.0001,inf,0.0,,False,True,0.021236181259155273,inf,inf,,,,,,,,,,,,,,tune
hydrogen,nn,sgd,1.0,7,2000,6,2209,0.0001,inf,0.0,,False,True,0.007933855056762695,inf,inf,,,,,,,,,,,,,,tune
hydrogen,nn,sgd,1.0,19,2000,7,2209,0.0001,inf,0.0,,False,True,0.02148914337158203,inf,inf,,,,,,,,,,,,,,tune
hydrogen,nn,momentum,0.001,3,2000,2000,2209,0.0001,0.015030055701529422,0.0,,False,False,6.671517372131348,0.24976443322836678,1.2497639430329588,,,,,,,,,,,,,,tune
hydrogen,nn,momentum,0.001,7,2000,2000,2209,0.0001,0.025644386505339994,0.0,,False,False,6.922004222869873,0.33046647385263617,0.21372260160368,,,,,,,,,,,,,,tune
hydrogen,nn,momentum,0.001,19,2000,2000,2209,0.0001,0.012567381231236272,0.0,,False,False,6.762836933135986,0.17008159616621962,1.2500607736712046,,,,,,,,,,,,,,tune
hydrogen,nn,momentum,0.01,3,2000,2000,2209,0.0001,4.093978171432344e-05,0.0,1306.0,True,False,6.790843725204468,0.016863933154212276,0.6488142440380744,,,,,,,,,,,,,,tune
hydrogen,nn,momentum,0.01,7,2000,2000,2209,0.0001,1.872466405221225e-05,0.0,1130.0,True,False,6.761698961257935,0.016923758972773414,0.3624799517052897,,,,,,,,,,,,,,tune
hydrogen,nn,momentum,0.01,19,2000,2000,2209,0.0001,5.623204030848208e-05,0.0,1240.0,True,False,6.73210883140564,0.02157170716492125,0.8559878875644454,,,,,,,,,,,,,,tune
hydrogen,nn,momentum,0.1,3,2000,51,2209,0.0001,inf,0.0,,False,True,0.28689122200012207,inf,inf,,,,,,,,,,,,,,tune
hydrogen,nn,momentum,0.1,7,2000,2000,2209,0.0001,2.3136131159701068e-07,0.0,114.0,True,False,6.247714996337891,0.002635457949887795,0.002543496576542492,,,,,,,,,,,,,,tune
hydrogen,nn,momentum,0.1,19,2000,2000,2209,0.0001,1.50368707103864e-06,0.0,82.0,True,False,6.7606282234191895,0.002712513783973321,0.05719792538902511,,,,,,,,,,,,,,tune
hydrogen,nn,momentum,1.0,3,2000,6,2209,0.0001,inf,0.0,,False,True,0.1234288215637207,inf,inf,,,,,,,,,,,,,,tune
hydrogen,nn,momentum,1.0,7,2000,6,2209,0.0001,inf,0.0,,False,True,0.007832765579223633,inf,inf,,,,,,,,,,,,,,tune
hydrogen,nn,momentum,1.0,19,2000,6,2209,0.0001,inf,0.0,,False,True,0.0037958621978759766,inf,inf,,,,,,,,,,,,,,tune
hydrogen,nn,rmsprop,0.001,3,2000,2000,2209,0.0001,0.0008052514325018852,0.0,,False,False,8.527824878692627,0.04789301041531479,0.19295790782293454,,,,,,,,,,,,,,tune
hydrogen,nn,rmsprop,0.001,7,2000,2000,2209,0.0001,0.00099316162400193,0.0,,False,False,8.64942479133606,0.06743382709971912,0.21044562566793928,,,,,,,,,,,,,,tune
hydrogen,nn,rmsprop,0.001,19,2000,2000,2209,0.0001,0.0010366055536004284,0.0,,False,False,9.464900016784668,0.05861169495006535,0.2629696554012562,,,,,,,,,,,,,,tune
hydrogen,nn,rmsprop,0.01,3,2000,2000,2209,0.0001,0.015372075195321166,0.0,523.0,False,False,9.736211061477661,0.3219799173659772,0.21794227613689712,,,,,,,,,,,,,,tune
hydrogen,nn,rmsprop,0.01,7,2000,2000,2209,0.0001,0.02192776490140359,0.0,168.0,False,False,9.785397052764893,0.3312204355100325,0.26643785299932177,,,,,,,,,,,,,,tune
hydrogen,nn,rmsprop,0.01,19,2000,2000,2209,0.0001,0.019074442368516308,0.0,,False,False,9.11213994026184,0.31205913259929213,0.23021068751057266,,,,,,,,,,,,,,tune
hydrogen,nn,rmsprop,0.1,3,2000,2000,2209,0.0001,3.253669828686134,0.0,,False,False,12.995371103286743,18.385660790690448,3.074313850153207,,,,,,,,,,,,,,tune
hydrogen,nn,rmsprop,0.1,7,2000,2000,2209,0.0001,3.71906366842721,0.0,,False,False,14.408783197402954,2.269421323453,2.1328569387736636,,,,,,,,,,,,,,tune
hydrogen,nn,rmsprop,0.1,19,2000,2000,2209,0.0001,3.7222539582678067,0.0,,False,False,16.3266921043396,3.8163538026227943,2.543358427870738,,,,,,,,,,,,,,tune
hydrogen,nn,rmsprop,1.0,3,2000,2000,2209,0.0001,273.627564414116,0.0,,False,False,22.456489086151123,31.226349509661915,40.03682872239396,,,,,,,,,,,,,,tune
hydrogen,nn,rmsprop,1.0,7,2000,2000,2209,0.0001,189.17216243535094,0.0,,False,False,22.259750843048096,14.403365409012748,30.456958550583273,,,,,,,,,,,,,,tune
hydrogen,nn,rmsprop,1.0,19,2000,2000,2209,0.0001,270.4177497196068,0.0,,False,False,21.859556198120117,31.326463270890372,28.59107401809047,,,,,,,,,,,,,,tune
hydrogen,nn,adam,0.001,3,2000,2000,2209,0.0001,7.215678720636748e-06,0.0,495.0,True,False,16.05430030822754,0.016677222320492343,0.48696904123510604,,,,,,,,,,,,,,tune
hydrogen,nn,adam,0.001,7,2000,2000,2209,0.0001,2.362868244394793e-06,0.0,513.0,True,False,15.450477123260498,0.015983936759264333,0.39833005218568107,,,,,,,,,,,,,,tune
hydrogen,nn,adam,0.001,19,2000,2000,2209,0.0001,1.3871788213275585e-05,0.0,657.0,True,False,15.04570722579956,0.00808987618659041,0.8175456269867725,,,,,,,,,,,,,,tune
hydrogen,nn,adam,0.01,3,2000,2000,2209,0.0001,7.595467116901812e-08,0.0,94.0,True,False,12.263086795806885,0.00479583742580336,0.05549191944883271,,,,,,,,,,,,,,tune
hydrogen,nn,adam,0.01,7,2000,2000,2209,0.0001,1.0796502957710411e-07,0.0,77.0,True,False,11.73667597770691,0.008430503209811643,0.11129323135355967,,,,,,,,,,,,,,tune
hydrogen,nn,adam,0.01,19,2000,2000,2209,0.0001,3.2439035503077543e-07,0.0,86.0,True,False,11.620970964431763,0.010639555954265587,0.10099717241736028,,,,,,,,,,,,,,tune
hydrogen,nn,adam,0.1,3,2000,2000,2209,0.0001,3.7698567891953566e-05,0.0,277.0,True,False,13.218165159225464,0.649149688362264,0.01567595323347261,,,,,,,,,,,,,,tune
hydrogen,nn,adam,0.1,7,2000,2000,2209,0.0001,0.9999998106510803,0.0,,False,False,13.752676010131836,0.7752346345837275,0.9076154351034565,,,,,,,,,,,,,,tune
hydrogen,nn,adam,0.1,19,2000,2000,2209,0.0001,0.6616738158535418,0.0,112.0,False,False,13.770681142807007,2.0875772503465657,0.03311265273572548,,,,,,,,,,,,,,tune
hydrogen,nn,adam,1.0,3,2000,2000,2209,0.0001,1.0661535434733327,0.0,,False,False,12.333786010742188,1.2486615062352782,6.857681136512978,,,,,,,,,,,,,,tune
hydrogen,nn,adam,1.0,7,2000,2000,2209,0.0001,1.0009406247139263,0.0,,False,False,11.863869190216064,0.7188443968178353,60.153957767267954,,,,,,,,,,,,,,tune
hydrogen,nn,adam,1.0,19,2000,2000,2209,0.0001,1.0000001502540092,0.0,,False,False,11.415422916412354,0.774503982327748,0.9077776028186963,,,,,,,,,,,,,,tune
hydrogen,nn,lbfgs,0.1,3,2000,2000,2209,0.0001,2.0874821710202275e-09,0.0,116.0,True,False,24.576627016067505,0.13055087672085475,0.6737546060087191,,,,,,,,,,,,,,tune
hydrogen,nn,lbfgs,0.1,7,2000,2022,2209,0.0001,1.0718206332180597e-08,0.0,91.0,True,False,19.895820140838623,0.008899529074322465,0.0355814220674857,,,,,,,,,,,,,,tune
hydrogen,nn,lbfgs,0.1,19,2000,2000,2209,0.0001,2.6854751310973346e-09,0.0,86.0,True,False,24.07175612449646,0.005328661529647592,0.20880285980035718,,,,,,,,,,,,,,tune
hydrogen,nn,lbfgs,1.0,3,2000,2000,2209,0.0001,2.023138562827164e-07,0.0,58.0,True,False,20.436570167541504,0.022558730980332228,0.9179239832460379,,,,,,,,,,,,,,tune
hydrogen,nn,lbfgs,1.0,7,2000,2012,2209,0.0001,1.2942889605495405e-07,0.0,34.0,True,False,18.989660024642944,0.026818396090249427,0.24550756799501264,,,,,,,,,,,,,,tune
hydrogen,nn,lbfgs,1.0,19,2000,2000,2209,0.0001,9.978011837507602e-08,0.0,55.0,True,False,19.27559494972229,0.037954488603574824,0.8223007015102771,,,,,,,,,,,,,,tune
oscillator,physics,sgd,0.001,3,1500,1500,2,0.003133117844703592,0.19437426393911567,0.0,,False,False,5.520100116729736,0.6194244584655845,0.420357867797378,,,197.95037681212614,0.5959007536242523,197.95037681212614,2.118192225455481,5.909611272774051,,,,,,,tune
oscillator,physics,sgd,0.001,7,1500,1500,2,0.003133117844703592,0.05738542364902037,0.0,,False,False,5.220259189605713,0.3304137475310804,0.29734091137506,,,74.84070085485811,0.34968140170971623,74.84070085485811,2.0327345144088125,1.6367257204406238,,,,,,,tune
oscillator,physics,sgd,0.001,19,1500,1500,2,0.003133117844703592,0.042412253772499686,0.0,,False,False,7.034195899963379,0.28269294720061233,0.26518776534082616,,,61.30990758154644,0.3226198151630929,61.30990758154644,2.0258141114542347,1.2907055727117367,,,,,,,tune
oscillator,physics,sgd,0.01,3,1500,1500,2,0.003133117844703592,0.0024974257195490273,0.0,947.0,True,False,7.231272220611572,0.015476059170557813,0.017771104054621716,,,2.7216829086746386,0.2054433658173493,2.7216829086746386,2.0007147716078446,0.035738580392230546,,,,,,,tune
oscillator,physics,sgd,0.01,7,1500,1500,2,0.003133117844703592,0.0024888645395113257,0.0,737.0,True,False,6.900869846343994,0.013100620830880195,0.015044695896457395,,,2.296779633179369,0.20459355926635875,2.296779633179369,2.000558504847948,0.027925242397408567,,,,,,,tune
oscillator,physics,sgd,0.01,19,1500,1500,2,0.003133117844703592,0.0024882226648162285,0.0,693.0,True,False,5.050037860870361,0.012796890380410904,0.014695369157297791,,,2.242525313941937,0.20448505062788389,2.242525313941937,2.000538575599552,0.026928779977608563,,,,,,,tune
oscillator,physics,sgd,0.1,3,1500,1500,2,0.003133117844703592,0.07797348092164669,0.0,,False,False,5.0030341148376465,0.3895494299240116,0.3228396128973758,,,70.0626087767638,0.3401252175535276,70.0626087767638,1.9460789748296987,-2.696051258515064,,,,,,,tune
oscillator,physics,sgd,0.1,7,1500,1500,2,0.003133117844703592,0.18841503506873583,0.0,,False,False,5.393699884414673,0.5228336927916514,0.4560813076215763,,,69.19603490223861,0.3383920698044772,69.19603490223861,2.224930457461448,11.246522873072395,,,,,,,tune
oscillator,physics,sgd,0.1,19,1500,1500,2,0.003133117844703592,0.21294952848250884,0.0,,False,False,4.973804712295532,0.5511347557700055,0.4801388977783285,,,62.109773240131524,0.3242195464802631,62.109773240131524,2.238321650597853,11.916082529892646,,,,,,,tune
oscillator,physics,sgd,1.0,3,1500,1500,2,0.003133117844703592,5.25824908654687,0.0,,False,False,5.547186851501465,3.052334949662982,2.707451796307643,,,10.403691982324146,0.2208073839646483,10.403691982324146,0.015110990596873208,-99.24445047015634,,,,,,,tune
oscillator,physics,sgd,1.0,7,1500,9,2,0.003133117844703592,inf,0.0,,False,True,0.022434234619140625,inf,inf,,,386.4660431570055,0.9729320863140111,386.4660431570055,inf,inf,,,,,,,tune
oscillator,physics,sgd,1.0,19,1500,1500,2,0.003133117844703592,0.5272377403148085,0.0,,False,False,5.35237193107605,1.1386795785899009,0.44688399225700015,,,770.0241211739269,1.7400482423478538,770.0241211739269,4.752110832410656,137.6055416205328,,,,,,,tune
oscillator,physics,momentum,0.001,3,1500,1500,2,0.003133117844703592,0.002494325745807707,0.0,922.0,True,False,5.814733028411865,0.014794110664135362,0.016989412014768248,,,2.599589484874529,0.20519917896974907,2.599589484874529,2.0006698347785363,0.03349173892681634,,,,,,,tune
oscillator,physics,momentum,0.001,7,1500,1500,2,0.003133117844703592,0.002488353552866586,0.0,731.0,True,False,5.797446966171265,0.012862963804981026,0.014771375574502884,,,2.254326409177734,0.20450865281835548,2.254326409177734,2.0005429099153935,0.027145495769675954,,,,,,,tune
oscillator,physics,momentum,0.001,19,1500,1500,2,0.003133117844703592,0.002487765529372489,0.0,679.0,True,False,5.4258058071136475,0.012543335782871994,0.0144036239325148,,,2.197245860245806,0.20439449172049162,2.197245860245806,2.0005219471411886,0.02609735705942917,,,,,,,tune
oscillator,physics,momentum,0.01,3,1500,1500,2,0.003133117844703592,0.0024865275032352635,0.0,91.0,True,False,4.6415252685546875,0.011053801421163039,0.012687376525279083,,,1.9314537832710172,0.20386290756654205,1.9314537832710172,2.000424413831868,0.02122069159340434,,,,,,,tune
oscillator,physics,momentum,0.01,7,1500,1500,2,0.003133117844703592,0.002486527503235264,0.0,71.0,True,False,4.549220085144043,0.011053801421163141,0.012687376525279175,,,1.931453783271031,0.20386290756654207,1.931453783271031,2.000424413831868,0.02122069159340434,,,,,,,tune
oscillator,physics,momentum,0.01,19,1500,1500,2,0.003133117844703592,0.0024865275032352635,0.0,55.0,True,False,4.561706066131592,0.011053801421163039,0.012687376525279083,,,1.9314537832710172,0.20386290756654205,1.9314537832710172,2.000424413831868,0.02122069159340434,,,,,,,tune
oscillator,physics,momentum,0.1,3,1500,1339,2,0.003133117844703592,inf,0.0,104.0,False,True,4.910096883773804,inf,inf,,,256.67966763934993,0.7133593352786999,256.67966763934993,inf,inf,,,,,,,tune
oscillator,physics,momentum,0.1,7,1500,1500,2,0.003133117844703592,5.2674164350243675,0.0,,False,False,4.390515327453613,3.0544403562373392,2.715823959149659,,,5582.979665980917,11.365959331961834,5582.979665980917,0.0,-100.0,,,,,,,tune
oscillator,physics,momentum,0.1,19,1500,278,2,0.003133117844703592,inf,0.0,,False,True,0.8761379718780518,inf,inf,,,2223.9019316967347,4.64780386339347,2223.9019316967347,inf,inf,,,,,,,tune
oscillator,physics,momentum,1.0,3,1500,1500,2,0.003133117844703592,5.2674164350243675,0.0,,False,False,4.566490173339844,3.0544403562373392,2.7158239591496596,,,99.99720016084443,5.599678311139888e-06,-99.99720016084443,0.0,-100.0,,,,,,,tune
oscillator,physics,momentum,1.0,7,1500,1500,2,0.003133117844703592,5.2674164350243675,0.0,,False,False,4.339854001998901,3.0544403562373392,2.7158239591496596,,,94.33407049700106,0.011331859005997856,-94.33407049700106,3.5104873707902664e-43,-100.0,,,,,,,tune
oscillator,physics,momentum,1.0,19,1500,9,2,0.003133117844703592,inf,0.0,,False,True,0.00657200813293457,inf,inf,,,6379.133251116878,12.958266502233755,6379.133251116878,inf,inf,,,,,,,tune
oscillator,physics,rmsprop,0.001,3,1500,1500,2,0.003133117844703592,0.017657166774795886,0.0,,False,False,4.377072811126709,0.1776063334013595,0.18170107572222546,,,35.29948654467135,0.2705989730893427,35.29948654467135,2.0137139890113414,0.6856994505670677,,,,,,,tune
oscillator,physics,rmsprop,0.001,7,1500,1500,2,0.003133117844703592,0.002497312933550423,0.0,854.0,True,False,4.117879152297974,0.010983469658868797,0.013074860875673458,,,1.9169785628324192,0.20383395712566485,1.9169785628324192,2.0016180553755536,0.08090276877767977,,,,,,,tune
oscillator,physics,rmsprop,0.001,19,1500,1500,2,0.003133117844703592,0.0024943088249194186,0.0,791.0,True,False,4.04602313041687,0.012105222459858265,0.01319923454107386,,,1.9536280395871937,0.2039072560791744,1.9536280395871937,1.9994142127769177,-0.029289361154116733,,,,,,,tune
oscillator,physics,rmsprop,0.01,3,1500,1500,2,0.003133117844703592,0.0032501751521343014,0.0,176.0,True,False,3.915203809738159,0.03094413240909169,0.03190875101820778,,,1.6482423735029035,0.20329648474700582,1.6482423735029035,2.010384061224858,0.51920306124289,,,,,,,tune
oscillator,physics,rmsprop,0.01,7,1500,1500,2,0.003133117844703592,0.00325018500938854,0.0,40.0,True,False,4.131891965866089,0.030944299229605978,0.031908886370903056,,,1.6482247721386623,0.20329644954427734,1.6482247721386623,2.0103841177281896,0.5192058864094795,,,,,,,tune
oscillator,physics,rmsprop,0.01,19,1500,1500,2,0.003133117844703592,0.003285985198229232,0.0,46.0,True,False,3.977051258087158,0.03723029138913752,0.03505265367361605,,,2.6698041422696246,0.20533960828453926,2.6698041422696246,1.990380466497315,-0.48097667513424813,,,,,,,tune
oscillator,physics,rmsprop,0.1,3,1500,1500,2,0.003133117844703592,0.08601476900264035,0.0,,False,False,4.024600982666016,0.3676205709625253,0.3213163976939803,,,28.369138029402247,0.2567382760588045,28.369138029402247,1.8933383990741783,-5.333080046291084,,,,,,,tune
oscillator,physics,rmsprop,0.1,7,1500,1500,2,0.003133117844703592,0.08601477033517259,0.0,,False,False,4.004080772399902,0.36762057472804943,0.3213164003151459,,,28.369138841495527,0.25673827768299107,28.369138841495527,1.8933383982564205,-5.333080087178976,,,,,,,tune
oscillator,physics,rmsprop,0.1,19,1500,1500,2,0.003133117844703592,0.05320950910710465,0.0,,False,False,3.2561488151550293,0.2564728404999699,0.2597728892392453,,,16.153202985382364,0.23230640597076474,16.153202985382364,2.0924625351322144,4.623126756610718,,,,,,,tune
oscillator,physics,rmsprop,1.0,3,1500,1500,2,0.003133117844703592,1.033344231910284,0.0,,False,False,3.529839277267456,1.2334436144530405,0.44687741610861653,,,431587.1032018353,863.3742064036707,431587.1032018353,15195.929634307824,759696.4817153912,,,,,,,tune
oscillator,physics,rmsprop,1.0,7,1500,1500,2,0.003133117844703592,1.033344145471054,0.0,,False,False,3.613672971725464,1.2334436144530405,0.44687741610861653,,,2461859.80932247,4923.91961864494,2461859.80932247,36068.00093690629,1803300.0468453146,,,,,,,tune
oscillator,physics,rmsprop,1.0,19,1500,1500,2,0.003133117844703592,0.1815617095068489,0.0,,False,False,3.629739999771118,0.5123887669753565,0.45073225653481247,,,67.42481542230324,0.3348496308446065,67.42481542230324,2.2187044454730214,10.935222273651068,,,,,,,tune
oscillator,physics,adam,0.001,3,1500,1500,2,0.003133117844703592,0.1319412140541159,0.0,,False,False,5.341595888137817,0.5077126596207188,0.3861847561031745,,,138.66604296205446,0.477332085924109,138.66604296205446,2.0674731104728696,3.3736555236434818,,,,,,,tune
oscillator,physics,adam,0.001,7,1500,1500,2,0.003133117844703592,0.0025612615099635436,0.0,1203.0,True,False,7.283496856689453,0.02263975428123201,0.025942372022529966,,,4.011295264068612,0.20802259052813724,4.011295264068612,2.0012066423451778,0.06033211725888776,,,,,,,tune
oscillator,physics,adam,0.001,19,1500,1500,2,0.003133117844703592,0.002568022866410404,0.0,1207.0,True,False,7.685811281204224,0.023161282009640016,0.026522980687895284,,,4.104179569840633,0.20820835913968128,4.104179569840633,2.001221339098191,0.06106695490954994,,,,,,,tune
oscillator,physics,adam,0.01,3,1500,1500,2,0.003133117844703592,0.002486527503235264,0.0,354.0,True,False,7.542929172515869,0.011053801421163651,0.01268737652527971,,,1.9314537832711143,0.20386290756654224,1.9314537832711143,2.000424413831868,0.02122069159340434,,,,,,,tune
oscillator,physics,adam,0.01,7,1500,1500,2,0.003133117844703592,0.002486527503235264,0.0,110.0,True,False,8.958357810974121,0.01105380142116326,0.012687376525279334,,,1.9314537832710588,0.20386290756654213,1.9314537832710588,2.000424413831868,0.02122069159340434,,,,,,,tune
oscillator,physics,adam,0.01,19,1500,1500,2,0.003133117844703592,0.0024865702852256873,0.0,107.0,True,False,7.233248710632324,0.011099410443956098,0.012695613508661364,,,1.9322427217289966,0.203864485443458,1.9322427217289966,2.0003491775201514,0.017458876007570012,,,,,,,tune
oscillator,physics,adam,0.1,3,1500,1500,2,0.003133117844703592,0.002486527503235264,0.0,65.0,True,False,7.578086853027344,0.011053801421163597,0.012687376525279272,,,1.9314537832710448,0.2038629075665421,1.9314537832710448,2.000424413831867,0.02122069159335993,,,,,,,tune
oscillator,physics,adam,0.1,7,1500,1500,2,0.003133117844703592,0.002486527505279691,0.0,26.0,True,False,6.926501035690308,0.011054124449014475,0.012687447686215466,,,1.9314635587596996,0.2038629271175194,1.9314635587596996,2.0004238954642988,0.021194773214938678,,,,,,,tune
oscillator,physics,adam,0.1,19,1500,1500,2,0.003133117844703592,0.0024871776319557387,0.0,10.0,True,False,5.505975961685181,0.011269277410288915,0.01275489860035478,,,1.936537895326107,0.20387307579065223,1.936537895326107,2.0001319110973483,0.0065955548674168085,,,,,,,tune
oscillator,physics,adam,1.0,3,1500,1500,2,0.003133117844703592,0.002486605691325701,0.0,236.0,True,False,6.302222967147827,0.011346303570603653,0.01298042549461235,,,1.9763409329162929,0.2039526818658326,1.9763409329162929,2.0003651929477617,0.01825964738808583,,,,,,,tune
oscillator,physics,adam,1.0,7,1500,18,2,0.003133117844703592,inf,0.0,,False,True,0.0977470874786377,inf,inf,,,65080.90003982757,130.36180007965513,65080.90003982757,44.030067049756674,2101.5033524878336,,,,,,,tune
oscillator,physics,adam,1.0,19,1500,81,2,0.003133117844703592,inf,0.0,,False,True,0.24074792861938477,inf,inf,,,70953.34137924796,142.1066827584959,70953.34137924796,13.772064973664738,588.6032486832369,,,,,,,tune
oscillator,physics,lbfgs,0.1,3,1500,1500,2,0.003133117844703592,0.002486527503235663,0.0,27.0,True,False,12.497044086456299,0.011053811077794278,0.0126873913308718,,,1.931456086775668,0.20386291217355135,1.931456086775668,2.000424421024327,0.021221051216357978,,,,,,,tune
oscillator,physics,lbfgs,0.1,7,1500,1500,2,0.003133117844703592,0.002486527503235744,0.0,29.0,True,False,13.830865144729614,0.011053814756440307,0.01268739569400655,,,1.9314567617493283,0.20386291352349867,1.9314567617493283,2.0004244214788436,0.021221073942179203,,,,,,,tune
oscillator,physics,lbfgs,0.1,19,1500,1500,2,0.003133117844703592,0.0024865275032356833,0.0,11.0,True,False,11.824262142181396,0.011053817472727654,0.012687391188717327,,,1.9314560346056635,0.20386291206921134,1.9314560346056635,2.000424407985461,0.021220399273058632,,,,,,,tune
oscillator,physics,lbfgs,1.0,3,1500,1500,2,0.003133117844703592,0.0024865275032355414,0.0,12.0,True,False,7.507484197616577,0.011053782553367428,0.012687357078006915,,,1.931450786239755,0.20386290157247952,1.931450786239755,2.000424416746748,0.02122083733739899,,,,,,,tune
oscillator,physics,lbfgs,1.0,7,1500,1500,2,0.003133117844703592,0.002486527503235304,0.0,10.0,True,False,5.178645610809326,0.011053802501931432,0.012687376450184728,,,1.931453766353855,0.20386290753270772,1.931453766353855,2.0004244115368515,0.02122057684257328,,,,,,,tune
oscillator,physics,lbfgs,1.0,19,1500,1500,2,0.003133117844703592,0.0024865275032352773,0.0,8.0,True,False,4.667294979095459,0.01105380156980084,0.012687376406032817,,,1.9314537636694051,0.20386290752733882,1.9314537636694051,2.0004244133213036,0.02122066606518036,,,,,,,tune
oscillator,pinn,sgd,0.001,3,1500,1500,2211,0.003133117844703592,0.8610054401087949,0.19724962477773955,,False,False,17.747485876083374,1.3983507093165588,1.1423491804282961,,,337.0347037107517,0.8740694074215034,337.0347037107517,0.662439429843614,-66.8780285078193,,,,,,,tune
oscillator,pinn,sgd,0.001,7,1500,1500,2211,0.003133117844703592,0.868418645932491,0.2889169929609991,,False,False,17.233117818832397,1.3790856805999354,1.0176515774972894,,,151.90423920521047,0.503808478410421,151.90423920521047,0.984951213552374,-50.75243932238129,,,,,,,tune
oscillator,pinn,sgd,0.001,19,1500,1500,2211,0.003133117844703592,0.855447804869509,0.2896974597749329,,False,False,16.07964277267456,1.3708339120892883,0.9054148973997062,,,127.11523482397683,0.4542304696479537,127.11523482397683,1.0607205021605417,-46.96397489197292,,,,,,,tune
oscillator,pinn,sgd,0.01,3,1500,1500,2211,0.003133117844703592,0.5404521529981063,0.11155118099301883,,False,False,16.82141900062561,1.1108176293268053,0.4463518886361018,,,157.81385588995647,0.515627711779913,157.81385588995647,1.0702608337034156,-46.48695831482922,,,,,,,tune
oscillator,pinn,sgd,0.01,7,1500,1500,2211,0.003133117844703592,0.5620930995677623,0.11204359105378424,,False,False,15.057996988296509,1.1405830730663267,0.4620108895001242,,,114.2444163019382,0.42848883260387644,114.2444163019382,0.8017632941773747,-59.91183529113127,,,,,,,tune
oscillator,pinn,sgd,0.01,19,1500,1500,2211,0.003133117844703592,0.5704520049390424,0.10965201674229513,,False,False,14.067844152450562,1.1490482141275458,0.47902267385149694,,,108.98340666092481,0.41796681332184965,108.98340666092481,0.8504597678893471,-57.477011605532645,,,,,,,tune
oscillator,pinn,sgd,0.1,3,1500,1500,2211,0.003133117844703592,0.2597090942506194,0.2101295920104291,,False,False,13.864581823348999,0.65654712239164,0.464062997576052,,,47.06166050088309,0.2941233210017662,47.06166050088309,1.5705895530361782,-21.47052234819109,,,,,,,tune
oscillator,pinn,sgd,0.1,7,1500,1500,2211,0.003133117844703592,0.2855456201065996,0.22751389517902607,,False,False,14.51665711402893,0.8136570002117678,0.6295211847767638,,,46.16831860427919,0.2923366372085584,46.16831860427919,1.6368445196695602,-18.157774016521987,,,,,,,tune
oscillator,pinn,sgd,0.1,19,1500,1500,2211,0.003133117844703592,0.2437347590704287,0.21397415826249472,,False,False,21.749982357025146,0.6439170416982761,0.4712493791001334,,,40.11477348837475,0.2802295469767495,40.11477348837475,1.5737925076799455,-21.310374616002726,,,,,,,tune
oscillator,pinn,sgd,1.0,3,1500,5,2211,0.003133117844703592,inf,13860309.376447402,,False,True,0.01877903938293457,inf,inf,,,100.0,4.768473269910683e-66,-100.0,0.16265139663284323,-91.86743016835783,,,,,,,tune
oscillator,pinn,sgd,1.0,7,1500,5,2211,0.003133117844703592,inf,1374665.508267559,,False,True,0.03321981430053711,inf,inf,,,171.8384560584741,0.5436769121169482,171.8384560584741,4.3112726010765036e-14,-99.99999999999784,,,,,,,tune
oscillator,pinn,sgd,1.0,19,1500,5,2211,0.003133117844703592,inf,25155244.351499103,,False,True,0.03411293029785156,inf,inf,,,101.59530180163053,0.4031906036032611,101.59530180163053,0.04724584126016916,-97.63770793699155,,,,,,,tune
oscillator,pinn,momentum,0.001,3,1500,1500,2211,0.003133117844703592,0.5451258459957392,0.11325843008109132,,False,False,23.007261037826538,1.1173037794462184,0.44585691562566127,,,155.9760771901105,0.511952154380221,155.9760771901105,1.016086699689309,-49.19566501553455,,,,,,,tune
oscillator,pinn,momentum,0.001,7,1500,1500,2211,0.003133117844703592,0.5738537252095388,0.11300140698861957,,False,False,22.904675006866455,1.1553593499138008,0.46303733059541335,,,114.52903962248828,0.4290580792449766,114.52903962248828,0.7474585069169629,-62.62707465415185,,,,,,,tune
oscillator,pinn,momentum,0.001,19,1500,1500,2211,0.003133117844703592,0.5790468609660187,0.11105435755764742,,False,False,25.135346174240112,1.1596544605855739,0.48616906950189825,,,108.10303546512789,0.4162060709302558,108.10303546512789,0.8094069261575862,-59.52965369212069,,,,,,,tune
oscillator,pinn,momentum,0.01,3,1500,1500,2211,0.003133117844703592,0.010268038552006212,0.018074018367360747,,False,False,27.883204221725464,0.1133572711873806,0.40512043656174496,,,25.790260721685748,0.2515805214433715,25.790260721685748,1.9953300867628199,-0.23349566185900672,,,,,,,tune
oscillator,pinn,momentum,0.01,7,1500,1500,2211,0.003133117844703592,0.01193639195570716,0.01946419395797135,,False,False,28.677078008651733,0.12163074763170587,0.41648755836772505,,,26.154584156126788,0.2523091683122536,26.154584156126788,1.9945256117365278,-0.27371941317361204,,,,,,,tune
oscillator,pinn,momentum,0.01,19,1500,1500,2211,0.003133117844703592,0.011349987373506145,0.018931665417960097,,False,False,27.78271222114563,0.12014717381776903,0.4092536018393732,,,26.738374869953617,0.25347674973990725,26.738374869953617,1.99507776882034,-0.24611155898299764,,,,,,,tune
oscillator,pinn,momentum,0.1,3,1500,93,2211,0.003133117844703592,inf,3062366.6754592094,,False,True,2.749703884124756,inf,inf,,,25.124570746904606,0.1497508585061908,-25.124570746904606,0.01584887448061347,-99.20755627596932,,,,,,,tune
oscillator,pinn,momentum,0.1,7,1500,451,2211,0.003133117844703592,inf,4269226.5365697425,,False,True,8.229965925216675,inf,inf,,,79.29780066089168,0.04140439867821663,-79.29780066089168,3.45628860780887e-05,-99.9982718556961,,,,,,,tune
oscillator,pinn,momentum,0.1,19,1500,500,2211,0.003133117844703592,inf,2727781.2718707556,,False,True,9.439764976501465,inf,inf,,,583.4558637904263,1.3669117275808527,583.4558637904263,1.3696728841558576e-13,-99.99999999999315,,,,,,,tune
oscillator,pinn,momentum,1.0,3,1500,5,2211,0.003133117844703592,inf,94775469.30059227,,False,True,0.08517313003540039,inf,inf,,,99.48807572051456,0.001023848558970887,-99.48807572051456,0.0,-100.0,,,,,,,tune
oscillator,pinn,momentum,1.0,7,1500,5,2211,0.003133117844703592,inf,7112906.140353291,,False,True,0.09342527389526367,inf,inf,,,142.23296031891485,0.48446592063782973,142.23296031891485,0.0035772759071739015,-99.8211362046413,,,,,,,tune
oscillator,pinn,momentum,1.0,19,1500,5,2211,0.003133117844703592,inf,186083445.96343505,,False,True,0.02630782127380371,inf,inf,,,53.53289681913819,0.09293420636172363,-53.53289681913819,7.065564492049637e-05,-99.99646721775397,,,,,,,tune
oscillator,pinn,rmsprop,0.001,3,1500,1500,2211,0.003133117844703592,0.012110551019662158,0.028023434813331173,,False,False,15.294479846954346,0.11970196537746933,0.39225929975193974,,,25.601310393734256,0.2512026207874685,25.601310393734256,1.986816144148023,-0.6591927925988506,,,,,,,tune
oscillator,pinn,rmsprop,0.001,7,1500,1500,2211,0.003133117844703592,0.018336461087430072,0.03928246117785317,,False,False,14.287875652313232,0.173725261561586,0.4219996032392551,,,27.10952570427577,0.25421905140855156,27.10952570427577,1.9776975232948302,-1.1151238352584913,,,,,,,tune
oscillator,pinn,rmsprop,0.001,19,1500,1500,2211,0.003133117844703592,0.02278078356667807,0.043365728278498314,,False,False,13.69183897972107,0.19314480997768504,0.42534931976322515,,,33.66274783769674,0.2673254956753935,33.66274783769674,1.9810678746796815,-0.9466062660159258,,,,,,,tune
oscillator,pinn,rmsprop,0.01,3,1500,1500,2211,0.003133117844703592,0.05644365101275488,0.11256480373211605,,False,False,14.245441913604736,0.2695511484719228,0.4232597121973305,,,22.803155639088455,0.24560631127817692,22.803155639088455,1.8990174787565142,-5.049126062174292,,,,,,,tune
oscillator,pinn,rmsprop,0.01,7,1500,1500,2211,0.003133117844703592,0.09664451166894493,0.19196143282127578,,False,False,13.904749870300293,0.4015618388746009,0.4896512556708275,,,25.65881473580231,0.25131762947160463,25.65881473580231,1.8524381221832504,-7.378093890837478,,,,,,,tune
oscillator,pinn,rmsprop,0.01,19,1500,1500,2211,0.003133117844703592,0.09319645435542194,0.09771072545974926,,False,False,13.979961156845093,0.41422729832374455,0.40780910424209216,,,25.71655048147134,0.2514331009629427,25.71655048147134,1.8609660909502712,-6.951695452486439,,,,,,,tune
oscillator,pinn,rmsprop,0.1,3,1500,1500,2211,0.003133117844703592,4.927336951169066,0.0014159612239662256,,False,False,16.304930686950684,2.959398732201472,2.6129975753011476,,,69.33537925561846,0.33867075851123696,69.33537925561846,0.06781953133533636,-96.60902343323319,,,,,,,tune
oscillator,pinn,rmsprop,0.1,7,1500,1500,2211,0.003133117844703592,4.968891811992138,0.0013680631680698288,,False,False,16.654433965682983,2.971193485009016,2.625789472299665,,,0.6804181612815041,0.198639163677437,-0.6804181612815041,0.13353784243574715,-93.32310787821264,,,,,,,tune
oscillator,pinn,rmsprop,0.1,19,1500,1500,2211,0.003133117844703592,5.011042559144682,0.0008421171399221963,,False,False,18.59643316268921,2.983104345990375,2.6386974687838194,,,88.84939785751345,0.022301204284973116,-88.84939785751345,0.08799361017955332,-95.60031949102233,,,,,,,tune
oscillator,pinn,rmsprop,1.0,3,1500,1500,2211,0.003133117844703592,283.28677668842477,42.953520436576056,,False,False,18.53228187561035,21.107655679426497,19.792724148486837,,,99.97905457974124,4.189084051750017e-05,-99.97905457974124,3.1636960251295295e-05,-99.99841815198744,,,,,,,tune
oscillator,pinn,rmsprop,1.0,7,1500,1500,2211,0.003133117844703592,214.26722430772233,37.85518613788859,,False,False,16.32502818107605,18.675063628744248,9.680953702017268,,,132.2515409818887,0.46450308196377743,132.2515409818887,7.449478596160416e-05,-99.99627526070192,,,,,,,tune
oscillator,pinn,rmsprop,1.0,19,1500,1500,2211,0.003133117844703592,300.40854641102777,45.930179179453624,,False,False,16.30670189857483,21.729317469399255,21.58528772486727,,,99.98983924960521,2.032150078955996e-05,-99.98983924960521,9.176222107559734e-05,-99.99541188894622,,,,,,,tune
oscillator,pinn,adam,0.001,3,1500,1500,2211,0.003133117844703592,0.004615223999826726,0.006883012765662872,,False,False,13.329588890075684,0.07379164860545616,0.22531930034302092,,,31.538784527884197,0.2630775690557684,31.538784527884197,2.0063892247331845,0.3194612366592242,,,,,,,tune
oscillator,pinn,adam,0.001,7,1500,1500,2211,0.003133117844703592,0.00493612722114277,0.009161398214478627,,False,False,13.603216886520386,0.07432159678156498,0.27435234874001646,,,26.00990685181803,0.2520198137036361,26.00990685181803,2.0010329602148618,0.051648010743088335,,,,,,,tune
oscillator,pinn,adam,0.001,19,1500,1500,2211,0.003133117844703592,0.003899220953174287,0.0057202996629472855,,False,False,13.953511953353882,0.06174121382351149,0.21054719508809902,,,24.322116021212633,0.24864423204242528,24.322116021212633,2.0031704850616996,0.15852425308497953,,,,,,,tune
oscillator,pinn,adam,0.01,3,1500,1500,2211,0.003133117844703592,0.00282276190184435,0.003069169670508321,769.0,True,False,14.343945980072021,0.03968605007582402,0.14643496660182237,,,11.645889727550845,0.2232917794551017,11.645889727550845,2.001402754723289,0.07013773616444396,,,,,,,tune
oscillator,pinn,adam,0.01,7,1500,1500,2211,0.003133117844703592,0.002379526496209227,0.004470785062619356,744.0,True,False,22.524521827697754,0.043986138193396536,0.020495102154616005,,,2.748449487833468,0.20549689897566695,2.748449487833468,1.9993198051338097,-0.03400974330951545,,,,,,,tune
oscillator,pinn,adam,0.01,19,1500,1500,2211,0.003133117844703592,0.0031083458400808237,0.0047193541574233125,994.0,True,False,23.16611099243164,0.04063784104558808,0.1713729655911431,,,11.962437243123473,0.22392487448624696,11.962437243123473,1.9957470618289885,-0.21264690855057333,,,,,,,tune
oscillator,pinn,adam,0.1,3,1500,1500,2211,0.003133117844703592,1.1158051118706322,0.588951340073812,,False,False,23.42974615097046,1.39615810752787,0.6925816947850643,,,43.848416498815865,0.11230316700236827,-43.848416498815865,0.08578415017539352,-95.71079249123032,,,,,,,tune
oscillator,pinn,adam,0.1,7,1500,1500,2211,0.003133117844703592,1.1162703568222603,0.5885907481113867,,False,False,25.286996364593506,1.3965551577809832,0.6938695330444535,,,2.123660900222965,0.20424732180044594,2.123660900222965,0.21137559367824876,-89.43122031608756,,,,,,,tune
oscillator,pinn,adam,0.1,19,1500,1500,2211,0.003133117844703592,1.116063597124228,0.5889877355596245,,False,False,25.53340196609497,1.3963787636205676,0.6935756055457654,,,59.186977549867734,0.3183739550997355,59.186977549867734,0.27241184329712775,-86.37940783514362,,,,,,,tune
oscillator,pinn,adam,1.0,3,1500,16,2211,0.003133117844703592,inf,10269013.36384132,,False,True,0.15291118621826172,inf,inf,,,75.4011883897603,0.04919762322047937,-75.4011883897603,0.15360856904082373,-92.31957154795882,,,,,,,tune
oscillator,pinn,adam,1.0,7,1500,1500,2211,0.003133117844703592,1.1163880948930518,0.5883646741048412,,False,False,25.584496021270752,1.3966555909397584,0.6940363719921303,,,515.9001945841162,1.2318003891682323,515.9001945841162,0.005123857359816948,-99.74380713200915,,,,,,,tune
oscillator,pinn,adam,1.0,19,1500,1500,2211,0.003133117844703592,1.1163880940410729,0.5883646749205884,,False,False,27.528756141662598,1.3966555902131914,0.6940363707829605,,,72.89300001717656,0.05421399996564689,-72.89300001717656,0.0021559439299733206,-99.89220280350133,,,,,,,tune
oscillator,pinn,lbfgs,0.1,3,1500,1510,2211,0.003133117844703592,0.0022253095052678757,0.00013133260589200758,804.0,True,False,33.71596693992615,0.01718391401896393,0.006057436225211734,,,2.4602090000289953,0.204920418000058,2.4602090000289953,1.9994607621690346,-0.026961891548271666,,,,,,,tune
oscillator,pinn,lbfgs,0.1,7,1500,1507,2211,0.003133117844703592,0.0022264870828463215,0.00010918228561121133,719.0,True,False,33.34078884124756,0.01681270217011275,0.004743430571422602,,,2.2166320115391684,0.20443326402307835,2.2166320115391684,1.9993437019191491,-0.03281490404254406,,,,,,,tune
oscillator,pinn,lbfgs,0.1,19,1500,1510,2211,0.003133117844703592,0.002231516254154325,0.00015024203542835649,806.0,True,False,33.64537501335144,0.01715725552653739,0.00690915320738606,,,2.3658648762392986,0.2047317297524786,2.3658648762392986,1.9990827651692666,-0.045861741536668,,,,,,,tune
oscillator,pinn,lbfgs,1.0,3,1500,88,2211,0.003133117844703592,inf,0.27665584933324006,,False,True,1.9246888160705566,inf,inf,,,62.678434889198684,0.07464313022160263,-62.678434889198684,0.9600764659823235,-51.99617670088382,,,,,,,tune
oscillator,pinn,lbfgs,1.0,7,1500,1512,2211,0.003133117844703592,0.2328518323245241,0.12700407838032568,,False,False,35.85472583770752,0.7490410105322367,1.648304992670168,,,99.99998239025726,3.5219485508255276e-08,-99.99998239025726,3.015928292184518e-05,-99.9984920358539,,,,,,,tune
oscillator,pinn,lbfgs,1.0,19,1500,62,2211,0.003133117844703592,inf,0.14457177234949967,,False,True,1.3000750541687012,inf,inf,,,78.20624828726372,0.043587503425472574,-78.20624828726372,0.7571056415949288,-62.144717920253555,,,,,,,tune
oscillator,nn,sgd,0.001,3,1500,1500,2209,0.003133117844703592,0.8329996882323126,0.0,,False,False,4.890980005264282,1.2505948750454043,0.7945377416812939,,,,,,,,,,,,,,tune
oscillator,nn,sgd,0.001,7,1500,1500,2209,0.003133117844703592,0.8766250387710095,0.0,,False,False,4.458524942398071,1.2432640184449193,0.6504876832322053,,,,,,,,,,,,,,tune
oscillator,nn,sgd,0.001,19,1500,1500,2209,0.003133117844703592,0.858374186464706,0.0,,False,False,6.008064031600952,1.2448042472442444,0.708842548204499,,,,,,,,,,,,,,tune
oscillator,nn,sgd,0.01,3,1500,1500,2209,0.003133117844703592,0.627570379257517,0.0,,False,False,5.321468114852905,1.1751609160146739,0.5700741842184776,,,,,,,,,,,,,,tune
oscillator,nn,sgd,0.01,7,1500,1500,2209,0.003133117844703592,0.7680753852340282,0.0,,False,False,4.97561502456665,1.2598120422271124,0.8125915702927424,,,,,,,,,,,,,,tune
oscillator,nn,sgd,0.01,19,1500,1500,2209,0.003133117844703592,0.7163891091892991,0.0,,False,False,5.063524961471558,1.2349752040495756,0.5737967028963025,,,,,,,,,,,,,,tune
oscillator,nn,sgd,0.1,3,1500,1500,2209,0.003133117844703592,0.023613973173858056,0.0,,False,False,5.189857006072998,0.25008938979167594,1.4769659137093094,,,,,,,,,,,,,,tune
oscillator,nn,sgd,0.1,7,1500,1500,2209,0.003133117844703592,0.01982657611741364,0.0,,False,False,4.979743957519531,0.23320684196847052,1.1580254090511395,,,,,,,,,,,,,,tune
oscillator,nn,sgd,0.1,19,1500,1500,2209,0.003133117844703592,0.03431470875863807,0.0,,False,False,4.614782094955444,0.2705451089904503,1.273324485786097,,,,,,,,,,,,,,tune
oscillator,nn,sgd,1.0,3,1500,6,2209,0.003133117844703592,inf,0.0,,False,True,0.003795146942138672,inf,inf,,,,,,,,,,,,,,tune
oscillator,nn,sgd,1.0,7,1500,6,2209,0.003133117844703592,inf,0.0,,False,True,0.0038781166076660156,inf,inf,,,,,,,,,,,,,,tune
oscillator,nn,sgd,1.0,19,1500,7,2209,0.003133117844703592,inf,0.0,,False,True,0.004442930221557617,inf,inf,,,,,,,,,,,,,,tune
oscillator,nn,momentum,0.001,3,1500,1500,2209,0.003133117844703592,0.6392855633345385,0.0,,False,False,5.336047172546387,1.184598887226798,0.5953171861860761,,,,,,,,,,,,,,tune
oscillator,nn,momentum,0.001,7,1500,1500,2209,0.003133117844703592,0.7710357210812125,0.0,,False,False,5.022969007492065,1.260912935395165,0.8242214193025327,,,,,,,,,,,,,,tune
oscillator,nn,momentum,0.001,19,1500,1500,2209,0.003133117844703592,0.7217891441635357,0.0,,False,False,4.962027072906494,1.2378406057419933,0.5888106257143574,,,,,,,,,,,,,,tune
oscillator,nn,momentum,0.01,3,1500,1500,2209,0.003133117844703592,0.0028209356731333686,0.0,1285.0,True,False,4.972594976425171,0.06237598412264655,2.405161389935256,,,,,,,,,,,,,,tune
oscillator,nn,momentum,0.01,7,1500,1500,2209,0.003133117844703592,0.002357796854630118,0.0,1246.0,True,False,5.146235227584839,0.0469036608922242,2.2844567394372515,,,,,,,,,,,,,,tune
oscillator,nn,momentum,0.01,19,1500,1500,2209,0.003133117844703592,0.0023328247497813627,0.0,1235.0,True,False,4.973128080368042,0.04297592675775359,2.5368535022836265,,,,,,,,,,,,,,tune
oscillator,nn,momentum,0.1,3,1500,1500,2209,0.003133117844703592,0.001364304512087705,0.0,255.0,True,False,5.025297164916992,0.08923516600058953,1.706174316039482,,,,,,,,,,,,,,tune
oscillator,nn,momentum,0.1,7,1500,1500,2209,0.003133117844703592,0.0015405952025641136,0.0,276.0,True,False,4.8942718505859375,0.06670516427287224,1.9737806644444778,,,,,,,,,,,,,,tune
oscillator,nn,momentum,0.1,19,1500,1500,2209,0.003133117844703592,0.0013090597112743933,0.0,210.0,True,False,5.433563947677612,0.057279921888739774,2.4158354812947045,,,,,,,,,,,,,,tune
oscillator,nn,momentum,1.0,3,1500,6,2209,0.003133117844703592,inf,0.0,,False,True,0.044673919677734375,inf,inf,,,,,,,,,,,,,,tune
oscillator,nn,momentum,1.0,7,1500,6,2209,0.003133117844703592,inf,0.0,,False,True,0.007378816604614258,inf,inf,,,,,,,,,,,,,,tune
oscillator,nn,momentum,1.0,19,1500,8,2209,0.003133117844703592,inf,0.0,,False,True,0.024320125579833984,inf,inf,,,,,,,,,,,,,,tune
oscillator,nn,rmsprop,0.001,3,1500,1500,2209,0.003133117844703592,0.003736437704855243,0.0,1029.0,True,False,6.214822769165039,0.11780864117941751,1.1962383523925706,,,,,,,,,,,,,,tune
oscillator,nn,rmsprop,0.001,7,1500,1500,2209,0.003133117844703592,0.0033556204325179426,0.0,1050.0,True,False,6.37070369720459,0.09468134802933349,1.2380916464611913,,,,,,,,,,,,,,tune
oscillator,nn,rmsprop,0.001,19,1500,1500,2209,0.003133117844703592,0.007616893208038131,0.0,,False,False,6.266169786453247,0.12416400182728339,1.3907342761727317,,,,,,,,,,,,,,tune
oscillator,nn,rmsprop,0.01,3,1500,1500,2209,0.003133117844703592,0.016942157809904296,0.0,,False,False,6.494045257568359,0.24878008272745708,0.4833987946150407,,,,,,,,,,,,,,tune
oscillator,nn,rmsprop,0.01,7,1500,1500,2209,0.003133117844703592,0.01867782537620901,0.0,,False,False,7.02771782875061,0.20094458007559424,0.574564641420784,,,,,,,,,,,,,,tune
oscillator,nn,rmsprop,0.01,19,1500,1500,2209,0.003133117844703592,0.0028778630883516568,0.0,1491.0,True,False,7.742425203323364,0.18585328465618614,0.5460100892032034,,,,,,,,,,,,,,tune
oscillator,nn,rmsprop,0.1,3,1500,1500,2209,0.003133117844703592,1.842328664239313,0.0,,False,False,8.06303596496582,1.5306086245804134,1.108063630452498,,,,,,,,,,,,,,tune
oscillator,nn,rmsprop,0.1,7,1500,1500,2209,0.003133117844703592,3.758889114650934,0.0,,False,False,8.35255479812622,2.6030342160289393,2.2216439815605784,,,,,,,,,,,,,,tune
oscillator,nn,rmsprop,0.1,19,1500,1500,2209,0.003133117844703592,3.737813337259014,0.0,,False,False,7.942342042922974,2.5960939522959814,2.213911933521808,,,,,,,,,,,,,,tune
oscillator,nn,rmsprop,1.0,3,1500,1500,2209,0.003133117844703592,275.38930209940435,0.0,,False,False,7.327335834503174,20.351312775426308,47.601185599724644,,,,,,,,,,,,,,tune
oscillator,nn,rmsprop,1.0,7,1500,1500,2209,0.003133117844703592,275.3171457620515,0.0,,False,False,6.895869016647339,21.096933282256217,12.556857475194963,,,,,,,,,,,,,,tune
oscillator,nn,rmsprop,1.0,19,1500,1500,2209,0.003133117844703592,269.20601504815374,0.0,,False,False,6.649381875991821,20.11892791582263,23.280461572809404,,,,,,,,,,,,,,tune
oscillator,nn,adam,0.001,3,1500,1500,2209,0.003133117844703592,0.0017312882667389,0.0,452.0,True,False,6.822735071182251,0.05933924700097181,1.4708697622849738,,,,,,,,,,,,,,tune
oscillator,nn,adam,0.001,7,1500,1500,2209,0.003133117844703592,0.0017935674681936304,0.0,430.0,True,False,6.902489900588989,0.05751868393152884,1.387897007457557,,,,,,,,,,,,,,tune
oscillator,nn,adam,0.001,19,1500,1500,2209,0.003133117844703592,0.0018663889207398935,0.0,432.0,True,False,6.88304877281189,0.05404227115305484,1.4846669365880178,,,,,,,,,,,,,,tune
oscillator,nn,adam,0.01,3,1500,1500,2209,0.003133117844703592,0.0011177839525333745,0.0,118.0,True,False,6.675005912780762,0.1131780953673745,1.2348045507014491,,,,,,,,,,,,,,tune
oscillator,nn,adam,0.01,7,1500,1500,2209,0.003133117844703592,0.002786954377544784,0.0,139.0,True,False,6.7304041385650635,0.09991071739675145,1.4789585388137756,,,,,,,,,,,,,,tune
oscillator,nn,adam,0.01,19,1500,1500,2209,0.003133117844703592,0.0014780101994599933,0.0,135.0,True,False,6.924976110458374,0.08068240829767916,1.3682152103281948,,,,,,,,,,,,,,tune
oscillator,nn,adam,0.1,3,1500,1500,2209,0.003133117844703592,1.0000002115704374,0.0,,False,False,7.3905909061431885,1.2550701696970905,2.125047534142582,,,,,,,,,,,,,,tune
oscillator,nn,adam,0.1,7,1500,1500,2209,0.003133117844703592,1.0000000000000215,0.0,,False,False,7.276369094848633,1.255070079018945,0.44963213836074334,,,,,,,,,,,,,,tune
oscillator,nn,adam,0.1,19,1500,1500,2209,0.003133117844703592,0.9999971328377001,0.0,,False,False,6.909533977508545,1.2550695616638714,1.9526390939703284,,,,,,,,,,,,,,tune
oscillator,nn,adam,1.0,3,1500,1500,2209,0.003133117844703592,1.0000000001105118,0.0,,False,False,6.71001124382019,1.255067667985203,33.470217247375885,,,,,,,,,,,,,,tune
oscillator,nn,adam,1.0,7,1500,1500,2209,0.003133117844703592,0.8964024187944801,0.0,,False,False,6.1858069896698,1.2171320446338505,8.60504596184115,,,,,,,,,,,,,,tune
oscillator,nn,adam,1.0,19,1500,1500,2209,0.003133117844703592,1.0000503084161303,0.0,,False,False,7.867863893508911,1.256726426575129,0.4520361362473838,,,,,,,,,,,,,,tune
oscillator,nn,lbfgs,0.1,3,1500,1511,2209,0.003133117844703592,0.0014226213730286724,0.0,377.0,True,False,15.427737951278687,0.054168406972202446,6.448607862413464,,,,,,,,,,,,,,tune
oscillator,nn,lbfgs,0.1,7,1500,1517,2209,0.003133117844703592,0.0015323219801400916,0.0,293.0,True,False,15.738225936889648,0.054351084372384006,0.8746861151974754,,,,,,,,,,,,,,tune
oscillator,nn,lbfgs,0.1,19,1500,1510,2209,0.003133117844703592,0.0013046548677659896,0.0,168.0,True,False,17.04450798034668,0.07870625237818,2.9591752579435613,,,,,,,,,,,,,,tune
oscillator,nn,lbfgs,1.0,3,1500,1512,2209,0.003133117844703592,0.0012268508046177147,0.0,112.0,True,False,24.314130306243896,0.07994347785389957,4.016685896455432,,,,,,,,,,,,,,tune
oscillator,nn,lbfgs,1.0,7,1500,1504,2209,0.003133117844703592,0.001180246578368523,0.0,251.0,True,False,22.99778699874878,0.05641580780376394,2.759325314357352,,,,,,,,,,,,,,tune
oscillator,nn,lbfgs,1.0,19,1500,1505,2209,0.003133117844703592,0.0009646967647077377,0.0,122.0,True,False,23.834645986557007,0.09563782772434892,4.196461491993567,,,,,,,,,,,,,,tune
heat,physics,sgd,0.001,3,1000,1000,3,0.002783777542493308,0.020168705691876274,0.0,,False,False,3.483438014984131,0.11346996515153147,0.17549488548058997,,,22.257582938195576,,,,,0.07774241706180443,-22.257582938195576,0.9488628393065398,-5.113716069346019,0.3867710620652984,-22.645787586940326,tune
heat,physics,sgd,0.001,7,1000,1000,3,0.002783777542493308,0.06850623728149006,0.0,,False,False,4.741037845611572,0.2260138599214389,0.3702536954968476,,,45.17283813398735,,,,,0.05482716186601266,-45.17283813398735,0.8936765112814605,-10.632348871853948,0.3053316982059832,-38.93366035880336,tune
heat,physics,sgd,0.001,19,1000,1000,3,0.002783777542493308,0.06241167744706813,0.0,,False,False,5.708130121231079,0.24066113860891497,0.38474544569409136,,,47.58685755953949,,,,,0.05241314244046052,-47.58685755953949,0.8840070293123681,-11.599297068763192,0.3536872584644778,-29.262548307104442,tune
heat,physics,sgd,0.01,3,1000,1000,3,0.002783777542493308,0.0017072329174880922,0.0,594.0,True,False,3.210577964782715,0.015613164263996065,0.02287349477880611,,,3.168349550852892,,,,,0.09683165044914711,-3.168349550852892,0.9920157382271179,-0.798426177288214,0.49756476806516037,-0.48704638696792646,tune
heat,physics,sgd,0.01,7,1000,1000,3,0.002783777542493308,0.002586035445266539,0.0,970.0,True,False,2.8967552185058594,0.03415984807292701,0.05482370135438884,,,7.444166711538955,,,,,0.09255583328846105,-7.444166711538955,0.9816386460391441,-1.836135396085592,0.48323966658732065,-3.3520666825358703,tune
heat,physics,sgd,0.01,19,1000,1000,3,0.002783777542493308,0.0024054407964420378,0.0,936.0,True,False,3.402529001235962,0.0322713205178195,0.051037782647588084,,,6.963987869331945,,,,,0.09303601213066806,-6.963987869331945,0.9826949780742782,-1.7305021925721809,0.48623955939363117,-2.752088121273766,tune
heat,physics,sgd,0.1,3,1000,1000,3,0.002783777542493308,0.0016208601499937384,0.0,59.0,True,False,3.193540096282959,0.0093438316682862,0.009338595293454377,,,1.3352382751296021,,,,,0.0986647617248704,-1.3352382751296021,0.9964566732409124,-0.35433267590876394,0.5037640850174985,0.752817003499695,tune
heat,physics,sgd,0.1,7,1000,1000,3,0.002783777542493308,0.0016208601499937308,0.0,97.0,True,False,3.0349156856536865,0.009343831668287289,0.009338595293456792,,,1.3352382751299214,,,,,0.09866476172487008,-1.3352382751299214,0.9964566732409117,-0.35433267590883055,0.5037640850174978,0.7528170034995618,tune
heat,physics,sgd,0.1,19,1000,1000,3,0.002783777542493308,0.0016208601499937295,0.0,93.0,True,False,2.7807581424713135,0.009343831668287374,0.00933859529345601,,,1.3352382751298797,,,,,0.09866476172487013,-1.3352382751298797,0.9964566732409115,-0.35433267590885276,0.503764085017498,0.7528170034996062,tune
heat,physics,sgd,1.0,3,1000,1000,3,0.002783777542493308,5.565706142239637,0.0,,False,False,3.0607640743255615,2.4332737194010456,1.5605890912943454,,,565263488633.7054,,,,,565263488.7337055,565263488633.7054,7.712260008568871e-70,-100.0,0.14120188411115525,-71.75962317776894,tune
heat,physics,sgd,1.0,7,1000,1000,3,0.002783777542493308,5.565706142239637,0.0,,False,False,2.747473955154419,2.4332737194010456,1.5605890912943454,,,35734790448044.71,,,,,35734790448.144714,35734790448044.71,9.976257672973457e-94,-100.0,0.11716175663502365,-76.56764867299528,tune
heat,physics,sgd,1.0,19,1000,1000,3,0.002783777542493308,5.565706142239637,0.0,,False,False,3.0037758350372314,2.4332737194010456,1.5605890912943454,,,470709649301.3436,,,,,470709649.40134364,470709649301.3436,2.5105354248732547e-57,-100.0,0.11520464797376104,-76.95907040524779,tune
heat,physics,momentum,0.001,3,1000,1000,3,0.002783777542493308,0.0017016290099862844,0.0,595.0,True,False,3.2154958248138428,0.015501190643590955,0.02251424746541862,,,3.1225336143219233,,,,,0.09687746638567808,-3.1225336143219233,0.992113713380836,-0.7886286619164018,0.4978825041853569,-0.42349916292862,tune
heat,physics,momentum,0.001,7,1000,1000,3,0.002783777542493308,0.0025472128135583445,0.0,964.0,True,False,2.849000930786133,0.03368032466154727,0.05396732304211116,,,7.3328855997614735,,,,,0.09266711440023853,-7.3328855997614735,0.9818974139785976,-1.8102586021402356,0.48374994061322935,-3.250011877354131,tune
heat,physics,momentum,0.001,19,1000,1000,3,0.002783777542493308,0.0023714375358318877,0.0,931.0,True,False,2.8807928562164307,0.031715055379577015,0.05011543272157186,,,6.840842259352622,,,,,0.09315915774064738,-6.840842259352622,0.9829963025105501,-1.7003697489449854,0.48661451942260603,-2.6770961154787942,tune
heat,physics,momentum,0.01,3,1000,1000,3,0.002783777542493308,0.0016208601499937358,0.0,66.0,True,False,2.6792311668395996,0.009343831668286045,0.009338595293452918,,,1.3352382751294218,,,,,0.09866476172487058,-1.3352382751294218,0.9964566732409127,-0.35433267590873063,0.5037640850174994,0.7528170034998727,tune
heat,physics,momentum,0.01,7,1000,1000,3,0.002783777542493308,0.0016208601499937303,0.0,92.0,True,False,2.614291191101074,0.009343831668286019,0.009338595293452876,,,1.3352382751293939,,,,,0.09866476172487061,-1.3352382751293939,0.9964566732409129,-0.3543326759087084,0.5037640850174997,0.7528170034999393,tune
heat,physics,momentum,0.01,19,1000,1000,3,0.002783777542493308,0.0016208601499937342,0.0,89.0,True,False,2.8031320571899414,0.009343831668286163,0.00933859529345255,,,1.3352382751293939,,,,,0.09866476172487061,-1.3352382751293939,0.9964566732409127,-0.35433267590873063,0.5037640850174997,0.7528170034999393,tune
heat,physics,momentum,0.1,3,1000,1000,3,0.002783777542493308,0.0016208601499937353,0.0,40.0,True,False,2.3181681632995605,0.009343831668286052,0.009338595293453416,,,1.3352382751294773,,,,,0.09866476172487053,-1.3352382751294773,0.9964566732409127,-0.35433267590873063,0.5037640850174991,0.7528170034998283,tune
heat,physics,momentum,0.1,7,1000,1000,3,0.002783777542493308,0.001620860149993732,0.0,14.0,True,False,2.25989031791687,0.009343831668286074,0.00933859529345311,,,1.3352382751294634,,,,,0.09866476172487054,-1.3352382751294634,0.9964566732409126,-0.35433267590874173,0.5037640850174991,0.7528170034998283,tune
heat,physics,momentum,0.1,19,1000,1000,3,0.002783777542493308,0.0016208601499937347,0.0,44.0,True,False,2.4655518531799316,0.009343831668286099,0.009338595293453251,,,1.3352382751294773,,,,,0.09866476172487053,-1.3352382751294773,0.9964566732409126,-0.35433267590874173,0.5037640850174991,0.7528170034998283,tune
heat,physics,momentum,1.0,3,1000,1000,3,0.002783777542493308,5.565706142239637,0.0,,False,False,2.4777331352233887,2.4332737194010456,1.5605890912943454,,,6.896163401912434e+99,,,,,6.896163401912434e+96,6.896163401912434e+99,0.0,-100.0,5.176699615041382e-05,-99.98964660076992,tune
heat,physics,momentum,1.0,7,1000,1000,3,0.002783777542493308,5.565706142239637,0.0,,False,False,3.3660600185394287,2.4332737194010456,1.5605890912943454,,,6.487702207023963e+34,,,,,6.487702207023963e+31,6.487702207023963e+34,2.1636979047202968e-187,-100.0,0.0073137918194856105,-98.53724163610288,tune
heat,physics,momentum,1.0,19,1000,1000,3,0.002783777542493308,5.565706142239259,0.0,,False,False,3.355502128601074,2.433013206708612,1.5605890912943454,,,39118.39964734758,,,,,39.21839964734758,39118.39964734758,2.2513612516519543e-11,-99.99999999774863,0.004697451076704456,-99.06050978465912,tune
heat,physics,rmsprop,0.001,3,1000,1000,3,0.002783777542493308,0.020009169644113263,0.0,,False,False,3.5792760848999023,0.15907209567004277,0.19632256451709568,,,28.537911521891253,,,,,0.07146208847810875,-28.537911521891253,0.916610339277677,-8.338966072232301,0.45981186163277,-8.037627673446002,tune
heat,physics,rmsprop,0.001,7,1000,1000,3,0.002783777542493308,0.0016224176963595656,0.0,567.0,True,False,3.2543323040008545,0.009659784806261921,0.008424857882536933,,,1.322618239853135,,,,,0.09867738176014687,-1.322618239853135,0.9959322127697992,-0.4067787230200848,0.5037491007975701,0.7498201595140142,tune
heat,physics,rmsprop,0.001,19,1000,1000,3,0.002783777542493308,0.0016451551859555976,0.0,817.0,True,False,2.642321825027466,0.014344160357272333,0.017218744165727877,,,2.436345202708981,,,,,0.09756365479729102,-2.436345202708981,0.9936310185146603,-0.6368981485339709,0.5026897107904561,0.5379421580912203,tune
heat,physics,rmsprop,0.01,3,1000,1000,3,0.002783777542493308,0.001914270087131694,0.0,120.0,True,False,2.3721530437469482,0.02023128507170103,0.024691032941140226,,,1.9392236367768017,,,,,0.0980607763632232,-1.9392236367768017,1.002097628174598,0.20976281745979097,0.5066213747260959,1.3242749452191838,tune
heat,physics,rmsprop,0.01,7,1000,1000,3,0.002783777542493308,0.0018668909908230872,0.0,26.0,True,False,1.9864728450775146,0.01798753386786988,0.005321152981237168,,,0.8311278007861883,,,,,0.09916887219921382,-0.8311278007861883,0.9911353487324874,-0.8864651267512569,0.501074842559493,0.21496851189859445,tune
heat,physics,rmsprop,0.01,19,1000,1000,3,0.002783777542493308,0.0018769081883544742,0.0,57.0,True,False,1.9928178787231445,0.019199958682895514,0.023559655432114978,,,1.8829206028430772,,,,,0.09811707939715693,-1.8829206028430772,1.0017737955407886,0.1773795540788603,0.5064525482104707,1.2905096420941398,tune
heat,physics,rmsprop,0.1,3,1000,1000,3,0.002783777542493308,0.021093298433869048,0.0,,False,False,2.1026229858398438,0.1415042661128849,0.14582896902012982,,,7.425209919873832,,,,,0.09257479008012617,-7.425209919873832,1.038221475160712,3.822147516071195,0.5248724465370735,4.974489307414709,tune
heat,physics,rmsprop,0.1,7,1000,1000,3,0.002783777542493308,0.021093229369141875,0.0,50.0,True,False,1.9422109127044678,0.14150413454380278,0.1458252814498235,,,7.424714985230313,,,,,0.09257528501476969,-7.424714985230313,1.038222853766017,3.8222853766016973,0.5248732680595608,4.974653611912161,tune
heat,physics,rmsprop,0.1,19,1000,1000,3,0.002783777542493308,0.02586330631027672,0.0,,False,False,1.9933428764343262,0.1587374204840901,0.11776095032168056,,,2.311093531503092,,,,,0.1023110935315031,2.311093531503092,0.9394219262214908,-6.057807377850921,0.47492447891515394,-5.015104216969213,tune
heat,physics,rmsprop,1.0,3,1000,2,3,0.002783777542493308,inf,0.0,,False,True,0.0011107921600341797,inf,inf,,,99.99581270187406,,,,,4.187298125949551e-06,-99.99581270187406,8185.802400991945,818480.2400991946,7490.965800137591,1498093.1600275182,tune
heat,physics,rmsprop,1.0,7,1000,1000,3,0.002783777542493308,5.565706142239637,0.0,,False,False,2.440354108810425,1541.8201775882967,1.5605890912943454,,,1101615.9480108577,,,,,1101.7159480108578,1101615.9480108577,19273.18871474957,1927218.8714749569,6086.182408407849,1217136.4816815697,tune
heat,physics,rmsprop,1.0,19,1000,1000,3,0.002783777542493308,5.565706142239637,0.0,,False,False,2.3199901580810547,2.433272571884756,1.5605890912943454,,,985507.7560310314,,,,,985.6077560310314,985507.7560310314,4.893979862245982e-05,-99.99510602013775,1.5430299855729676e-05,-99.99691394002885,tune
heat,physics,adam,0.001,3,1000,1000,3,0.002783777542493308,0.06711760439937316,0.0,,False,False,2.698014974594116,0.3131437551417444,0.2290004548539333,,,42.79195127207848,,,,,0.057208048727921526,-42.79195127207848,0.8368969376264079,-16.310306237359207,0.4441466564444148,-11.170668711117038,tune
heat,physics,adam,0.001,7,1000,1000,3,0.002783777542493308,0.0017068821360034523,0.0,777.0,True,False,2.8572819232940674,0.01584005576824968,0.02325895103884044,,,3.200130566110987,,,,,0.09679986943388902,-3.200130566110987,0.9920377016950488,-0.796229830495121,0.497850916820108,-0.42981663597839725,tune
heat,physics,adam,0.001,19,1000,1000,3,0.002783777542493308,0.011224502704455836,0.0,,False,False,2.5339200496673584,0.11639878058025852,0.1548394108068009,,,21.77239777891807,,,,,0.07822760222108194,-21.77239777891807,0.9402670027790132,-5.973299722098679,0.47482515538465003,-5.034968923069993,tune
heat,physics,adam,0.01,3,1000,1000,3,0.002783777542493308,0.0016208601499937316,0.0,276.0,True,False,3.1009862422943115,0.009343831668227942,0.009338595293369634,,,1.3352382751166125,,,,,0.09866476172488339,-1.3352382751166125,0.9964566732409511,-0.35433267590488926,0.5037640850175121,0.7528170035024262,tune
heat,physics,adam,0.01,7,1000,1000,3,0.002783777542493308,0.0016208601499937373,0.0,69.0,True,False,2.997666835784912,0.009343831668286269,0.009338595293452922,,,1.3352382751294773,,,,,0.09866476172487053,-1.3352382751294773,0.9964566732409124,-0.35433267590876394,0.5037640850174991,0.7528170034998283,tune
heat,physics,adam,0.01,19,1000,1000,3,0.002783777542493308,0.0016208601499937345,0.0,148.0,True,False,2.8682727813720703,0.009343831668285877,0.009338595293453128,,,1.3352382751294494,,,,,0.09866476172487056,-1.3352382751294494,0.9964566732409127,-0.35433267590873063,0.5037640850174991,0.7528170034998283,tune
heat,physics,adam,0.1,3,1000,1000,3,0.002783777542493308,0.0016208601499937353,0.0,40.0,True,False,2.7343783378601074,0.009343831668286052,0.009338595293453416,,,1.3352382751294773,,,,,0.09866476172487053,-1.3352382751294773,0.9964566732409127,-0.35433267590873063,0.5037640850174991,0.7528170034998283,tune
heat,physics,adam,0.1,7,1000,1000,3,0.002783777542493308,0.0016208601499937345,0.0,24.0,True,False,2.6497418880462646,0.00934383166828605,0.009338595293454361,,,1.3352382751295189,,,,,0.09866476172487049,-1.3352382751295189,0.996456673240913,-0.3543326759086973,0.5037640850174991,0.7528170034998283,tune
heat,physics,adam,0.1,19,1000,1000,3,0.002783777542493308,0.0016208601499937336,0.0,39.0,True,False,2.7120819091796875,0.00934383166828632,0.00933859529345378,,,1.3352382751295049,,,,,0.0986647617248705,-1.3352382751295049,0.9964566732409127,-0.35433267590873063,0.5037640850174994,0.7528170034998727,tune
heat,physics,adam,1.0,3,1000,1000,3,0.002783777542493308,0.005668919300191742,0.0,93.0,True,False,2.4881279468536377,0.06610982770309841,0.07159147636303763,,,3.9909003433473975,,,,,0.09600909965665261,-3.9909003433473975,1.0171379051400977,1.713790514009772,0.5059522583267194,1.1904516653438835,tune
heat,physics,adam,1.0,7,1000,1000,3,0.002783777542493308,0.0016208601499937347,0.0,59.0,True,False,2.7487239837646484,0.009343831668286099,0.009338595293453251,,,1.3352382751294773,,,,,0.09866476172487053,-1.3352382751294773,0.9964566732409126,-0.35433267590874173,0.5037640850174991,0.7528170034998283,tune
heat,physics,adam,1.0,19,1000,1000,3,0.002783777542493308,0.002310591952065322,0.0,102.0,True,False,3.044312000274658,0.028092944483253078,0.03175479431805733,,,1.920078367990505,,,,,0.0980799216320095,-1.920078367990505,1.006755068595726,0.6755068595726055,0.5017568770761842,0.3513754152368431,tune
heat,physics,lbfgs,0.1,3,1000,1000,3,0.002783777542493308,0.001620860149994168,0.0,19.0,True,False,11.161072254180908,0.009343835042045369,0.009338623594353744,,,1.335241697683745,,,,,0.09866475830231626,-1.335241697683745,0.9964566670536588,-0.3543332946341238,0.503764067616087,0.7528135232174105,tune
heat,physics,lbfgs,0.1,7,1000,1000,3,0.002783777542493308,0.0016208601499942078,0.0,13.0,True,False,5.057605981826782,0.009343846569217041,0.009338597830420464,,,1.3352383831964771,,,,,0.09866476161680353,-1.3352383831964771,0.9964566741474736,-0.3543325852526369,0.5037641061360097,0.7528212272019497,tune
heat,physics,lbfgs,0.1,19,1000,1000,3,0.002783777542493308,0.001620860149994145,0.0,17.0,True,False,5.976215124130249,0.009343820742294508,0.009338560603538148,,,1.33523428898831,,,,,0.0986647657110117,-1.33523428898831,0.9964566792864918,-0.3543320713508158,0.5037640945523152,0.7528189104630378,tune
heat,physics,lbfgs,1.0,3,1000,1000,3,0.002783777542493308,0.0016208601499937353,0.0,8.0,True,False,6.567943096160889,0.009343832940749676,0.009338595271516542,,,1.3352383386786848,,,,,0.09866476166132132,-1.3352383386786848,0.996456672758003,-0.35433272419970185,0.5037640861190509,0.752817223810176,tune
heat,physics,lbfgs,1.0,7,1000,1000,3,0.002783777542493308,0.0016208601499937754,0.0,6.0,True,False,6.229748964309692,0.00934382735668089,0.009338596108084875,,,1.3352383595620632,,,,,0.09866476164043794,-1.3352383595620632,0.996456673167224,-0.3543326832776028,0.5037640784594667,0.7528156918933382,tune
heat,physics,lbfgs,1.0,19,1000,1000,3,0.002783777542493308,0.0016208601499937438,0.0,9.0,True,False,6.099527835845947,0.009343830339170535,0.00933859085525682,,,1.3352377246257792,,,,,0.09866476227537423,-1.3352377246257792,0.9964566743127554,-0.35433256872445806,0.5037640867670833,0.7528173534166571,tune
heat,pinn,sgd,0.001,3,1000,1000,2244,0.002783777542493308,0.9375713474375026,0.23219805224577975,,False,False,38.066368103027344,1.0342073572774704,0.7907918241112627,,,7.80023987318336,,,,,0.09219976012681665,-7.80023987318336,0.37163501058088133,-62.83649894191187,0.3400906258375252,-31.98187483249496,tune
heat,pinn,sgd,0.001,7,1000,1000,2244,0.002783777542493308,0.9165068104464815,0.23580461795686786,,False,False,40.40079998970032,1.0191042025031585,0.7449072178122843,,,49.9911283960425,,,,,0.050008871603957505,-49.9911283960425,0.8750100648003825,-12.498993519961754,0.2763148891356042,-44.73702217287916,tune
heat,pinn,sgd,0.001,19,1000,1000,2244,0.002783777542493308,0.9412935423351562,0.22847630503721678,,False,False,40.08122706413269,1.0366368862735555,0.8402989720818568,,,55.2559587323252,,,,,0.044744041267674804,-55.2559587323252,1.0779704457508577,7.797044575085765,0.33986202242592006,-32.027595514815985,tune
heat,pinn,sgd,0.01,3,1000,1000,2244,0.002783777542493308,0.11929943305683686,0.06955684859803032,,False,False,39.69917321205139,0.3717869572748935,0.1107445926213158,,,6.534749304057563,,,,,0.09346525069594244,-6.534749304057563,0.37163501058088133,-62.83649894191187,0.3400906258375252,-31.98187483249496,tune
heat,pinn,sgd,0.01,7,1000,1000,2244,0.002783777542493308,0.1607388408598413,0.0654995218562702,,False,False,40.830219984054565,0.412579286301243,0.2642779429963729,,,45.12724687787482,,,,,0.05487275312212519,-45.12724687787482,0.8750100648003825,-12.498993519961754,0.2763148891356042,-44.73702217287916,tune
heat,pinn,sgd,0.01,19,1000,1000,2244,0.002783777542493308,0.14466999524688695,0.07670364469289069,,False,False,39.89056730270386,0.39468658579593774,0.4182104996130283,,,49.91750219784294,,,,,0.05008249780215706,-49.91750219784294,1.0779704457508577,7.797044575085765,0.33986202242592006,-32.027595514815985,tune
heat,pinn,sgd,0.1,3,1000,1000,2244,0.002783777542493308,0.058329828254933914,0.013477090571639198,,False,False,39.037030935287476,0.2868716097328569,0.1549728162197003,,,7.222720623151241,,,,,0.09277727937684876,-7.222720623151241,0.37163501058088133,-62.83649894191187,0.3400906258375252,-31.98187483249496,tune
heat,pinn,sgd,0.1,7,1000,103,2244,0.002783777542493308,inf,127676.64149568483,,False,True,4.127354860305786,inf,inf,,,100.0,,,,,6.127781221925677e-47,-100.0,0.8750100648003825,-12.498993519961754,0.2763148891356042,-44.73702217287916,tune
heat,pinn,sgd,0.1,19,1000,1000,2244,0.002783777542493308,0.07526398111732278,0.017734620634569834,,False,False,38.4310519695282,0.3247589036896605,0.1532602999780937,,,2.0420003009955776,,,,,0.09795799969900443,-2.0420003009955776,1.0779704457508577,7.797044575085765,0.33986202242592006,-32.027595514815985,tune
heat,pinn,sgd,1.0,3,1000,5,2244,0.002783777542493308,inf,9186153.11464201,,False,True,0.1097259521484375,inf,inf,,,18.102408890258562,,,,,0.11810240889025857,18.102408890258562,0.37163501058088133,-62.83649894191187,0.3400906258375252,-31.98187483249496,tune
heat,pinn,sgd,1.0,7,1000,6,2244,0.002783777542493308,inf,3715352.2490027538,,False,True,0.18458008766174316,inf,inf,,,99.99996405524703,,,,,3.5944752960670175e-08,-99.99996405524703,0.8750100648003825,-12.498993519961754,0.2763148891356042,-44.73702217287916,tune
heat,pinn,sgd,1.0,19,1000,6,2244,0.002783777542493308,inf,729226.5190124845,,False,True,0.21689581871032715,inf,inf,,,51.162975374983546,,,,,0.04883702462501646,-51.162975374983546,1.0779704457508577,7.797044575085765,0.33986202242592006,-32.027595514815985,tune
heat,pinn,momentum,0.001,3,1000,1000,2244,0.002783777542493308,0.12477449410147688,0.07794605882916113,,False,False,36.784363985061646,0.37846366070959686,0.1219184979263339,,,6.337342687854713,,,,,0.09366265731214529,-6.337342687854713,0.37163501058088133,-62.83649894191187,0.3400906258375252,-31.98187483249496,tune
heat,pinn,momentum,0.001,7,1000,1000,2244,0.002783777542493308,0.16530311693004637,0.0680298213252792,,False,False,39.20007300376892,0.41702555533659297,0.26141333197220123,,,45.52222382633124,,,,,0.05447777617366876,-45.52222382633124,0.8750100648003825,-12.498993519961754,0.2763148891356042,-44.73702217287916,tune
heat,pinn,momentum,0.001,19,1000,1000,2244,0.002783777542493308,0.14904594951583158,0.08119102048908163,,False,False,39.19829487800598,0.3979126666357657,0.43093900597872764,,,50.648621511314694,,,,,0.04935137848868531,-50.648621511314694,1.0779704457508577,7.797044575085765,0.33986202242592006,-32.027595514815985,tune
heat,pinn,momentum,0.01,3,1000,1000,2244,0.002783777542493308,0.06096127180048512,0.011976242390045837,,False,False,41.453588008880615,0.3091966900201071,0.06763971422722832,,,14.068435284586858,,,,,0.11406843528458686,14.068435284586858,0.37163501058088133,-62.83649894191187,0.3400906258375252,-31.98187483249496,tune
heat,pinn,momentum,0.01,7,1000,1000,2244,0.002783777542493308,0.06372315997735373,0.010084396151046438,,False,False,32.883392095565796,0.3114130678871627,0.06315038301177349,,,14.158260926982067,,,,,0.11415826092698207,14.158260926982067,0.8750100648003825,-12.498993519961754,0.2763148891356042,-44.73702217287916,tune
heat,pinn,momentum,0.01,19,1000,1000,2244,0.002783777542493308,0.07198135055401272,0.011359791826927184,,False,False,32.26487612724304,0.3236571220586642,0.12519044154248227,,,20.961830526717712,,,,,0.12096183052671772,20.961830526717712,1.0779704457508577,7.797044575085765,0.33986202242592006,-32.027595514815985,tune
heat,pinn,momentum,0.1,3,1000,37,2244,0.002783777542493308,inf,76212.42320220126,,False,True,1.5349056720733643,inf,inf,,,99.9987817860076,,,,,1.2182139924062366e-06,-99.9987817860076,0.37163501058088133,-62.83649894191187,0.3400906258375252,-31.98187483249496,tune
heat,pinn,momentum,0.1,7,1000,33,2244,0.002783777542493308,inf,182880.78036327267,,False,True,1.2184529304504395,inf,inf,,,48.18176538033474,,,,,0.05181823461966526,-48.18176538033474,0.8750100648003825,-12.498993519961754,0.2763148891356042,-44.73702217287916,tune
heat,pinn,momentum,0.1,19,1000,34,2244,0.002783777542493308,inf,78594.77447168196,,False,True,2.442681074142456,inf,inf,,,100.0,,,,,2.8364781476899062e-42,-100.0,1.0779704457508577,7.797044575085765,0.33986202242592006,-32.027595514815985,tune
heat,pinn,momentum,1.0,3,1000,6,2244,0.002783777542493308,inf,251195061.80939543,,False,True,0.430340051651001,inf,inf,,,86.00748845213438,,,,,0.013992511547865608,-86.00748845213438,0.37163501058088133,-62.83649894191187,0.3400906258375252,-31.98187483249496,tune
heat,pinn,momentum,1.0,7,1000,6,2244,0.002783777542493308,inf,6201839.072091415,,False,True,0.06458282470703125,inf,inf,,,99.99999999996558,,,,,3.442177154511064e-14,-99.99999999996558,0.8750100648003825,-12.498993519961754,0.2763148891356042,-44.73702217287916,tune
heat,pinn,momentum,1.0,19,1000,6,2244,0.002783777542493308,inf,2523508.5705235475,,False,True,0.8014001846313477,inf,inf,,,100.0,,,,,6.652540976239034e-95,-100.0,1.0779704457508577,7.797044575085765,0.33986202242592006,-32.027595514815985,tune
heat,pinn,rmsprop,0.001,3,1000,1000,2244,0.002783777542493308,0.06962426187758823,0.013357797611191713,,False,False,30.88845419883728,0.33206511175319564,0.05702167249409986,,,13.945447995965726,,,,,0.11394544799596573,13.945447995965726,0.37163501058088133,-62.83649894191187,0.3400906258375252,-31.98187483249496,tune
heat,pinn,rmsprop,0.001,7,1000,1000,2244,0.002783777542493308,0.08273870337465337,0.01571106518061161,,False,False,29.84916877746582,0.36528834392779425,0.0741773585159632,,,28.2197158815323,,,,,0.1282197158815323,28.2197158815323,0.8750100648003825,-12.498993519961754,0.2763148891356042,-44.73702217287916,tune
heat,pinn,rmsprop,0.001,19,1000,1000,2244,0.002783777542493308,0.0788703659101592,0.014299302558339867,,False,False,27.829102039337158,0.3443732747918052,0.042130536471982415,,,15.05221544646211,,,,,0.11505221544646212,15.05221544646211,1.0779704457508577,7.797044575085765,0.33986202242592006,-32.027595514815985,tune
heat,pinn,rmsprop,0.01,3,1000,1000,2244,0.002783777542493308,0.04075955872059838,0.02088289120252392,,False,False,27.41445779800415,0.24573809215218623,0.24566934047026226,,,62.00196121462797,,,,,0.037998038785372036,-62.00196121462797,0.37163501058088133,-62.83649894191187,0.3400906258375252,-31.98187483249496,tune
heat,pinn,rmsprop,0.01,7,1000,1000,2244,0.002783777542493308,0.03444421528946005,0.01861656920458203,,False,False,26.862030029296875,0.22899199366327333,0.3422751763061134,,,59.92153845586196,,,,,0.040078461544138036,-59.92153845586196,0.8750100648003825,-12.498993519961754,0.2763148891356042,-44.73702217287916,tune
heat,pinn,rmsprop,0.01,19,1000,1000,2244,0.002783777542493308,0.0492149048876416,0.025990372400340918,,False,False,27.00580096244812,0.260369432620267,0.4597202701709359,,,55.58625268127694,,,,,0.044413747318723065,-55.58625268127694,1.0779704457508577,7.797044575085765,0.33986202242592006,-32.027595514815985,tune
heat,pinn,rmsprop,0.1,3,1000,1000,2244,0.002783777542493308,4.745647864676365,0.004083683536649048,,False,False,27.828026294708252,2.2360209979504257,1.2996110347855412,,,98.19402275411915,,,,,0.001805977245880858,-98.19402275411915,0.37163501058088133,-62.83649894191187,0.3400906258375252,-31.98187483249496,tune
heat,pinn,rmsprop,0.1,7,1000,1000,2244,0.002783777542493308,4.470387157474287,0.004191623369187646,,False,False,27.273756980895996,2.180555881061331,1.3102809732993432,,,93.21765077200173,,,,,0.006782349227998265,-93.21765077200173,0.8750100648003825,-12.498993519961754,0.2763148891356042,-44.73702217287916,tune
heat,pinn,rmsprop,0.1,19,1000,1000,2244,0.002783777542493308,3.8199240573289064,0.011697966910265959,,False,False,28.837698936462402,2.0160498564232916,1.1514779698237656,,,83.99648469712228,,,,,0.016003515302877712,-83.99648469712228,1.0779704457508577,7.797044575085765,0.33986202242592006,-32.027595514815985,tune
heat,pinn,rmsprop,1.0,3,1000,1000,2244,0.002783777542493308,419.93642550676435,30.31902263415565,,False,False,29.163032054901123,21.807069299898046,22.91930422579559,,,99.99999969002225,,,,,3.0997775151910355e-10,-99.99999969002225,0.37163501058088133,-62.83649894191187,0.3400906258375252,-31.98187483249496,tune
heat,pinn,rmsprop,1.0,7,1000,3,2244,0.002783777542493308,inf,191506398.51249346,,False,True,0.06873488426208496,inf,inf,,,99.99768487862006,,,,,2.3151213799336525e-06,-99.99768487862006,0.8750100648003825,-12.498993519961754,0.2763148891356042,-44.73702217287916,tune
heat,pinn,rmsprop,1.0,19,1000,2,2244,0.002783777542493308,inf,5842257806730.942,,False,True,0.0075931549072265625,inf,inf,,,935237.0641523232,,,,,935.3370641523233,935237.0641523232,1.0779704457508577,7.797044575085765,0.33986202242592006,-32.027595514815985,tune
heat,pinn,adam,0.001,3,1000,1000,2244,0.002783777542493308,0.023908498155367715,0.0049617882295147075,,False,False,29.683527946472168,0.23880558616797865,0.030885102477935338,,,2.827556902466805,,,,,0.0971724430975332,-2.827556902466805,0.37163501058088133,-62.83649894191187,0.3400906258375252,-31.98187483249496,tune
heat,pinn,adam,0.001,7,1000,1000,2244,0.002783777542493308,0.00568526224032094,0.0035066516743314114,,False,False,29.740133047103882,0.12652986520873188,0.06249924129730554,,,9.459822718337104,,,,,0.0905401772816629,-9.459822718337104,0.8750100648003825,-12.498993519961754,0.2763148891356042,-44.73702217287916,tune
heat,pinn,adam,0.001,19,1000,1000,2244,0.002783777542493308,0.0066793646485181395,0.004147449672441439,,False,False,27.84609293937683,0.14483758057592658,0.0701632500184906,,,12.261229925031882,,,,,0.08773877007496812,-12.261229925031882,1.0779704457508577,7.797044575085765,0.33986202242592006,-32.027595514815985,tune
heat,pinn,adam,0.01,3,1000,1000,2244,0.002783777542493308,0.001731981775252038,0.00022895872662572506,461.0,True,False,27.43413496017456,0.04050292387876655,0.014506824492905203,,,2.227144539764081,,,,,0.09777285546023592,-2.227144539764081,0.37163501058088133,-62.83649894191187,0.3400906258375252,-31.98187483249496,tune
heat,pinn,adam,0.01,7,1000,1000,2244,0.002783777542493308,0.0022883388251473745,0.00034952864262082894,522.0,True,False,27.764954805374146,0.06974200710639596,0.045146448017424415,,,3.1247250031801594,,,,,0.09687527499681985,-3.1247250031801594,0.8750100648003825,-12.498993519961754,0.2763148891356042,-44.73702217287916,tune
heat,pinn,adam,0.01,19,1000,1000,2244,0.002783777542493308,0.001368901785534916,0.00027814001067704515,642.0,True,False,27.801146030426025,0.05479518312877896,0.03474567773096937,,,5.48440070613157,,,,,0.09451559929386844,-5.48440070613157,1.0779704457508577,7.797044575085765,0.33986202242592006,-32.027595514815985,tune
heat,pinn,adam,0.1,3,1000,1000,2244,0.002783777542493308,1.0127926043150124,0.2288833614855635,,False,False,28.05405902862549,1.077940036985919,0.9912639438751092,,,78.22321382716035,,,,,0.021776786172839648,-78.22321382716035,0.37163501058088133,-62.83649894191187,0.3400906258375252,-31.98187483249496,tune
heat,pinn,adam,0.1,7,1000,1000,2244,0.002783777542493308,1.0127935841824411,0.2288834652245874,,False,False,28.434515953063965,1.0779405831795081,0.9912631510817036,,,99.52618153497964,,,,,0.0004738184650203564,-99.52618153497964,0.8750100648003825,-12.498993519961754,0.2763148891356042,-44.73702217287916,tune
heat,pinn,adam,0.1,19,1000,1000,2244,0.002783777542493308,1.0107492134483513,0.23102056655626071,,False,False,30.905709981918335,1.0773411565987785,0.9983549756515412,,,97.00765265910894,,,,,0.0029923473408910613,-97.00765265910894,1.0779704457508577,7.797044575085765,0.33986202242592006,-32.027595514815985,tune
heat,pinn,adam,1.0,3,1000,1000,2244,0.002783777542493308,0.9395872286388537,0.21918171250951743,,False,False,36.615493059158325,1.00633618347903,1.090164765742357,,,99.99937836598157,,,,,6.216340184302284e-07,-99.99937836598157,0.37163501058088133,-62.83649894191187,0.3400906258375252,-31.98187483249496,tune
heat,pinn,adam,1.0,7,1000,1000,2244,0.002783777542493308,1.0127926014957245,0.22888341644038693,,False,False,40.12603521347046,1.0779400361336169,0.9912644666294781,,,99.99936424351954,,,,,6.357564804664937e-07,-99.99936424351954,0.8750100648003825,-12.498993519961754,0.2763148891356042,-44.73702217287916,tune
heat,pinn,adam,1.0,19,1000,1000,2244,0.002783777542493308,1.013452924932891,0.3794629907470154,,False,False,42.481756925582886,1.0781410235268145,1.234093953975524,,,99.86953114958247,,,,,0.0001304688504175344,-99.86953114958247,1.0779704457508577,7.797044575085765,0.33986202242592006,-32.027595514815985,tune
heat,pinn,lbfgs,0.1,3,1000,1018,2244,0.002783777542493308,0.0011633515922315914,8.522031788353861e-05,206.0,True,False,44.46874809265137,0.030358001904677818,0.011321219256295959,,,1.977131273246141,,,,,0.09802286872675386,-1.977131273246141,0.37163501058088133,-62.83649894191187,0.3400906258375252,-31.98187483249496,tune
heat,pinn,lbfgs,0.1,7,1000,1017,2244,0.002783777542493308,0.0011403647372900333,7.177933234574522e-05,292.0,True,False,40.5749397277832,0.0261325872474744,0.003769364663920837,,,0.3239698167532279,,,,,0.09967603018324678,-0.3239698167532279,0.8750100648003825,-12.498993519961754,0.2763148891356042,-44.73702217287916,tune
heat,pinn,lbfgs,0.1,19,1000,1014,2244,0.002783777542493308,0.0011767773242607601,7.07528894528883e-05,277.0,True,False,37.98358607292175,0.02923480921595852,0.008883589430437076,,,1.452476174957834,,,,,0.09854752382504217,-1.452476174957834,1.0779704457508577,7.797044575085765,0.33986202242592006,-32.027595514815985,tune
heat,pinn,lbfgs,1.0,3,1000,1013,2244,0.002783777542493308,0.0011135212478360856,8.029336663105573e-05,134.0,True,False,40.1653790473938,0.029578962662715157,0.007483938784200172,,,1.0967806214962905,,,,,0.09890321937850372,-1.0967806214962905,0.37163501058088133,-62.83649894191187,0.3400906258375252,-31.98187483249496,tune
heat,pinn,lbfgs,1.0,7,1000,1003,2244,0.002783777542493308,0.0009785528003199515,6.48934475787917e-05,142.0,True,False,35.40415596961975,0.058889081813109284,0.008700072905048676,,,1.534012912588617,,,,,0.10153401291258862,1.534012912588617,0.8750100648003825,-12.498993519961754,0.2763148891356042,-44.73702217287916,tune
heat,pinn,lbfgs,1.0,19,1000,1010,2244,0.002783777542493308,0.0010609214979181536,6.967776674596296e-05,156.0,True,False,34.67769813537598,0.041780377612185136,0.005637880477403431,,,0.11072528545563731,,,,,0.10011072528545564,0.11072528545563731,1.0779704457508577,7.797044575085765,0.33986202242592006,-32.027595514815985,tune
heat,nn,sgd,0.001,3,1000,1000,2241,0.002783777542493308,0.9301615915463042,0.0,,False,False,5.200439929962158,1.0353148862469277,0.8495816479760268,,,,,,,,,,,,,,tune
heat,nn,sgd,0.001,7,1000,1000,2241,0.002783777542493308,0.8965018787543968,0.0,,False,False,5.008893251419067,1.0106722622050814,0.7579720918003688,,,,,,,,,,,,,,tune
heat,nn,sgd,0.001,19,1000,1000,2241,0.002783777542493308,0.9392495932074427,0.0,,False,False,4.9271697998046875,1.0418357630873212,0.9279983482960535,,,,,,,,,,,,,,tune
heat,nn,sgd,0.01,3,1000,1000,2241,0.002783777542493308,0.1242330602931336,0.0,,False,False,5.623913049697876,0.3926404892710928,0.7091318607989513,,,,,,,,,,,,,,tune
heat,nn,sgd,0.01,7,1000,1000,2241,0.002783777542493308,0.1259913673504869,0.0,,False,False,5.959046840667725,0.40767830829619955,0.715123707996523,,,,,,,,,,,,,,tune
heat,nn,sgd,0.01,19,1000,1000,2241,0.002783777542493308,0.1353362845323959,0.0,,False,False,4.079442024230957,0.399094575862809,0.6745832434167316,,,,,,,,,,,,,,tune
heat,nn,sgd,0.1,3,1000,1000,2241,0.002783777542493308,0.040955754514646996,0.0,,False,False,4.150571823120117,0.29347362683308376,0.2516374039536493,,,,,,,,,,,,,,tune
heat,nn,sgd,0.1,7,1000,1000,2241,0.002783777542493308,0.048193774316262226,0.0,,False,False,4.208439826965332,0.3280309309630585,0.6071991470553635,,,,,,,,,,,,,,tune
heat,nn,sgd,0.1,19,1000,1000,2241,0.002783777542493308,0.05203536943059558,0.0,,False,False,4.26994514465332,0.33797307250302877,0.6451841760693279,,,,,,,,,,,,,,tune
heat,nn,sgd,1.0,3,1000,6,2241,0.002783777542493308,inf,0.0,,False,True,0.01750922203063965,inf,inf,,,,,,,,,,,,,,tune
heat,nn,sgd,1.0,7,1000,7,2241,0.002783777542493308,inf,0.0,,False,True,0.014496803283691406,inf,inf,,,,,,,,,,,,,,tune
heat,nn,sgd,1.0,19,1000,8,2241,0.002783777542493308,inf,0.0,,False,True,0.029233932495117188,inf,inf,,,,,,,,,,,,,,tune
heat,nn,momentum,0.001,3,1000,1000,2241,0.002783777542493308,0.1306801960878393,0.0,,False,False,4.709890127182007,0.3978272444576357,0.72866047362507,,,,,,,,,,,,,,tune
heat,nn,momentum,0.001,7,1000,1000,2241,0.002783777542493308,0.12917522979868684,0.0,,False,False,5.0053391456604,0.4084307172022101,0.7212850883276593,,,,,,,,,,,,,,tune
heat,nn,momentum,0.001,19,1000,1000,2241,0.002783777542493308,0.14596453392130687,0.0,,False,False,4.787693023681641,0.40652763575915923,0.7170523123837417,,,,,,,,,,,,,,tune
heat,nn,momentum,0.01,3,1000,1000,2241,0.002783777542493308,0.03228138190491521,0.0,,False,False,4.690049171447754,0.2870173856271326,0.3153234035674777,,,,,,,,,,,,,,tune
heat,nn,momentum,0.01,7,1000,1000,2241,0.002783777542493308,0.05380858582859567,0.0,,False,False,4.448825836181641,0.3072315900536178,0.4324237845399467,,,,,,,,,,,,,,tune
heat,nn,momentum,0.01,19,1000,1000,2241,0.002783777542493308,0.05685597645978898,0.0,,False,False,4.595419883728027,0.3096599697041944,0.7018240273734776,,,,,,,,,,,,,,tune
heat,nn,momentum,0.1,3,1000,39,2241,0.002783777542493308,inf,0.0,,False,True,0.20117712020874023,inf,inf,,,,,,,,,,,,,,tune
heat,nn,momentum,0.1,7,1000,35,2241,0.002783777542493308,inf,0.0,,False,True,0.09639811515808105,inf,inf,,,,,,,,,,,,,,tune
heat,nn,momentum,0.1,19,1000,35,2241,0.002783777542493308,inf,0.0,,False,True,0.16005396842956543,inf,inf,,,,,,,,,,,,,,tune
heat,nn,momentum,1.0,3,1000,6,2241,0.002783777542493308,inf,0.0,,False,True,0.006453990936279297,inf,inf,,,,,,,,,,,,,,tune
heat,nn,momentum,1.0,7,1000,6,2241,0.002783777542493308,inf,0.0,,False,True,0.01825094223022461,inf,inf,,,,,,,,,,,,,,tune
heat,nn,momentum,1.0,19,1000,7,2241,0.002783777542493308,inf,0.0,,False,True,0.012640953063964844,inf,inf,,,,,,,,,,,,,,tune
heat,nn,rmsprop,0.001,3,1000,1000,2241,0.002783777542493308,0.022947479711974052,0.0,,False,False,5.148014068603516,0.2624705871105993,0.11518442174253891,,,,,,,,,,,,,,tune
heat,nn,rmsprop,0.001,7,1000,1000,2241,0.002783777542493308,0.0775941451711352,0.0,,False,False,5.781918048858643,0.3337296194056586,0.3017245140656076,,,,,,,,,,,,,,tune
heat,nn,rmsprop,0.001,19,1000,1000,2241,0.002783777542493308,0.038302680265008035,0.0,,False,False,5.647859811782837,0.3056014442720916,0.4918521954884511,,,,,,,,,,,,,,tune
heat,nn,rmsprop,0.01,3,1000,1000,2241,0.002783777542493308,0.2980604854732135,0.0,,False,False,5.9365150928497314,0.7108388989236095,0.8257995370763875,,,,,,,,,,,,,,tune
heat,nn,rmsprop,0.01,7,1000,1000,2241,0.002783777542493308,0.022637117289960148,0.0,,False,False,5.836980104446411,0.28805786044892534,0.3718836438220605,,,,,,,,,,,,,,tune
heat,nn,rmsprop,0.01,19,1000,1000,2241,0.002783777542493308,0.06298145663780572,0.0,,False,False,15.100945949554443,0.29180564266801795,0.24234213613605685,,,,,,,,,,,,,,tune
heat,nn,rmsprop,0.1,3,1000,1000,2241,0.002783777542493308,3.2023219004072456,0.0,,False,False,13.353777170181274,1.846907741819342,0.996016625939801,,,,,,,,,,,,,,tune
heat,nn,rmsprop,0.1,7,1000,1000,2241,0.002783777542493308,2.2741372951250076,0.0,,False,False,16.304297924041748,1.4818377954948185,0.973325836217667,,,,,,,,,,,,,,tune
heat,nn,rmsprop,0.1,19,1000,1000,2241,0.002783777542493308,2.1013237501860287,0.0,,False,False,17.035896062850952,1.532439555158272,1.8502184221767675,,,,,,,,,,,,,,tune
heat,nn,rmsprop,1.0,3,1000,1000,2241,0.002783777542493308,159.8745046734117,0.0,,False,False,16.92497992515564,15.571197942033637,16.141845828036132,,,,,,,,,,,,,,tune
heat,nn,rmsprop,1.0,7,1000,1000,2241,0.002783777542493308,271.1740756237406,0.0,,False,False,16.112128734588623,17.236573257268034,25.579684134464983,,,,,,,,,,,,,,tune
heat,nn,rmsprop,1.0,19,1000,1000,2241,0.002783777542493308,321.79220495970344,0.0,,False,False,16.046003818511963,18.80984261630933,19.874285703208646,,,,,,,,,,,,,,tune
heat,nn,adam,0.001,3,1000,1000,2241,0.002783777542493308,0.002120170845432363,0.0,954.0,True,False,15.891552925109863,0.1312715100229074,0.1673868089934615,,,,,,,,,,,,,,tune
heat,nn,adam,0.001,7,1000,1000,2241,0.002783777542493308,0.004975735389555425,0.0,,False,False,9.590286016464233,0.19078796200953183,0.3232111547152788,,,,,,,,,,,,,,tune
heat,nn,adam,0.001,19,1000,1000,2241,0.002783777542493308,0.0028169414152950157,0.0,,False,False,8.86763620376587,0.11362169112820934,0.34085097988608654,,,,,,,,,,,,,,tune
heat,nn,adam,0.01,3,1000,1000,2241,0.002783777542493308,0.0005951550795010756,0.0,279.0,True,False,8.172905921936035,0.09074135310421011,0.18625293274605909,,,,,,,,,,,,,,tune
heat,nn,adam,0.01,7,1000,1000,2241,0.002783777542493308,0.0007272856653467823,0.0,372.0,True,False,7.834431886672974,0.11879903765994378,0.1638129466769777,,,,,,,,,,,,,,tune
heat,nn,adam,0.01,19,1000,1000,2241,0.002783777542493308,0.0005855863885580982,0.0,362.0,True,False,8.17273497581482,0.09529261717166854,0.20451240907295754,,,,,,,,,,,,,,tune
heat,nn,adam,0.1,3,1000,1000,2241,0.002783777542493308,1.0000000000439744,0.0,,False,False,7.712281703948975,1.0766804124266738,1.0229890574183602,,,,,,,,,,,,,,tune
heat,nn,adam,0.1,7,1000,1000,2241,0.002783777542493308,0.003573359276325481,0.0,192.0,True,False,8.190836906433105,0.13829007346543085,0.396283132153908,,,,,,,,,,,,,,tune
heat,nn,adam,0.1,19,1000,1000,2241,0.002783777542493308,0.6531951853302672,0.0,,False,False,7.702234983444214,0.8472902189021153,1.109657581871054,,,,,,,,,,,,,,tune
heat,nn,adam,1.0,3,1000,1000,2241,0.002783777542493308,0.9999999999999999,0.0,,False,False,6.821143627166748,1.0766804124043707,0.8920260823168455,,,,,,,,,,,,,,tune
heat,nn,adam,1.0,7,1000,1000,2241,0.002783777542493308,1.0,0.0,,False,False,6.908095836639404,1.0766804124043727,1.1894328346603322,,,,,,,,,,,,,,tune
heat,nn,adam,1.0,19,1000,1000,2241,0.002783777542493308,1.0000001713097553,0.0,,False,False,6.847438097000122,1.07669956848717,9.404028252553646,,,,,,,,,,,,,,tune
heat,nn,lbfgs,0.1,3,1000,1012,2241,0.002783777542493308,0.00014308438057935904,0.0,216.0,True,False,10.234961032867432,0.1362554385822876,0.5575900111766012,,,,,,,,,,,,,,tune
heat,nn,lbfgs,0.1,7,1000,1016,2241,0.002783777542493308,0.0005118669439111219,0.0,216.0,True,False,10.011022806167603,0.13134647098282867,0.21650488175440422,,,,,,,,,,,,,,tune
heat,nn,lbfgs,0.1,19,1000,1009,2241,0.002783777542493308,0.00012491009502400168,0.0,207.0,True,False,9.617562055587769,0.1051574187716109,1.2167655920070102,,,,,,,,,,,,,,tune
heat,nn,lbfgs,1.0,3,1000,1002,2241,0.002783777542493308,0.00031121396382861156,0.0,124.0,True,False,11.522024154663086,0.12409255572492384,0.7218389553891257,,,,,,,,,,,,,,tune
heat,nn,lbfgs,1.0,7,1000,1019,2241,0.002783777542493308,5.962064116513013e-05,0.0,142.0,True,False,10.425121068954468,0.26292525966568703,1.742061575730527,,,,,,,,,,,,,,tune
heat,nn,lbfgs,1.0,19,1000,1016,2241,0.002783777542493308,0.00025673155765204656,0.0,143.0,True,False,8.776418924331665,0.15699158827049256,1.3526252448021931,,,,,,,,,,,,,,tune
